,MachineName,Category,EntryType,Message,Source,TimeGenerated,country,regionName,city,zip,timezone,isp
1,LAPTOP-1MKMTVPM,(0),Information,Successfully scheduled Software Protection service for re-start at 2020-11-14T11:28:59Z. Reason: RulesEngine.,Software Protection Platform Service,2020-11-14 08:41:59,India,Gujarat,Ahmedabad,380007,Asia/Kolkata,GTPL A. J. Enterprise
2,LAPTOP-1MKMTVPM,Logging/Recovery,Error,"svchost (13360,R,98) TILEREPOSITORYS-1-5-18: Error -1023 (0xfffffc01) occurred while opening logfile C:\WINDOWS\system32\config\systemprofile\AppData\Local\TileDataLayer\Database\EDB.log.",ESENT,2020-11-14 08:25:14,India,Gujarat,Ahmedabad,380007,Asia/Kolkata,GTPL A. J. Enterprise
3,LAPTOP-1MKMTVPM,Logging/Recovery,Error,"svchost (15040,R,98) TILEREPOSITORYS-1-5-18: Error -1023 (0xfffffc01) occurred while opening logfile C:\WINDOWS\system32\config\systemprofile\AppData\Local\TileDataLayer\Database\EDB.log.",ESENT,2020-11-14 08:35:10,India,Gujarat,Ahmedabad,380007,Asia/Kolkata,GTPL A. J. Enterprise
4,LAPTOP-1MKMTVPM,(0),Information,Successfully scheduled Software Protection service for re-start at 2020-11-14T11:44:38Z. Reason: RulesEngine.,Software Protection Platform Service,2020-11-14 08:45:38,India,Gujarat,Ahmedabad,380007,Asia/Kolkata,GTPL A. J. Enterprise
5,LAPTOP-1MKMTVPM,(0),Information,Successfully created restore point (Process = C:\WINDOWS\system32\svchost.exe -k netsvcs -p -s wuauserv; Description = Windows Update).,System Restore,2020-11-14 08:22:34,India,Gujarat,Ahmedabad,380007,Asia/Kolkata,GTPL A. J. Enterprise
6,LAPTOP-1MKMTVPM,(0),Information,Offline downlevel migration succeeded.,Software Protection Platform Service,2020-11-14 08:22:17,India,Gujarat,Ahmedabad,380007,Asia/Kolkata,GTPL A. J. Enterprise
7,LAPTOP-1MKMTVPM,General,Information,"Video.UI (13712,D,50) {6F733DD1-ACD6-456C-8F90-4AF0CAEC1B99}: The database [C:\Users\91635\AppData\Local\Packages\Microsoft.ZuneVideo_8wekyb3d8bbwe\LocalState\Database\anonymous\EntClientDb.edb] format version is being held back to 8920 (0x22d8) due to application parameter setting of 0x410022D8 (8920 | JET_efvAllowHigherPersistedFormat). Current default engine version: 9100 (0x238c).",ESENT,2020-11-14 07:21:31,India,Gujarat,Ahmedabad,380007,Asia/Kolkata,GTPL A. J. Enterprise
8,LAPTOP-1MKMTVPM,(0),Information,"The Software Protection service has completed licensing status check.
Application Id=0ff1ce15-a989-479d-af46-f275c6370663
Licensing Status=
1: 85dd8b5f-eaa4-4af3-a628-cce9e77c9a03, 1, 1 [(0 [0xC004E003, 0, 0], [( 2 0xC004F056 0 0 msft:rm/algorithm/volume/1.0 0x00000000 0)( 1 0x00000000)(?)( 2 0xC004F056 0 0 msft:rm/algorithm/volume/1.0 0x00000000 0)(?)(?)(?)(?)])(1 )(2 )(3 [0x00000000, 0, 0], [( 6 0xC004F009 30 0)( 1 0x00000000)( 6 0xC004F009 30 0)(?)(?)(?)( 10 0x00000000 msft:rm/algorithm/flags/1.0)( 11 0x00000000 0xC004F056)])]

",Software Protection Platform Service,2020-11-14 07:20:47,India,Gujarat,Ahmedabad,380007,Asia/Kolkata,GTPL A. J. Enterprise
9,LAPTOP-1MKMTVPM,(0),Information,Updated Quick Heal Firewall status successfully to SECURITY_PRODUCT_STATE_ON.,SecurityCenter,2020-11-14 07:20:40,India,Gujarat,Ahmedabad,380007,Asia/Kolkata,GTPL A. J. Enterprise
10,LAPTOP-1MKMTVPM,(0),Information,The winlogon notification subscriber <SessionEnv> was unavailable to handle a notification event.,Wlclntfy,2020-11-14 07:20:40,India,Gujarat,Ahmedabad,380007,Asia/Kolkata,GTPL A. J. Enterprise
11,LAPTOP-1MKMTVPM,(0),Information,Successfully scheduled Software Protection service for re-start at 2020-11-14T11:28:48Z. Reason: RulesEngine.,Software Protection Platform Service,2020-11-14 08:29:49,India,Gujarat,Ahmedabad,380007,Asia/Kolkata,GTPL A. J. Enterprise
12,LAPTOP-1MKMTVPM,(0),0,Voice Activation - Big Buffer Capture Supported,SpeechRuntime,2020-11-14 07:21:42,India,Gujarat,Ahmedabad,380007,Asia/Kolkata,GTPL A. J. Enterprise
13,LAPTOP-1MKMTVPM,Logging/Recovery,Information,"Video.UI (13712,R,98) {6F733DD1-ACD6-456C-8F90-4AF0CAEC1B99}: The database engine is initiating recovery steps.",ESENT,2020-11-14 07:21:31,India,Gujarat,Ahmedabad,380007,Asia/Kolkata,GTPL A. J. Enterprise
14,LAPTOP-1MKMTVPM,(0),Information,Offline downlevel migration succeeded.,Software Protection Platform Service,2020-11-14 08:19:59,India,Gujarat,Ahmedabad,380007,Asia/Kolkata,GTPL A. J. Enterprise
15,LAPTOP-1MKMTVPM,(0),Warning,"The rules engine reported a failed VL activation attempt.
Reason:0x8007007B
AppId = 0ff1ce15-a989-479d-af46-f275c6370663, SkuId = 85dd8b5f-eaa4-4af3-a628-cce9e77c9a03
Trigger=NetworkAvailable",Software Protection Platform Service,2020-11-14 07:49:09,India,Gujarat,Ahmedabad,380007,Asia/Kolkata,GTPL A. J. Enterprise
16,LAPTOP-1MKMTVPM,General,Information,"Video.UI (13712,D,50) {6F733DD1-ACD6-456C-8F90-4AF0CAEC1B99}: The log format feature version 8940 (0x22ec - 8.6.20) could not be used due to the current log format 8.5.16, controlled by the parameter 0x410022D8 (8920 | JET_efvAllowHigherPersistedFormat).",ESENT,2020-11-14 07:21:31,India,Gujarat,Ahmedabad,380007,Asia/Kolkata,GTPL A. J. Enterprise
17,LAPTOP-1MKMTVPM,General,Information,"Video.UI (13712,P,98) {6F733DD1-ACD6-456C-8F90-4AF0CAEC1B99}: The database engine (10.00.18363.0000) is starting a new instance (0).",ESENT,2020-11-14 07:21:31,India,Gujarat,Ahmedabad,380007,Asia/Kolkata,GTPL A. J. Enterprise
18,LAPTOP-1MKMTVPM,(0),Information,"The Software Protection service has completed licensing status check.
Application Id=0ff1ce15-a989-479d-af46-f275c6370663
Licensing Status=
1: d7279dd0-e175-49fe-a623-8fc2fc00afc4, 1, 1 [(0 )(1 )(2 )(3 [0x00000000, 0, 0], [( 6 0xC004F009 5 0)( 1 0x00000000)( 6 0xC004F009 5 0)(?)(?)(?)( 10 0x00000000 msft:rm/algorithm/flags/1.0)( 11 0x00000000 0xC004F009)])]

",Software Protection Platform Service,2020-11-14 07:20:47,India,Gujarat,Ahmedabad,380007,Asia/Kolkata,GTPL A. J. Enterprise
19,LAPTOP-1MKMTVPM,(0),Information,"The description for Event ID '0' in Source 'igfxCUIService2.0.0.0' cannot be found.  The local computer may not have the necessary registry information or message DLL files to display the message, or you may not have permission to access them.  The following information is part of the event:'Received Post Shell Event 3
'",igfxCUIService2.0.0.0,2020-11-14 07:20:40,India,Gujarat,Ahmedabad,380007,Asia/Kolkata,GTPL A. J. Enterprise
20,LAPTOP-1MKMTVPM,(0),Information,Offline downlevel migration succeeded.,Software Protection Platform Service,2020-11-14 08:41:29,India,Gujarat,Ahmedabad,380007,Asia/Kolkata,GTPL A. J. Enterprise
21,LAPTOP-1MKMTVPM,(0),Information,Service stopped.,edgeupdate,2020-11-14 07:20:54,India,Gujarat,Ahmedabad,380007,Asia/Kolkata,GTPL A. J. Enterprise
22,LAPTOP-1MKMTVPM,(0),Information,Offline downlevel migration succeeded.,Software Protection Platform Service,2020-11-14 08:45:01,India,Gujarat,Ahmedabad,380007,Asia/Kolkata,GTPL A. J. Enterprise
23,LAPTOP-1MKMTVPM,(0),Information,Skipping creation of restore point (Process = C:\WINDOWS\system32\svchost.exe -k netsvcs -p -s wuauserv; Description = Windows Update) as there is a restore point avaliable which is recent enough for System Restore.,System Restore,2020-11-14 08:41:29,India,Gujarat,Ahmedabad,380007,Asia/Kolkata,GTPL A. J. Enterprise
24,LAPTOP-1MKMTVPM,General,Information,"Video.UI (13712,D,50) {6F733DD1-ACD6-456C-8F90-4AF0CAEC1B99}: The database engine attached a database (1, C:\Users\91635\AppData\Local\Packages\Microsoft.ZuneVideo_8wekyb3d8bbwe\LocalState\Database\anonymous\EntClientDb.edb). (Time=0 seconds)



Saved Cache: 0 0

Additional Data: lgposAttach = 00000001:0181:0268,
dbv = 1568.20.0



Internal Timing Sequence: 
[1] 0.000002 +J(0)
[2] 0.000667 +J(0) +M(C:0K, Fs:28, WS:48K # 0K, PF:16K # 0K, P:16K)
[3] 0.004278 -0.000597 (5) WT +J(CM:0, PgRf:0, Rd:0/0, Dy:0/0, Lg:3480/2) +M(C:0K, Fs:52, WS:196K # 0K, PF:80K # 0K, P:80K)
[4] 0.000347 +J(0)
[5] -
[6] -
[7] -
[8] 0.000980 -0.000204 (2) CM +J(CM:2, PgRf:2, Rd:14/2, Dy:0/0, Lg:0/0) +M(C:0K, Fs:39, WS:144K # 0K, PF:124K # 0K, P:124K)
[9] 0.004755 -0.000432 (5) CM -0.004135 (1) WT +J(CM:5, PgRf:23, Rd:0/5, Dy:0/0, Lg:0/0) +M(C:0K, Fs:159, WS:632K # 0K, PF:236K # 0K, P:236K)
[10] 0.000078 -0.000003 (1) CM +J(CM:1, PgRf:40, Rd:0/1, Dy:0/0, Lg:0/0) +M(C:0K, Fs:4, WS:8K # 0K, PF:64K # 0K, P:64K)
[11] 0.000011 +J(CM:0, PgRf:1, Rd:0/0, Dy:0/0, Lg:0/0) +M(C:0K, Fs:3, WS:12K # 0K, PF:0K # 0K, P:0K)
[12] 0.000030 +J(CM:0, PgRf:42, Rd:0/0, Dy:0/0, Lg:0/0) +M(C:0K, Fs:3, WS:12K # 0K, PF:0K # 0K, P:0K)
[13] 0.0 +J(0)
[14] 0.0 +J(0)
[15] 0.000004 +J(CM:0, PgRf:1, Rd:0/0, Dy:0/0, Lg:0/0).",ESENT,2020-11-14 07:21:31,India,Gujarat,Ahmedabad,380007,Asia/Kolkata,GTPL A. J. Enterprise
25,LAPTOP-1MKMTVPM,(0),Information,"The description for Event ID '0' in Source 'gupdate' cannot be found.  The local computer may not have the necessary registry information or message DLL files to display the message, or you may not have permission to access them.  The following information is part of the event:'Service stopped'",gupdate,2020-11-14 07:20:52,India,Gujarat,Ahmedabad,380007,Asia/Kolkata,GTPL A. J. Enterprise
26,LAPTOP-1MKMTVPM,(0),Information,"The Software Protection service has completed licensing status check.
Application Id=0ff1ce15-a989-479d-af46-f275c6370663
Licensing Status=
1: 0b4e6cfa-3072-434c-b702-bd1836e6887c, 1, 0 [(0 [0xC004F014, 0, 0], [(?)(?)(?)(?)(?)(?)(?)(?)])(1 )(2 )(3 )]
2: 0bc88885-718c-491d-921f-6f214349e79c, 1, 0 [(0 [0xC004F014, 0, 0], [(?)(?)(?)(?)(?)(?)(?)(?)])(1 )(2 )(3 )]
3: 28f64a3f-cf84-46da-b1e8-2dfa7750e491, 1, 0 [(0 [0xC004F014, 0, 0], [(?)(?)(?)(?)(?)(?)(?)(?)])(1 )(2 )(3 )]
4: 4c1d1588-3088-4796-b3b2-8935f3a0d886, 1, 0 [(0 [0xC004F014, 0, 0], [(?)(?)(?)(?)(?)(?)(?)(?)])(1 )(2 )(3 )]
5: 52287aa3-9945-44d1-9046-7a3373666821, 1, 0 [(0 [0xC004F014, 0, 0], [(?)(?)(?)(?)(?)(?)(?)(?)])(1 )(2 )(3 )]
6: 537ea5b5-7d50-4876-bd38-a53a77caca32, 1, 0 [(0 [0xC004F014, 0, 0], [(?)(?)(?)(?)(?)(?)(?)(?)])(1 )(2 )(3 )]
7: 6755c7a7-4dfe-46f5-bce8-427be8e9dc62, 1, 0 [(0 [0xC004F014, 0, 0], [(?)(?)(?)(?)(?)(?)(?)(?)])(1 )(2 )(3 )]
8: 77f47589-2212-4e3b-ad27-a900ce813837, 1, 0 [(0 [0xC004F014, 0, 0], [(?)(?)(?)(?)(?)(?)(?)(?)])(1 )(2 )(3 )]
9: 7ab38a1c-a803-4ca5-8ebb-f8786c4b4faa, 1, 0 [(0 [0xC004F014, 0, 0], [(?)(?)(?)(?)(?)(?)(?)(?)])(1 )(2 )(3 )]
10: 85dd8b5f-eaa4-4af3-a628-cce9e77c9a03, 1, 1 [(0 [0xC004E003, 0, 0], [( 2 0xC004F056 0 0 msft:rm/algorithm/volume/1.0 0x00000000 0)( 1 0x00000000)(?)( 2 0xC004F056 0 0 msft:rm/algorithm/volume/1.0 0x00000000 0)(?)(?)(?)(?)])(1 )(2 )(3 [0x00000000, 0, 0], [( 6 0xC004F009 30 0)( 1 0x00000000)( 6 0xC004F009 30 0)(?)(?)(?)( 10 0x00000000 msft:rm/algorithm/flags/1.0)( 11 0x00000000 0xC004F056)])]
11: 86af9220-9d6f-4575-bef0-619a9a6aa005, 1, 0 [(0 [0xC004F014, 0, 0], [(?)(?)(?)(?)(?)(?)(?)(?)])(1 )(2 )(3 )]
12: 951c0fe6-40a8-4400-8003-eec0686ffbc4, 1, 0 [(0 [0xC004F014, 0, 0], [(?)(?)(?)(?)(?)(?)(?)(?)])(1 )(2 )(3 )]
13: 95820f84-6e8c-4d22-b2ce-54953e9911bc, 1, 0 [(0 [0xC004F014, 0, 0], [(?)(?)(?)(?)(?)(?)(?)(?)])(1 )(2 )(3 )]
14: 96353198-443e-479d-9e80-9a6d72fd1a99, 1, 0 [(0 [0xC004F014, 0, 0], [(?)(?)(?)(?)(?)(?)(?)(?)])(1 )(2 )(3 )]
15: a96f8dae-da54-4fad-bdc6-108da592707a, 1, 0 [(0 [0xC004F014, 0, 0], [(?)(?)(?)(?)(?)(?)(?)(?)])(1 )(2 )(3 )]
16: ae9d158f-9450-4a0c-8c80-dd973c58357c, 1, 0 [(0 [0xC004F014, 0, 0], [(?)(?)(?)(?)(?)(?)(?)(?)])(1 )(2 )(3 )]
17: b4af11be-5f94-4d8f-9844-ce0d5e0d8680, 1, 0 [(0 [0xC004F014, 0, 0], [(?)(?)(?)(?)(?)(?)(?)(?)])(1 )(2 )(3 )]
18: b58a5943-16ea-420f-a611-7b230acd762c, 1, 0 [(0 [0xC004F014, 0, 0], [(?)(?)(?)(?)(?)(?)(?)(?)])(1 )(2 )(3 )]
19: c85fe025-b033-4f41-936b-b121521ba1c1, 1, 0 [(0 [0xC004F014, 0, 0], [(?)(?)(?)(?)(?)(?)(?)(?)])(1 )(2 )(3 )]
20: d7279dd0-e175-49fe-a623-8fc2fc00afc4, 1, 1 [(0 )(1 )(2 )(3 [0x00000000, 0, 0], [( 6 0xC004F009 5 0)( 1 0x00000000)( 6 0xC004F009 5 0)(?)(?)(?)( 10 0x00000000 msft:rm/algorithm/flags/1.0)( 11 0x00000000 0xC004F009)])]
21: fb3540bc-a824-4c79-83da-6f6bd3ac6ccb, 1, 0 [(0 [0xC004F014, 0, 0], [(?)(?)(?)(?)(?)(?)(?)(?)])(1 )(2 )(3 )]

",Software Protection Platform Service,2020-11-14 07:20:47,India,Gujarat,Ahmedabad,380007,Asia/Kolkata,GTPL A. J. Enterprise
27,LAPTOP-1MKMTVPM,(0),Information,Duplicate definition of policy found. Policy name=AAD-WindowsCore-AddAccountRestrictions  Priority=100,Software Protection Platform Service,2020-11-14 08:31:19,India,Gujarat,Ahmedabad,380007,Asia/Kolkata,GTPL A. J. Enterprise
28,LAPTOP-1MKMTVPM,(0),Information,Scoping successfully completed for shadowcopy \\?\GLOBALROOT\Device\HarddiskVolumeShadowCopy4.,Microsoft-Windows-System-Restore,2020-11-14 08:23:05,India,Gujarat,Ahmedabad,380007,Asia/Kolkata,GTPL A. J. Enterprise
29,LAPTOP-1MKMTVPM,(0),Information,Successfully scheduled Software Protection service for re-start at 2020-11-14T10:48:46Z. Reason: RulesEngine.,Software Protection Platform Service,2020-11-14 08:19:46,India,Gujarat,Ahmedabad,380007,Asia/Kolkata,GTPL A. J. Enterprise
30,LAPTOP-1MKMTVPM,General,Information,"Video.UI (13712,D,2) {6F733DD1-ACD6-456C-8F90-4AF0CAEC1B99}: The database [C:\Users\91635\AppData\Local\Packages\Microsoft.ZuneVideo_8wekyb3d8bbwe\LocalState\Database\anonymous\tmp.edb] format version is being held back to 8920 (0x22d8) due to application parameter setting of 0x410022D8 (8920 | JET_efvAllowHigherPersistedFormat). Current default engine version: 9100 (0x238c).",ESENT,2020-11-14 07:21:31,India,Gujarat,Ahmedabad,380007,Asia/Kolkata,GTPL A. J. Enterprise
31,LAPTOP-1MKMTVPM,(0),Warning,"The rules engine reported a failed VL activation attempt.
Reason:0x8007007B
AppId = 0ff1ce15-a989-479d-af46-f275c6370663, SkuId = 85dd8b5f-eaa4-4af3-a628-cce9e77c9a03
Trigger=UserLogon(3)",Software Protection Platform Service,2020-11-14 07:20:43,India,Gujarat,Ahmedabad,380007,Asia/Kolkata,GTPL A. J. Enterprise
32,LAPTOP-1MKMTVPM,(0),Information,Updated Quick Heal Firewall status successfully to SECURITY_PRODUCT_STATE_ON.,SecurityCenter,2020-11-14 07:20:40,India,Gujarat,Ahmedabad,380007,Asia/Kolkata,GTPL A. J. Enterprise
33,LAPTOP-1MKMTVPM,(0),Information,"The VSS service is shutting down due to idle timeout.
",VSS,2020-11-14 08:44:29,India,Gujarat,Ahmedabad,380007,Asia/Kolkata,GTPL A. J. Enterprise
34,LAPTOP-1MKMTVPM,(0),Information,"These policies are being excluded since they are only defined with override-only attribute.
Policy Names=(Security-SPP-Reserved-EnableNotificationMode) 
App Id=55c92734-d682-4d71-983e-d6ec3f16059f
Sku Id=ed799377-74b8-4989-a244-14d082e65972",Software Protection Platform Service,2020-11-14 08:31:19,India,Gujarat,Ahmedabad,380007,Asia/Kolkata,GTPL A. J. Enterprise
35,LAPTOP-1MKMTVPM,(0),Information,Successfully scheduled Software Protection service for re-start at 2020-11-14T11:28:50Z. Reason: RulesEngine.,Software Protection Platform Service,2020-11-14 08:31:50,India,Gujarat,Ahmedabad,380007,Asia/Kolkata,GTPL A. J. Enterprise
36,LAPTOP-1MKMTVPM,(0),Warning,"The rules engine reported a failed VL activation attempt.
Reason:0x8007007B
AppId = 0ff1ce15-a989-479d-af46-f275c6370663, SkuId = 85dd8b5f-eaa4-4af3-a628-cce9e77c9a03
Trigger=NetworkAvailable",Software Protection Platform Service,2020-11-14 08:29:16,India,Gujarat,Ahmedabad,380007,Asia/Kolkata,GTPL A. J. Enterprise
37,LAPTOP-1MKMTVPM,(0),Information,"The description for Event ID '0' in Source 'igfxCUIService2.0.0.0' cannot be found.  The local computer may not have the necessary registry information or message DLL files to display the message, or you may not have permission to access them.  The following information is part of the event:'Log on event received User1
'",igfxCUIService2.0.0.0,2020-11-14 07:20:40,India,Gujarat,Ahmedabad,380007,Asia/Kolkata,GTPL A. J. Enterprise
38,LAPTOP-1MKMTVPM,(0),Information,Successfully scheduled Software Protection service for re-start at 2020-11-14T10:48:47Z. Reason: RulesEngine.,Software Protection Platform Service,2020-11-14 08:22:48,India,Gujarat,Ahmedabad,380007,Asia/Kolkata,GTPL A. J. Enterprise
39,LAPTOP-1MKMTVPM,(0),Warning,"The rules engine reported a failed VL activation attempt.
Reason:0x8007007B
AppId = 0ff1ce15-a989-479d-af46-f275c6370663, SkuId = 85dd8b5f-eaa4-4af3-a628-cce9e77c9a03
Trigger=NetworkQuarantineRetry",Software Protection Platform Service,2020-11-14 07:25:35,India,Gujarat,Ahmedabad,380007,Asia/Kolkata,GTPL A. J. Enterprise
40,LAPTOP-1MKMTVPM,Logging/Recovery,Information,"Video.UI (13712,R,98) {6F733DD1-ACD6-456C-8F90-4AF0CAEC1B99}: The database engine has finished replaying logfile C:\Users\91635\AppData\Local\Packages\Microsoft.ZuneVideo_8wekyb3d8bbwe\LocalState\Database\anonymous\edb.log.



Processing Stats: 
[1] 0.064291 -0.000939 (20) WT +J(CM:0, PgRf:0, Rd:0/0, Dy:0/0, Lg:1548968/5560) +M(C:0K, Fs:6854, WS:2728K # 2728K, PF:904K # 904K, P:904K).

Log record of type 'Insert   ' was seen most frequently (1873 times)",ESENT,2020-11-14 07:21:31,India,Gujarat,Ahmedabad,380007,Asia/Kolkata,GTPL A. J. Enterprise
41,LAPTOP-1MKMTVPM,(0),Information,Updated Quick Heal AntiVirus Pro status successfully to SECURITY_PRODUCT_STATE_ON.,SecurityCenter,2020-11-14 07:20:40,India,Gujarat,Ahmedabad,380007,Asia/Kolkata,GTPL A. J. Enterprise
42,LAPTOP-1MKMTVPM,(0),Information,"The description for Event ID '0' in Source 'igfxCUIService2.0.0.0' cannot be found.  The local computer may not have the necessary registry information or message DLL files to display the message, or you may not have permission to access them.  The following information is part of the event:'Logon: 3
'",igfxCUIService2.0.0.0,2020-11-14 07:20:40,India,Gujarat,Ahmedabad,380007,Asia/Kolkata,GTPL A. J. Enterprise
43,LAPTOP-1MKMTVPM,(0),Warning,"The rules engine reported a failed VL activation attempt.
Reason:0x8007007B
AppId = 0ff1ce15-a989-479d-af46-f275c6370663, SkuId = 85dd8b5f-eaa4-4af3-a628-cce9e77c9a03
Trigger=NetworkAvailable",Software Protection Platform Service,2020-11-14 08:45:08,India,Gujarat,Ahmedabad,380007,Asia/Kolkata,GTPL A. J. Enterprise
44,LAPTOP-1MKMTVPM,(0),Warning,"The rules engine reported a failed VL activation attempt.
Reason:0x8007007B
AppId = 0ff1ce15-a989-479d-af46-f275c6370663, SkuId = 85dd8b5f-eaa4-4af3-a628-cce9e77c9a03
Trigger=NetworkAvailable",Software Protection Platform Service,2020-11-14 08:45:05,India,Gujarat,Ahmedabad,380007,Asia/Kolkata,GTPL A. J. Enterprise
45,LAPTOP-1MKMTVPM,(0),Warning,"The rules engine reported a failed VL activation attempt.
Reason:0x8007007B
AppId = 0ff1ce15-a989-479d-af46-f275c6370663, SkuId = 85dd8b5f-eaa4-4af3-a628-cce9e77c9a03
Trigger=NetworkAvailable",Software Protection Platform Service,2020-11-14 08:29:18,India,Gujarat,Ahmedabad,380007,Asia/Kolkata,GTPL A. J. Enterprise
46,LAPTOP-1MKMTVPM,(0),Information,Offline downlevel migration succeeded.,Software Protection Platform Service,2020-11-14 08:29:09,India,Gujarat,Ahmedabad,380007,Asia/Kolkata,GTPL A. J. Enterprise
47,LAPTOP-1MKMTVPM,(0),Information,"The description for Event ID '0' in Source 'Firefox Default Browser Agent' cannot be found.  The local computer may not have the necessary registry information or message DLL files to display the message, or you may not have permission to access them.  The following information is part of the event:'INFO - Using remote settings URL: https://firefox.settings.services.mozilla.com/v1/buckets/main/collections/windows-default-browser-agent/records/state'",Firefox Default Browser Agent,2020-11-14 07:23:17,India,Gujarat,Ahmedabad,380007,Asia/Kolkata,GTPL A. J. Enterprise
48,LAPTOP-1MKMTVPM,General,Information,"Video.UI (13712,D,0) {6F733DD1-ACD6-456C-8F90-4AF0CAEC1B99}: The database engine started a new instance (0). (Time=0 seconds)



Additional Data:

lgposV2[] = 00000001:017D:0000 - 00000001:017E:039F - 00000001:017F:0000 - 00000001:017F:0000 (00000000:0000:0000)
cReInits = 80




Internal Timing Sequence: 
[1] 0.004095 +J(0) +M(C:0K, Fs:219, WS:840K # 840K, PF:2552K # 2616K, P:2552K)
[2] 0.000315 +J(0) +M(C:0K, Fs:152, WS:608K # 608K, PF:276K # 212K, P:276K)
[3] 0.000014 +J(0) +M(C:0K, Fs:3, WS:8K # 8K, PF:68K # 68K, P:68K)
[4] 0.000107 +J(0) +M(C:0K, Fs:31, WS:124K # 124K, PF:152K # 152K, P:152K)
[5] 0.001320 +J(0) +M(C:0K, Fs:32, WS:120K # 120K, PF:52K # 52K, P:52K)
[6] 0.001558 +J(0) +M(C:0K, Fs:124, WS:484K # 484K, PF:128K # 128K, P:128K)
[7] 0.012521 -0.000014 (9) WT +J(0) +M(C:0K, Fs:702, WS:2112K # 2112K, PF:1984K # 1984K, P:1984K)
[8] 0.066267 -0.000939 (20) WT +J(CM:0, PgRf:0, Rd:0/0, Dy:0/0, Lg:1548968/5560) +M(C:0K, Fs:7022, WS:3388K # 3388K, PF:1300K # 1300K, P:1300K)
[9] 0.000396 +J(0) +M(C:0K, Fs:16, WS:64K # 64K, PF:28K # 28K, P:28K)
[10] 0.001337 +J(0) +M(C:0K, Fs:23, WS:-1952K # 68K, PF:-2016K # 28K, P:-2016K)
[11] 0.000017 +J(CM:0, PgRf:0, Rd:0/0, Dy:0/0, Lg:49/1) +M(C:0K, Fs:2, WS:8K # 0K, PF:0K # 0K, P:0K)
[12] 0.003520 -0.003490 (1) WT +J(0) +M(C:0K, Fs:45, WS:176K # 0K, PF:40K # 0K, P:40K)
[13] 0.024408 -0.000291 (2) CM -0.015779 (19) WT +J(CM:2, PgRf:2, Rd:0/2, Dy:0/0, Lg:8759/5) +M(C:0K, Fs:946, WS:1408K # 1536K, PF:120K # 164K, P:120K)
[14] 0.000024 +J(0) +M(C:0K, Fs:2, WS:8K # 0K, PF:28K # 0K, P:28K)
[15] 0.000008 +J(0)
[16] 0.000146 +J(0) +M(C:0K, Fs:15, WS:52K # 0K, PF:12K # 0K, P:12K).",ESENT,2020-11-14 07:21:31,India,Gujarat,Ahmedabad,380007,Asia/Kolkata,GTPL A. J. Enterprise
49,LAPTOP-1MKMTVPM,General,Information,"Video.UI (13712,R,98) {6F733DD1-ACD6-456C-8F90-4AF0CAEC1B99}: The database [C:\Users\91635\AppData\Local\Packages\Microsoft.ZuneVideo_8wekyb3d8bbwe\LocalState\Database\anonymous\EntClientDb.edb] format version is being held back to 8920 (0x22d8) due to application parameter setting of 0x410022D8 (8920 | JET_efvAllowHigherPersistedFormat). Current default engine version: 9100 (0x238c).",ESENT,2020-11-14 07:21:31,India,Gujarat,Ahmedabad,380007,Asia/Kolkata,GTPL A. J. Enterprise
50,LAPTOP-1MKMTVPM,Logging/Recovery,Information,"Video.UI (13712,R,98) {6F733DD1-ACD6-456C-8F90-4AF0CAEC1B99}: Replay of a Create for database ""C:\Users\91635\AppData\Local\Packages\Microsoft.ZuneVideo_8wekyb3d8bbwe\LocalState\Database\anonymous\EntClientDb.edb"" at log position (00000001,0001,0268) was deferred due to AttachFuture.  Additional information:",ESENT,2020-11-14 07:21:31,India,Gujarat,Ahmedabad,380007,Asia/Kolkata,GTPL A. J. Enterprise
51,LAPTOP-1MKMTVPM,(0),Information,"The Software Protection service has completed licensing status check.
Application Id=0ff1ce15-a989-479d-af46-f275c6370663
Licensing Status=
1: 85dd8b5f-eaa4-4af3-a628-cce9e77c9a03, 1, 1 [(0 [0xC004E003, 0, 0], [( 2 0xC004F056 0 0 msft:rm/algorithm/volume/1.0 0x00000000 0)( 1 0x00000000)(?)( 2 0xC004F056 0 0 msft:rm/algorithm/volume/1.0 0x00000000 0)(?)(?)(?)(?)])(1 )(2 )(3 [0x00000000, 0, 0], [( 6 0xC004F009 30 0)( 1 0x00000000)( 6 0xC004F009 30 0)(?)(?)(?)( 10 0x00000000 msft:rm/algorithm/flags/1.0)( 11 0x00000000 0xC004F056)])]

",Software Protection Platform Service,2020-11-14 07:20:47,India,Gujarat,Ahmedabad,380007,Asia/Kolkata,GTPL A. J. Enterprise
52,LAPTOP-1MKMTVPM,(0),Information,Ending session 3 started 2020-11-14T09:39:35.015777500Z.,Microsoft-Windows-RestartManager,2020-11-14 08:39:35,India,Gujarat,Ahmedabad,380007,Asia/Kolkata,GTPL A. J. Enterprise
53,LAPTOP-1MKMTVPM,(0),Information,Starting session 3 - 2020-11-14T09:39:35.015777500Z.,Microsoft-Windows-RestartManager,2020-11-14 08:39:35,India,Gujarat,Ahmedabad,380007,Asia/Kolkata,GTPL A. J. Enterprise
54,LAPTOP-1MKMTVPM,(0),Information,Successfully scheduled Software Protection service for re-start at 2020-11-14T10:48:29Z. Reason: RulesEngine.,Software Protection Platform Service,2020-11-14 08:20:29,India,Gujarat,Ahmedabad,380007,Asia/Kolkata,GTPL A. J. Enterprise
55,LAPTOP-1MKMTVPM,(0),Information,"The description for Event ID '0' in Source 'Firefox Default Browser Agent' cannot be found.  The local computer may not have the necessary registry information or message DLL files to display the message, or you may not have permission to access them.  The following information is part of the event:'INFO - Using HTTP backend wininet.dll'",Firefox Default Browser Agent,2020-11-14 07:23:17,India,Gujarat,Ahmedabad,380007,Asia/Kolkata,GTPL A. J. Enterprise
56,LAPTOP-1MKMTVPM,Logging/Recovery,Information,"Video.UI (13712,U,98) {6F733DD1-ACD6-456C-8F90-4AF0CAEC1B99}: The database engine has successfully completed recovery steps.",ESENT,2020-11-14 07:21:31,India,Gujarat,Ahmedabad,380007,Asia/Kolkata,GTPL A. J. Enterprise
57,LAPTOP-1MKMTVPM,(0),Information,Updated Quick Heal AntiVirus Pro status successfully to SECURITY_PRODUCT_STATE_ON.,SecurityCenter,2020-11-14 07:20:40,India,Gujarat,Ahmedabad,380007,Asia/Kolkata,GTPL A. J. Enterprise
58,LAPTOP-1MKMTVPM,(0),Information,Duplicate definition of policy found. Policy name=Security-SPP-WriteWauMarker  Priority=500,Software Protection Platform Service,2020-11-14 08:31:19,India,Gujarat,Ahmedabad,380007,Asia/Kolkata,GTPL A. J. Enterprise
59,LAPTOP-1MKMTVPM,(0),Information,"The Software Protection service has completed licensing status check.
Application Id=0ff1ce15-a989-479d-af46-f275c6370663
Licensing Status=
1: 0b4e6cfa-3072-434c-b702-bd1836e6887c, 1, 0 [(0 [0xC004F014, 0, 0], [(?)(?)(?)(?)(?)(?)(?)(?)])(1 )(2 )(3 )]
2: 0bc88885-718c-491d-921f-6f214349e79c, 1, 0 [(0 [0xC004F014, 0, 0], [(?)(?)(?)(?)(?)(?)(?)(?)])(1 )(2 )(3 )]
3: 28f64a3f-cf84-46da-b1e8-2dfa7750e491, 1, 0 [(0 [0xC004F014, 0, 0], [(?)(?)(?)(?)(?)(?)(?)(?)])(1 )(2 )(3 )]
4: 4c1d1588-3088-4796-b3b2-8935f3a0d886, 1, 0 [(0 [0xC004F014, 0, 0], [(?)(?)(?)(?)(?)(?)(?)(?)])(1 )(2 )(3 )]
5: 52287aa3-9945-44d1-9046-7a3373666821, 1, 0 [(0 [0xC004F014, 0, 0], [(?)(?)(?)(?)(?)(?)(?)(?)])(1 )(2 )(3 )]
6: 537ea5b5-7d50-4876-bd38-a53a77caca32, 1, 0 [(0 [0xC004F014, 0, 0], [(?)(?)(?)(?)(?)(?)(?)(?)])(1 )(2 )(3 )]
7: 6755c7a7-4dfe-46f5-bce8-427be8e9dc62, 1, 0 [(0 [0xC004F014, 0, 0], [(?)(?)(?)(?)(?)(?)(?)(?)])(1 )(2 )(3 )]
8: 77f47589-2212-4e3b-ad27-a900ce813837, 1, 0 [(0 [0xC004F014, 0, 0], [(?)(?)(?)(?)(?)(?)(?)(?)])(1 )(2 )(3 )]
9: 7ab38a1c-a803-4ca5-8ebb-f8786c4b4faa, 1, 0 [(0 [0xC004F014, 0, 0], [(?)(?)(?)(?)(?)(?)(?)(?)])(1 )(2 )(3 )]
10: 85dd8b5f-eaa4-4af3-a628-cce9e77c9a03, 1, 1 [(0 [0xC004E003, 0, 0], [( 2 0xC004F056 0 0 msft:rm/algorithm/volume/1.0 0x00000000 0)( 1 0x00000000)(?)( 2 0xC004F056 0 0 msft:rm/algorithm/volume/1.0 0x00000000 0)(?)(?)(?)(?)])(1 )(2 )(3 [0x00000000, 0, 0], [( 6 0xC004F009 30 0)( 1 0x00000000)( 6 0xC004F009 30 0)(?)(?)(?)( 10 0x00000000 msft:rm/algorithm/flags/1.0)( 11 0x00000000 0xC004F056)])]
11: 86af9220-9d6f-4575-bef0-619a9a6aa005, 1, 0 [(0 [0xC004F014, 0, 0], [(?)(?)(?)(?)(?)(?)(?)(?)])(1 )(2 )(3 )]
12: 951c0fe6-40a8-4400-8003-eec0686ffbc4, 1, 0 [(0 [0xC004F014, 0, 0], [(?)(?)(?)(?)(?)(?)(?)(?)])(1 )(2 )(3 )]
13: 95820f84-6e8c-4d22-b2ce-54953e9911bc, 1, 0 [(0 [0xC004F014, 0, 0], [(?)(?)(?)(?)(?)(?)(?)(?)])(1 )(2 )(3 )]
14: 96353198-443e-479d-9e80-9a6d72fd1a99, 1, 0 [(0 [0xC004F014, 0, 0], [(?)(?)(?)(?)(?)(?)(?)(?)])(1 )(2 )(3 )]
15: a96f8dae-da54-4fad-bdc6-108da592707a, 1, 0 [(0 [0xC004F014, 0, 0], [(?)(?)(?)(?)(?)(?)(?)(?)])(1 )(2 )(3 )]
16: ae9d158f-9450-4a0c-8c80-dd973c58357c, 1, 0 [(0 [0xC004F014, 0, 0], [(?)(?)(?)(?)(?)(?)(?)(?)])(1 )(2 )(3 )]
17: b4af11be-5f94-4d8f-9844-ce0d5e0d8680, 1, 0 [(0 [0xC004F014, 0, 0], [(?)(?)(?)(?)(?)(?)(?)(?)])(1 )(2 )(3 )]
18: b58a5943-16ea-420f-a611-7b230acd762c, 1, 0 [(0 [0xC004F014, 0, 0], [(?)(?)(?)(?)(?)(?)(?)(?)])(1 )(2 )(3 )]
19: c85fe025-b033-4f41-936b-b121521ba1c1, 1, 0 [(0 [0xC004F014, 0, 0], [(?)(?)(?)(?)(?)(?)(?)(?)])(1 )(2 )(3 )]
20: d7279dd0-e175-49fe-a623-8fc2fc00afc4, 1, 1 [(0 )(1 )(2 )(3 [0x00000000, 0, 0], [( 6 0xC004F009 5 0)( 1 0x00000000)( 6 0xC004F009 5 0)(?)(?)(?)( 10 0x00000000 msft:rm/algorithm/flags/1.0)( 11 0x00000000 0xC004F009)])]
21: fb3540bc-a824-4c79-83da-6f6bd3ac6ccb, 1, 0 [(0 [0xC004F014, 0, 0], [(?)(?)(?)(?)(?)(?)(?)(?)])(1 )(2 )(3 )]

",Software Protection Platform Service,2020-11-14 07:20:48,India,Gujarat,Ahmedabad,380007,Asia/Kolkata,GTPL A. J. Enterprise
60,LAPTOP-1MKMTVPM,(0),Information,Offline downlevel migration succeeded.,Software Protection Platform Service,2020-11-14 08:31:18,India,Gujarat,Ahmedabad,380007,Asia/Kolkata,GTPL A. J. Enterprise
61,LAPTOP-1MKMTVPM,(0),Information,"The description for Event ID '3' in Source 'iBtSiva' cannot be found.  The local computer may not have the necessary registry information or message DLL files to display the message, or you may not have permission to access them.  The following information is part of the event:'iBtSiva', 'Siva worker elapsed'",iBtSiva,2020-11-14 07:21:18,India,Gujarat,Ahmedabad,380007,Asia/Kolkata,GTPL A. J. Enterprise
62,LAPTOP-1MKMTVPM,(0),Information,"The VSS service is shutting down due to idle timeout.
",VSS,2020-11-14 08:25:51,India,Gujarat,Ahmedabad,380007,Asia/Kolkata,GTPL A. J. Enterprise
63,LAPTOP-1MKMTVPM,(0),Information,Scoping completed for shadowcopy \\?\GLOBALROOT\Device\HarddiskVolumeShadowCopy4.,Microsoft-Windows-System-Restore,2020-11-14 08:23:05,India,Gujarat,Ahmedabad,380007,Asia/Kolkata,GTPL A. J. Enterprise
64,LAPTOP-1MKMTVPM,(0),Information,Scoping started for shadowcopy \\?\GLOBALROOT\Device\HarddiskVolumeShadowCopy4.,Microsoft-Windows-System-Restore,2020-11-14 08:22:45,India,Gujarat,Ahmedabad,380007,Asia/Kolkata,GTPL A. J. Enterprise
65,LAPTOP-1MKMTVPM,(0),Warning,"The rules engine reported a failed VL activation attempt.
Reason:0x8007007B
AppId = 0ff1ce15-a989-479d-af46-f275c6370663, SkuId = 85dd8b5f-eaa4-4af3-a628-cce9e77c9a03
Trigger=TimerEvent",Software Protection Platform Service,2020-11-14 07:20:28,India,Gujarat,Ahmedabad,380007,Asia/Kolkata,GTPL A. J. Enterprise
66,LAPTOP-1MKMTVPM,(0),Information,"The description for Event ID '1' in Source 'iBtSiva' cannot be found.  The local computer may not have the necessary registry information or message DLL files to display the message, or you may not have permission to access them.  The following information is part of the event:'iBtSiva', 'Siva worker starting'",iBtSiva,2020-11-14 07:20:18,India,Gujarat,Ahmedabad,380007,Asia/Kolkata,GTPL A. J. Enterprise
67,LAPTOP-1MKMTVPM,(0),Information,"The Software Protection service has completed licensing status check.
Application Id=0ff1ce15-a989-479d-af46-f275c6370663
Licensing Status=
1: 85dd8b5f-eaa4-4af3-a628-cce9e77c9a03, 1, 1 [(0 [0xC004E003, 0, 0], [( 2 0xC004F056 0 0 msft:rm/algorithm/volume/1.0 0x00000000 0)( 1 0x00000000)(?)( 2 0xC004F056 0 0 msft:rm/algorithm/volume/1.0 0x00000000 0)(?)(?)(?)(?)])(1 )(2 )(3 [0x00000000, 0, 0], [( 6 0xC004F009 30 0)( 1 0x00000000)( 6 0xC004F009 30 0)(?)(?)(?)( 10 0x00000000 msft:rm/algorithm/flags/1.0)( 11 0x00000000 0xC004F056)])]

",Software Protection Platform Service,2020-11-14 18:11:40,India,Gujarat,Ahmedabad,380007,Asia/Kolkata,GTPL A. J. Enterprise
68,LAPTOP-1MKMTVPM,(0),Information,"The rules engine successfully re-evaluated the schedule.
Kernel policies:
Security-SPP-Action-StateData (REG_SZ) =AppId=55c92734-d682-4d71-983e-d6ec3f16059f;LastConsumptionReason=0x4004f401;LastNotificationId=Cleanup;LicenseState=SL_LICENSING_STATUS_LICENSED;PartialProductKey=8HVYP;ProductKeyType=OEM:DM;SkuId=ed799377-74b8-4989-a244-14d082e65972;ruleId=379cccfb-d4e0-48fe-b0f2-0136097be147;uxDifferentiator=OEM_DM",Software Protection Platform Service,2020-11-14 18:07:03,India,Gujarat,Ahmedabad,380007,Asia/Kolkata,GTPL A. J. Enterprise
69,LAPTOP-1MKMTVPM,(0),Warning,"The rules engine reported a failed VL activation attempt.
Reason:0x8007007B
AppId = 0ff1ce15-a989-479d-af46-f275c6370663, SkuId = 85dd8b5f-eaa4-4af3-a628-cce9e77c9a03
Trigger=NetworkAvailable",Software Protection Platform Service,2020-11-14 07:20:34,India,Gujarat,Ahmedabad,380007,Asia/Kolkata,GTPL A. J. Enterprise
70,LAPTOP-1MKMTVPM,(0),Information,Offline downlevel migration succeeded.,Software Protection Platform Service,2020-11-14 07:20:27,India,Gujarat,Ahmedabad,380007,Asia/Kolkata,GTPL A. J. Enterprise
71,LAPTOP-1MKMTVPM,(0),Information,The winlogon notification subscriber <WSearch> was unavailable to handle a notification event.,Wlclntfy,2020-11-14 18:19:55,India,Gujarat,Ahmedabad,380007,Asia/Kolkata,GTPL A. J. Enterprise
72,LAPTOP-1MKMTVPM,(0),Information,Duplicate definition of policy found. Policy name=Security-SPP-WriteWauMarker  Priority=500,Software Protection Platform Service,2020-11-14 18:07:01,India,Gujarat,Ahmedabad,380007,Asia/Kolkata,GTPL A. J. Enterprise
73,LAPTOP-1MKMTVPM,(0),Information,"The Software Protection service has completed licensing status check.
Application Id=0ff1ce15-a989-479d-af46-f275c6370663
Licensing Status=
1: 0b4e6cfa-3072-434c-b702-bd1836e6887c, 1, 0 [(0 [0xC004F014, 0, 0], [(?)(?)(?)(?)(?)(?)(?)(?)])(1 )(2 )(3 )]
2: 0bc88885-718c-491d-921f-6f214349e79c, 1, 0 [(0 [0xC004F014, 0, 0], [(?)(?)(?)(?)(?)(?)(?)(?)])(1 )(2 )(3 )]
3: 28f64a3f-cf84-46da-b1e8-2dfa7750e491, 1, 0 [(0 [0xC004F014, 0, 0], [(?)(?)(?)(?)(?)(?)(?)(?)])(1 )(2 )(3 )]
4: 4c1d1588-3088-4796-b3b2-8935f3a0d886, 1, 0 [(0 [0xC004F014, 0, 0], [(?)(?)(?)(?)(?)(?)(?)(?)])(1 )(2 )(3 )]
5: 52287aa3-9945-44d1-9046-7a3373666821, 1, 0 [(0 [0xC004F014, 0, 0], [(?)(?)(?)(?)(?)(?)(?)(?)])(1 )(2 )(3 )]
6: 537ea5b5-7d50-4876-bd38-a53a77caca32, 1, 0 [(0 [0xC004F014, 0, 0], [(?)(?)(?)(?)(?)(?)(?)(?)])(1 )(2 )(3 )]
7: 6755c7a7-4dfe-46f5-bce8-427be8e9dc62, 1, 0 [(0 [0xC004F014, 0, 0], [(?)(?)(?)(?)(?)(?)(?)(?)])(1 )(2 )(3 )]
8: 77f47589-2212-4e3b-ad27-a900ce813837, 1, 0 [(0 [0xC004F014, 0, 0], [(?)(?)(?)(?)(?)(?)(?)(?)])(1 )(2 )(3 )]
9: 7ab38a1c-a803-4ca5-8ebb-f8786c4b4faa, 1, 0 [(0 [0xC004F014, 0, 0], [(?)(?)(?)(?)(?)(?)(?)(?)])(1 )(2 )(3 )]
10: 85dd8b5f-eaa4-4af3-a628-cce9e77c9a03, 1, 1 [(0 [0xC004E003, 0, 0], [( 2 0xC004F056 0 0 msft:rm/algorithm/volume/1.0 0x00000000 0)( 1 0x00000000)(?)( 2 0xC004F056 0 0 msft:rm/algorithm/volume/1.0 0x00000000 0)(?)(?)(?)(?)])(1 )(2 )(3 [0x00000000, 0, 0], [( 6 0xC004F009 30 0)( 1 0x00000000)( 6 0xC004F009 30 0)(?)(?)(?)( 10 0x00000000 msft:rm/algorithm/flags/1.0)( 11 0x00000000 0xC004F056)])]
11: 86af9220-9d6f-4575-bef0-619a9a6aa005, 1, 0 [(0 [0xC004F014, 0, 0], [(?)(?)(?)(?)(?)(?)(?)(?)])(1 )(2 )(3 )]
12: 951c0fe6-40a8-4400-8003-eec0686ffbc4, 1, 0 [(0 [0xC004F014, 0, 0], [(?)(?)(?)(?)(?)(?)(?)(?)])(1 )(2 )(3 )]
13: 95820f84-6e8c-4d22-b2ce-54953e9911bc, 1, 0 [(0 [0xC004F014, 0, 0], [(?)(?)(?)(?)(?)(?)(?)(?)])(1 )(2 )(3 )]
14: 96353198-443e-479d-9e80-9a6d72fd1a99, 1, 0 [(0 [0xC004F014, 0, 0], [(?)(?)(?)(?)(?)(?)(?)(?)])(1 )(2 )(3 )]
15: a96f8dae-da54-4fad-bdc6-108da592707a, 1, 0 [(0 [0xC004F014, 0, 0], [(?)(?)(?)(?)(?)(?)(?)(?)])(1 )(2 )(3 )]
16: ae9d158f-9450-4a0c-8c80-dd973c58357c, 1, 0 [(0 [0xC004F014, 0, 0], [(?)(?)(?)(?)(?)(?)(?)(?)])(1 )(2 )(3 )]
17: b4af11be-5f94-4d8f-9844-ce0d5e0d8680, 1, 0 [(0 [0xC004F014, 0, 0], [(?)(?)(?)(?)(?)(?)(?)(?)])(1 )(2 )(3 )]
18: b58a5943-16ea-420f-a611-7b230acd762c, 1, 0 [(0 [0xC004F014, 0, 0], [(?)(?)(?)(?)(?)(?)(?)(?)])(1 )(2 )(3 )]
19: c85fe025-b033-4f41-936b-b121521ba1c1, 1, 0 [(0 [0xC004F014, 0, 0], [(?)(?)(?)(?)(?)(?)(?)(?)])(1 )(2 )(3 )]
20: d7279dd0-e175-49fe-a623-8fc2fc00afc4, 1, 1 [(0 )(1 )(2 )(3 [0x00000000, 0, 0], [( 6 0xC004F009 5 0)( 1 0x00000000)( 6 0xC004F009 5 0)(?)(?)(?)( 10 0x00000000 msft:rm/algorithm/flags/1.0)( 11 0x00000000 0xC004F009)])]
21: fb3540bc-a824-4c79-83da-6f6bd3ac6ccb, 1, 0 [(0 [0xC004F014, 0, 0], [(?)(?)(?)(?)(?)(?)(?)(?)])(1 )(2 )(3 )]

",Software Protection Platform Service,2020-11-14 17:52:05,India,Gujarat,Ahmedabad,380007,Asia/Kolkata,GTPL A. J. Enterprise
74,LAPTOP-1MKMTVPM,(0),Information,"The rules engine successfully re-evaluated the schedule.
Kernel policies:
Security-SPP-Action-StateData (REG_SZ) =AppId=55c92734-d682-4d71-983e-d6ec3f16059f;LastConsumptionReason=0x4004f401;LastNotificationId=Cleanup;LicenseState=SL_LICENSING_STATUS_LICENSED;PartialProductKey=8HVYP;ProductKeyType=OEM:DM;SkuId=ed799377-74b8-4989-a244-14d082e65972;ruleId=379cccfb-d4e0-48fe-b0f2-0136097be147;uxDifferentiator=OEM_DM",Software Protection Platform Service,2020-11-14 18:07:03,India,Gujarat,Ahmedabad,380007,Asia/Kolkata,GTPL A. J. Enterprise
75,LAPTOP-1MKMTVPM,Logging/Recovery,Error,"svchost (14716,R,98) TILEREPOSITORYS-1-5-18: Error -1023 (0xfffffc01) occurred while opening logfile C:\WINDOWS\system32\config\systemprofile\AppData\Local\TileDataLayer\Database\EDB.log.",ESENT,2020-11-14 18:06:23,India,Gujarat,Ahmedabad,380007,Asia/Kolkata,GTPL A. J. Enterprise
76,LAPTOP-1MKMTVPM,(0),Information,Offline downlevel migration succeeded.,Software Protection Platform Service,2020-11-14 17:52:04,India,Gujarat,Ahmedabad,380007,Asia/Kolkata,GTPL A. J. Enterprise
77,LAPTOP-1MKMTVPM,(0),Information,Duplicate definition of policy found. Policy name=AAD-WindowsCore-AddAccountRestrictions  Priority=100,Software Protection Platform Service,2020-11-14 18:07:01,India,Gujarat,Ahmedabad,380007,Asia/Kolkata,GTPL A. J. Enterprise
78,LAPTOP-1MKMTVPM,Logging/Recovery,Error,"svchost (15288,R,98) TILEREPOSITORYS-1-5-18: Error -1023 (0xfffffc01) occurred while opening logfile C:\WINDOWS\system32\config\systemprofile\AppData\Local\TileDataLayer\Database\EDB.log.",ESENT,2020-11-14 17:55:08,India,Gujarat,Ahmedabad,380007,Asia/Kolkata,GTPL A. J. Enterprise
79,LAPTOP-1MKMTVPM,(0),Information,"The Software Protection service has completed licensing status check.
Application Id=0ff1ce15-a989-479d-af46-f275c6370663
Licensing Status=
1: d7279dd0-e175-49fe-a623-8fc2fc00afc4, 1, 1 [(0 )(1 )(2 )(3 [0x00000000, 0, 0], [( 6 0xC004F009 5 0)( 1 0x00000000)( 6 0xC004F009 5 0)(?)(?)(?)( 10 0x00000000 msft:rm/algorithm/flags/1.0)( 11 0x00000000 0xC004F009)])]

",Software Protection Platform Service,2020-11-14 17:52:05,India,Gujarat,Ahmedabad,380007,Asia/Kolkata,GTPL A. J. Enterprise
80,LAPTOP-1MKMTVPM,General,Information,"Video.UI (15124,D,50) {AE2224E5-1EDD-49FB-A244-CD807E3153D4}: The database [C:\Users\91635\AppData\Local\Packages\Microsoft.ZuneVideo_8wekyb3d8bbwe\LocalState\Database\anonymous\EntClientDb.edb] format version is being held back to 8920 (0x22d8) due to application parameter setting of 0x410022D8 (8920 | JET_efvAllowHigherPersistedFormat). Current default engine version: 9100 (0x238c).",ESENT,2020-11-14 17:45:45,India,Gujarat,Ahmedabad,380007,Asia/Kolkata,GTPL A. J. Enterprise
81,LAPTOP-1MKMTVPM,(0),Information,The winlogon notification subscriber <SessionEnv> was unavailable to handle a critical notification event.,Wlclntfy,2020-11-14 07:20:40,India,Gujarat,Ahmedabad,380007,Asia/Kolkata,GTPL A. J. Enterprise
82,LAPTOP-1MKMTVPM,(0),Information,"The description for Event ID '0' in Source 'igfxCUIService2.0.0.0' cannot be found.  The local computer may not have the necessary registry information or message DLL files to display the message, or you may not have permission to access them.  The following information is part of the event:' Logoff: 2
'",igfxCUIService2.0.0.0,2020-11-14 18:19:55,India,Gujarat,Ahmedabad,380007,Asia/Kolkata,GTPL A. J. Enterprise
83,LAPTOP-1MKMTVPM,(0),Information,Updated Quick Heal AntiVirus Pro status successfully to SECURITY_PRODUCT_STATE_ON.,SecurityCenter,2020-11-14 18:16:51,India,Gujarat,Ahmedabad,380007,Asia/Kolkata,GTPL A. J. Enterprise
84,LAPTOP-1MKMTVPM,(0),Information,Offline downlevel migration succeeded.,Software Protection Platform Service,2020-11-14 17:58:45,India,Gujarat,Ahmedabad,380007,Asia/Kolkata,GTPL A. J. Enterprise
85,LAPTOP-1MKMTVPM,(0),Information,Offline downlevel migration succeeded.,Software Protection Platform Service,2020-11-14 18:06:53,India,Gujarat,Ahmedabad,380007,Asia/Kolkata,GTPL A. J. Enterprise
86,LAPTOP-1MKMTVPM,General,Information,"Video.UI (15124,P,98) {AE2224E5-1EDD-49FB-A244-CD807E3153D4}: The database engine (10.00.18363.0000) is starting a new instance (0).",ESENT,2020-11-14 17:45:45,India,Gujarat,Ahmedabad,380007,Asia/Kolkata,GTPL A. J. Enterprise
87,LAPTOP-1MKMTVPM,(0),Information,"The description for Event ID '3' in Source 'iBtSiva' cannot be found.  The local computer may not have the necessary registry information or message DLL files to display the message, or you may not have permission to access them.  The following information is part of the event:'iBtSiva', 'Siva worker elapsed'",iBtSiva,2020-11-14 17:45:44,India,Gujarat,Ahmedabad,380007,Asia/Kolkata,GTPL A. J. Enterprise
88,LAPTOP-1MKMTVPM,(0),Information,The Desktop Window Manager has registered the session port.,Desktop Window Manager,2020-11-14 18:19:54,India,Gujarat,Ahmedabad,380007,Asia/Kolkata,GTPL A. J. Enterprise
89,LAPTOP-1MKMTVPM,(0),Information,Updated Quick Heal Firewall status successfully to SECURITY_PRODUCT_STATE_ON.,SecurityCenter,2020-11-14 18:16:51,India,Gujarat,Ahmedabad,380007,Asia/Kolkata,GTPL A. J. Enterprise
90,LAPTOP-1MKMTVPM,(0),Information,"The Software Protection service has completed licensing status check.
Application Id=0ff1ce15-a989-479d-af46-f275c6370663
Licensing Status=
1: 0b4e6cfa-3072-434c-b702-bd1836e6887c, 1, 0 [(0 [0xC004F014, 0, 0], [(?)(?)(?)(?)(?)(?)(?)(?)])(1 )(2 )(3 )]
2: 0bc88885-718c-491d-921f-6f214349e79c, 1, 0 [(0 [0xC004F014, 0, 0], [(?)(?)(?)(?)(?)(?)(?)(?)])(1 )(2 )(3 )]
3: 28f64a3f-cf84-46da-b1e8-2dfa7750e491, 1, 0 [(0 [0xC004F014, 0, 0], [(?)(?)(?)(?)(?)(?)(?)(?)])(1 )(2 )(3 )]
4: 4c1d1588-3088-4796-b3b2-8935f3a0d886, 1, 0 [(0 [0xC004F014, 0, 0], [(?)(?)(?)(?)(?)(?)(?)(?)])(1 )(2 )(3 )]
5: 52287aa3-9945-44d1-9046-7a3373666821, 1, 0 [(0 [0xC004F014, 0, 0], [(?)(?)(?)(?)(?)(?)(?)(?)])(1 )(2 )(3 )]
6: 537ea5b5-7d50-4876-bd38-a53a77caca32, 1, 0 [(0 [0xC004F014, 0, 0], [(?)(?)(?)(?)(?)(?)(?)(?)])(1 )(2 )(3 )]
7: 6755c7a7-4dfe-46f5-bce8-427be8e9dc62, 1, 0 [(0 [0xC004F014, 0, 0], [(?)(?)(?)(?)(?)(?)(?)(?)])(1 )(2 )(3 )]
8: 77f47589-2212-4e3b-ad27-a900ce813837, 1, 0 [(0 [0xC004F014, 0, 0], [(?)(?)(?)(?)(?)(?)(?)(?)])(1 )(2 )(3 )]
9: 7ab38a1c-a803-4ca5-8ebb-f8786c4b4faa, 1, 0 [(0 [0xC004F014, 0, 0], [(?)(?)(?)(?)(?)(?)(?)(?)])(1 )(2 )(3 )]
10: 85dd8b5f-eaa4-4af3-a628-cce9e77c9a03, 1, 1 [(0 [0xC004E003, 0, 0], [( 2 0xC004F056 0 0 msft:rm/algorithm/volume/1.0 0x00000000 0)( 1 0x00000000)(?)( 2 0xC004F056 0 0 msft:rm/algorithm/volume/1.0 0x00000000 0)(?)(?)(?)(?)])(1 )(2 )(3 [0x00000000, 0, 0], [( 6 0xC004F009 30 0)( 1 0x00000000)( 6 0xC004F009 30 0)(?)(?)(?)( 10 0x00000000 msft:rm/algorithm/flags/1.0)( 11 0x00000000 0xC004F056)])]
11: 86af9220-9d6f-4575-bef0-619a9a6aa005, 1, 0 [(0 [0xC004F014, 0, 0], [(?)(?)(?)(?)(?)(?)(?)(?)])(1 )(2 )(3 )]
12: 951c0fe6-40a8-4400-8003-eec0686ffbc4, 1, 0 [(0 [0xC004F014, 0, 0], [(?)(?)(?)(?)(?)(?)(?)(?)])(1 )(2 )(3 )]
13: 95820f84-6e8c-4d22-b2ce-54953e9911bc, 1, 0 [(0 [0xC004F014, 0, 0], [(?)(?)(?)(?)(?)(?)(?)(?)])(1 )(2 )(3 )]
14: 96353198-443e-479d-9e80-9a6d72fd1a99, 1, 0 [(0 [0xC004F014, 0, 0], [(?)(?)(?)(?)(?)(?)(?)(?)])(1 )(2 )(3 )]
15: a96f8dae-da54-4fad-bdc6-108da592707a, 1, 0 [(0 [0xC004F014, 0, 0], [(?)(?)(?)(?)(?)(?)(?)(?)])(1 )(2 )(3 )]
16: ae9d158f-9450-4a0c-8c80-dd973c58357c, 1, 0 [(0 [0xC004F014, 0, 0], [(?)(?)(?)(?)(?)(?)(?)(?)])(1 )(2 )(3 )]
17: b4af11be-5f94-4d8f-9844-ce0d5e0d8680, 1, 0 [(0 [0xC004F014, 0, 0], [(?)(?)(?)(?)(?)(?)(?)(?)])(1 )(2 )(3 )]
18: b58a5943-16ea-420f-a611-7b230acd762c, 1, 0 [(0 [0xC004F014, 0, 0], [(?)(?)(?)(?)(?)(?)(?)(?)])(1 )(2 )(3 )]
19: c85fe025-b033-4f41-936b-b121521ba1c1, 1, 0 [(0 [0xC004F014, 0, 0], [(?)(?)(?)(?)(?)(?)(?)(?)])(1 )(2 )(3 )]
20: d7279dd0-e175-49fe-a623-8fc2fc00afc4, 1, 1 [(0 )(1 )(2 )(3 [0x00000000, 0, 0], [( 6 0xC004F009 5 0)( 1 0x00000000)( 6 0xC004F009 5 0)(?)(?)(?)( 10 0x00000000 msft:rm/algorithm/flags/1.0)( 11 0x00000000 0xC004F009)])]
21: fb3540bc-a824-4c79-83da-6f6bd3ac6ccb, 1, 0 [(0 [0xC004F014, 0, 0], [(?)(?)(?)(?)(?)(?)(?)(?)])(1 )(2 )(3 )]

",Software Protection Platform Service,2020-11-14 18:11:31,India,Gujarat,Ahmedabad,380007,Asia/Kolkata,GTPL A. J. Enterprise
91,LAPTOP-1MKMTVPM,(0),Information,"The Software Protection service has completed licensing status check.
Application Id=0ff1ce15-a989-479d-af46-f275c6370663
Licensing Status=
1: 85dd8b5f-eaa4-4af3-a628-cce9e77c9a03, 1, 1 [(0 [0xC004E003, 0, 0], [( 2 0xC004F056 0 0 msft:rm/algorithm/volume/1.0 0x00000000 0)( 1 0x00000000)(?)( 2 0xC004F056 0 0 msft:rm/algorithm/volume/1.0 0x00000000 0)(?)(?)(?)(?)])(1 )(2 )(3 [0x00000000, 0, 0], [( 6 0xC004F009 30 0)( 1 0x00000000)( 6 0xC004F009 30 0)(?)(?)(?)( 10 0x00000000 msft:rm/algorithm/flags/1.0)( 11 0x00000000 0xC004F056)])]

",Software Protection Platform Service,2020-11-14 18:07:23,India,Gujarat,Ahmedabad,380007,Asia/Kolkata,GTPL A. J. Enterprise
92,LAPTOP-1MKMTVPM,Logging/Recovery,Information,"Video.UI (15124,R,98) {AE2224E5-1EDD-49FB-A244-CD807E3153D4}: The database engine has finished replaying logfile C:\Users\91635\AppData\Local\Packages\Microsoft.ZuneVideo_8wekyb3d8bbwe\LocalState\Database\anonymous\edb.log.



Processing Stats: 
[1] 0.061785 -0.008823 (18) WT +J(CM:0, PgRf:0, Rd:0/0, Dy:0/0, Lg:1536800/5552) +M(C:0K, Fs:6674, WS:2336K # 2336K, PF:608K # 608K, P:608K).

Log record of type 'Insert   ' was seen most frequently (1873 times)",ESENT,2020-11-14 17:45:45,India,Gujarat,Ahmedabad,380007,Asia/Kolkata,GTPL A. J. Enterprise
93,LAPTOP-1MKMTVPM,(0),Information,The winlogon notification subscriber <SessionEnv> was unavailable to handle a notification event.,Wlclntfy,2020-11-14 18:19:55,India,Gujarat,Ahmedabad,380007,Asia/Kolkata,GTPL A. J. Enterprise
94,LAPTOP-1MKMTVPM,(0),Warning,"The rules engine reported a failed VL activation attempt.
Reason:0x8007007B
AppId = 0ff1ce15-a989-479d-af46-f275c6370663, SkuId = 85dd8b5f-eaa4-4af3-a628-cce9e77c9a03
Trigger=NetworkAvailable",Software Protection Platform Service,2020-11-14 07:20:28,India,Gujarat,Ahmedabad,380007,Asia/Kolkata,GTPL A. J. Enterprise
95,LAPTOP-1MKMTVPM,(0),Information,"The Software Protection service has completed licensing status check.
Application Id=0ff1ce15-a989-479d-af46-f275c6370663
Licensing Status=
1: d7279dd0-e175-49fe-a623-8fc2fc00afc4, 1, 1 [(0 )(1 )(2 )(3 [0x00000000, 0, 0], [( 6 0xC004F009 5 0)( 1 0x00000000)( 6 0xC004F009 5 0)(?)(?)(?)( 10 0x00000000 msft:rm/algorithm/flags/1.0)( 11 0x00000000 0xC004F009)])]

",Software Protection Platform Service,2020-11-14 18:11:40,India,Gujarat,Ahmedabad,380007,Asia/Kolkata,GTPL A. J. Enterprise
96,LAPTOP-1MKMTVPM,(0),Information,"The Software Protection service has completed licensing status check.
Application Id=0ff1ce15-a989-479d-af46-f275c6370663
Licensing Status=
1: 0b4e6cfa-3072-434c-b702-bd1836e6887c, 1, 0 [(0 [0xC004F014, 0, 0], [(?)(?)(?)(?)(?)(?)(?)(?)])(1 )(2 )(3 )]
2: 0bc88885-718c-491d-921f-6f214349e79c, 1, 0 [(0 [0xC004F014, 0, 0], [(?)(?)(?)(?)(?)(?)(?)(?)])(1 )(2 )(3 )]
3: 28f64a3f-cf84-46da-b1e8-2dfa7750e491, 1, 0 [(0 [0xC004F014, 0, 0], [(?)(?)(?)(?)(?)(?)(?)(?)])(1 )(2 )(3 )]
4: 4c1d1588-3088-4796-b3b2-8935f3a0d886, 1, 0 [(0 [0xC004F014, 0, 0], [(?)(?)(?)(?)(?)(?)(?)(?)])(1 )(2 )(3 )]
5: 52287aa3-9945-44d1-9046-7a3373666821, 1, 0 [(0 [0xC004F014, 0, 0], [(?)(?)(?)(?)(?)(?)(?)(?)])(1 )(2 )(3 )]
6: 537ea5b5-7d50-4876-bd38-a53a77caca32, 1, 0 [(0 [0xC004F014, 0, 0], [(?)(?)(?)(?)(?)(?)(?)(?)])(1 )(2 )(3 )]
7: 6755c7a7-4dfe-46f5-bce8-427be8e9dc62, 1, 0 [(0 [0xC004F014, 0, 0], [(?)(?)(?)(?)(?)(?)(?)(?)])(1 )(2 )(3 )]
8: 77f47589-2212-4e3b-ad27-a900ce813837, 1, 0 [(0 [0xC004F014, 0, 0], [(?)(?)(?)(?)(?)(?)(?)(?)])(1 )(2 )(3 )]
9: 7ab38a1c-a803-4ca5-8ebb-f8786c4b4faa, 1, 0 [(0 [0xC004F014, 0, 0], [(?)(?)(?)(?)(?)(?)(?)(?)])(1 )(2 )(3 )]
10: 85dd8b5f-eaa4-4af3-a628-cce9e77c9a03, 1, 1 [(0 [0xC004E003, 0, 0], [( 2 0xC004F056 0 0 msft:rm/algorithm/volume/1.0 0x00000000 0)( 1 0x00000000)(?)( 2 0xC004F056 0 0 msft:rm/algorithm/volume/1.0 0x00000000 0)(?)(?)(?)(?)])(1 )(2 )(3 [0x00000000, 0, 0], [( 6 0xC004F009 30 0)( 1 0x00000000)( 6 0xC004F009 30 0)(?)(?)(?)( 10 0x00000000 msft:rm/algorithm/flags/1.0)( 11 0x00000000 0xC004F056)])]
11: 86af9220-9d6f-4575-bef0-619a9a6aa005, 1, 0 [(0 [0xC004F014, 0, 0], [(?)(?)(?)(?)(?)(?)(?)(?)])(1 )(2 )(3 )]
12: 951c0fe6-40a8-4400-8003-eec0686ffbc4, 1, 0 [(0 [0xC004F014, 0, 0], [(?)(?)(?)(?)(?)(?)(?)(?)])(1 )(2 )(3 )]
13: 95820f84-6e8c-4d22-b2ce-54953e9911bc, 1, 0 [(0 [0xC004F014, 0, 0], [(?)(?)(?)(?)(?)(?)(?)(?)])(1 )(2 )(3 )]
14: 96353198-443e-479d-9e80-9a6d72fd1a99, 1, 0 [(0 [0xC004F014, 0, 0], [(?)(?)(?)(?)(?)(?)(?)(?)])(1 )(2 )(3 )]
15: a96f8dae-da54-4fad-bdc6-108da592707a, 1, 0 [(0 [0xC004F014, 0, 0], [(?)(?)(?)(?)(?)(?)(?)(?)])(1 )(2 )(3 )]
16: ae9d158f-9450-4a0c-8c80-dd973c58357c, 1, 0 [(0 [0xC004F014, 0, 0], [(?)(?)(?)(?)(?)(?)(?)(?)])(1 )(2 )(3 )]
17: b4af11be-5f94-4d8f-9844-ce0d5e0d8680, 1, 0 [(0 [0xC004F014, 0, 0], [(?)(?)(?)(?)(?)(?)(?)(?)])(1 )(2 )(3 )]
18: b58a5943-16ea-420f-a611-7b230acd762c, 1, 0 [(0 [0xC004F014, 0, 0], [(?)(?)(?)(?)(?)(?)(?)(?)])(1 )(2 )(3 )]
19: c85fe025-b033-4f41-936b-b121521ba1c1, 1, 0 [(0 [0xC004F014, 0, 0], [(?)(?)(?)(?)(?)(?)(?)(?)])(1 )(2 )(3 )]
20: d7279dd0-e175-49fe-a623-8fc2fc00afc4, 1, 1 [(0 )(1 )(2 )(3 [0x00000000, 0, 0], [( 6 0xC004F009 5 0)( 1 0x00000000)( 6 0xC004F009 5 0)(?)(?)(?)( 10 0x00000000 msft:rm/algorithm/flags/1.0)( 11 0x00000000 0xC004F009)])]
21: fb3540bc-a824-4c79-83da-6f6bd3ac6ccb, 1, 0 [(0 [0xC004F014, 0, 0], [(?)(?)(?)(?)(?)(?)(?)(?)])(1 )(2 )(3 )]

",Software Protection Platform Service,2020-11-14 18:07:24,India,Gujarat,Ahmedabad,380007,Asia/Kolkata,GTPL A. J. Enterprise
97,LAPTOP-1MKMTVPM,(0),Information,"These policies are being excluded since they are only defined with override-only attribute.
Policy Names=(Security-SPP-Reserved-EnableNotificationMode) 
App Id=55c92734-d682-4d71-983e-d6ec3f16059f
Sku Id=ed799377-74b8-4989-a244-14d082e65972",Software Protection Platform Service,2020-11-14 18:07:01,India,Gujarat,Ahmedabad,380007,Asia/Kolkata,GTPL A. J. Enterprise
98,LAPTOP-1MKMTVPM,(0),Information,Successfully scheduled Software Protection service for re-start at 2020-11-13T20:44:07Z. Reason: RulesEngine.,Software Protection Platform Service,2020-11-14 17:53:07,India,Gujarat,Ahmedabad,380007,Asia/Kolkata,GTPL A. J. Enterprise
99,LAPTOP-1MKMTVPM,(0),Information,"The Software Protection service has completed licensing status check.
Application Id=0ff1ce15-a989-479d-af46-f275c6370663
Licensing Status=
1: 85dd8b5f-eaa4-4af3-a628-cce9e77c9a03, 1, 1 [(0 [0xC004E003, 0, 0], [( 2 0xC004F056 0 0 msft:rm/algorithm/volume/1.0 0x00000000 0)( 1 0x00000000)(?)( 2 0xC004F056 0 0 msft:rm/algorithm/volume/1.0 0x00000000 0)(?)(?)(?)(?)])(1 )(2 )(3 [0x00000000, 0, 0], [( 6 0xC004F009 30 0)( 1 0x00000000)( 6 0xC004F009 30 0)(?)(?)(?)( 10 0x00000000 msft:rm/algorithm/flags/1.0)( 11 0x00000000 0xC004F056)])]

",Software Protection Platform Service,2020-11-14 17:52:05,India,Gujarat,Ahmedabad,380007,Asia/Kolkata,GTPL A. J. Enterprise
100,LAPTOP-1MKMTVPM,(0),Information,Successfully scheduled Software Protection service for re-start at 2020-11-13T20:44:27Z. Reason: RulesEngine.,Software Protection Platform Service,2020-11-14 17:46:27,India,Gujarat,Ahmedabad,380007,Asia/Kolkata,GTPL A. J. Enterprise
101,LAPTOP-1MKMTVPM,General,Information,"Video.UI (15124,D,0) {AE2224E5-1EDD-49FB-A244-CD807E3153D4}: The database engine started a new instance (0). (Time=0 seconds)



Additional Data:

lgposV2[] = 00000001:017A:0000 - 00000001:017B:039F - 00000001:017C:0000 - 00000001:017C:0000 (00000000:0000:0000)
cReInits = 79




Internal Timing Sequence: 
[1] 0.026190 +J(0) +M(C:0K, Fs:218, WS:836K # 836K, PF:2544K # 2600K, P:2544K)
[2] 0.000430 +J(0) +M(C:0K, Fs:146, WS:584K # 584K, PF:300K # 244K, P:300K)
[3] 0.000018 +J(0) +M(C:0K, Fs:2, WS:8K # 8K, PF:64K # 64K, P:64K)
[4] 0.000126 +J(0) +M(C:0K, Fs:32, WS:124K # 124K, PF:156K # 156K, P:156K)
[5] 0.001317 +J(0) +M(C:0K, Fs:36, WS:136K # 136K, PF:68K # 68K, P:68K)
[6] 0.001780 +J(0) +M(C:0K, Fs:121, WS:472K # 472K, PF:120K # 120K, P:120K)
[7] 0.012081 -0.000009 (8) WT +J(0) +M(C:0K, Fs:683, WS:2032K # 2032K, PF:2008K # 2008K, P:2008K)
[8] 0.063691 -0.008824 (19) WT +J(CM:0, PgRf:0, Rd:0/0, Dy:0/0, Lg:1536800/5552) +M(C:0K, Fs:6872, WS:3112K # 3112K, PF:1032K # 1032K, P:1032K)
[9] 0.000407 +J(0) +M(C:0K, Fs:22, WS:88K # 88K, PF:20K # 20K, P:20K)
[10] 0.001256 +J(0) +M(C:0K, Fs:43, WS:-1872K # 116K, PF:-1920K # 92K, P:-1920K)
[11] 0.000016 +J(CM:0, PgRf:0, Rd:0/0, Dy:0/0, Lg:49/1) +M(C:0K, Fs:2, WS:8K # 0K, PF:0K # 0K, P:0K)
[12] 0.011235 -0.011192 (2) WT +J(0) +M(C:0K, Fs:176, WS:704K # 0K, PF:264K # 0K, P:264K)
[13] 0.041354 -0.000287 (2) CM -0.032432 (23) WT +J(CM:2, PgRf:2, Rd:0/2, Dy:0/0, Lg:8759/5) +M(C:0K, Fs:1058, WS:1836K # 2600K, PF:196K # 500K, P:196K)
[14] 0.000014 +J(0)
[15] 0.000008 +J(0)
[16] 0.000137 +J(0) +M(C:0K, Fs:4, WS:8K # 0K, PF:0K # 0K, P:0K).",ESENT,2020-11-14 17:45:45,India,Gujarat,Ahmedabad,380007,Asia/Kolkata,GTPL A. J. Enterprise
102,LAPTOP-1MKMTVPM,(0),0,Voice Activation - Big Buffer Capture Supported,SpeechRuntime,2020-11-14 17:45:57,India,Gujarat,Ahmedabad,380007,Asia/Kolkata,GTPL A. J. Enterprise
103,LAPTOP-1MKMTVPM,General,Information,"Video.UI (15124,D,50) {AE2224E5-1EDD-49FB-A244-CD807E3153D4}: The database engine attached a database (1, C:\Users\91635\AppData\Local\Packages\Microsoft.ZuneVideo_8wekyb3d8bbwe\LocalState\Database\anonymous\EntClientDb.edb). (Time=0 seconds)



Saved Cache: 0 0

Additional Data: lgposAttach = 00000001:017E:0268,
dbv = 1568.20.0



Internal Timing Sequence: 
[1] 0.000002 +J(0)
[2] 0.000521 -0.000001 (1) WT +J(0) +M(C:0K, Fs:30, WS:56K # 0K, PF:8K # 0K, P:8K)
[3] 0.025631 -0.021570 (5) WT +J(CM:0, PgRf:0, Rd:0/0, Dy:0/0, Lg:3480/2) +M(C:0K, Fs:69, WS:248K # 0K, PF:508K # 0K, P:508K)
[4] 0.000436 +J(0)
[5] -
[6] -
[7] -
[8] 0.001099 -0.000271 (2) CM +J(CM:2, PgRf:2, Rd:14/2, Dy:0/0, Lg:0/0) +M(C:0K, Fs:17, WS:60K # 0K, PF:144K # 0K, P:144K)
[9] 0.016941 -0.001570 (5) CM -0.015107 (1) WT +J(CM:5, PgRf:23, Rd:0/5, Dy:0/0, Lg:0/0) +M(C:0K, Fs:74, WS:284K # 0K, PF:204K # 0K, P:204K)
[10] 0.000146 -0.000006 (2) CM +J(CM:2, PgRf:40, Rd:0/2, Dy:0/0, Lg:0/0) +M(C:0K, Fs:6, WS:8K # 0K, PF:64K # 0K, P:64K)
[11] 0.000012 +J(CM:0, PgRf:1, Rd:0/0, Dy:0/0, Lg:0/0) +M(C:0K, Fs:3, WS:12K # 0K, PF:0K # 0K, P:0K)
[12] 0.000038 +J(CM:0, PgRf:42, Rd:0/0, Dy:0/0, Lg:0/0) +M(C:0K, Fs:3, WS:12K # 0K, PF:0K # 0K, P:0K)
[13] 0.000001 +J(0)
[14] 0.0 +J(0)
[15] 0.000005 +J(CM:0, PgRf:1, Rd:0/0, Dy:0/0, Lg:0/0).",ESENT,2020-11-14 17:45:45,India,Gujarat,Ahmedabad,380007,Asia/Kolkata,GTPL A. J. Enterprise
104,LAPTOP-1MKMTVPM,(0),Information,"The Software Protection service has completed licensing status check.
Application Id=0ff1ce15-a989-479d-af46-f275c6370663
Licensing Status=
1: 85dd8b5f-eaa4-4af3-a628-cce9e77c9a03, 1, 1 [(0 [0xC004E003, 0, 0], [( 2 0xC004F056 0 0 msft:rm/algorithm/volume/1.0 0x00000000 0)( 1 0x00000000)(?)( 2 0xC004F056 0 0 msft:rm/algorithm/volume/1.0 0x00000000 0)(?)(?)(?)(?)])(1 )(2 )(3 [0x00000000, 0, 0], [( 6 0xC004F009 30 0)( 1 0x00000000)( 6 0xC004F009 30 0)(?)(?)(?)( 10 0x00000000 msft:rm/algorithm/flags/1.0)( 11 0x00000000 0xC004F056)])]

",Software Protection Platform Service,2020-11-14 18:07:23,India,Gujarat,Ahmedabad,380007,Asia/Kolkata,GTPL A. J. Enterprise
105,LAPTOP-1MKMTVPM,(0),Information,"The Software Protection service has completed licensing status check.
Application Id=55c92734-d682-4d71-983e-d6ec3f16059f
Licensing Status=
1: 0567073a-7d74-403b-b2d5-6b35da372d8d, 1, 0 [(0 [0xC004F014, 0, 0], [(?)(?)(?)(?)(?)(?)(?)(?)])(1 )(2 )(3 )]
2: 1b750385-9fe2-49a8-ab55-149d0546395b, 1, 0 [(0 [0xC004F014, 0, 0], [(?)(?)(?)(?)(?)(?)(?)(?)])(1 )(2 )(3 )]
3: 1d873132-f09f-4eb2-bf5a-2e4fb48935e8, 1, 0 [(0 [0xC004F014, 0, 0], [(?)(?)(?)(?)(?)(?)(?)(?)])(1 )(2 )(3 )]
4: 2b1f36bb-c1cd-4306-bf5c-a0367c2d97d8, 1, 0 [(0 [0xC004F014, 0, 0], [(?)(?)(?)(?)(?)(?)(?)(?)])(1 )(2 )(3 )]
5: 30d469c6-a78f-4476-b5c8-af78d5b6a5fb, 1, 0 [(0 [0xC004F014, 0, 0], [(?)(?)(?)(?)(?)(?)(?)(?)])(1 )(2 )(3 )]
6: 3ae2cc14-ab2d-41f4-972f-5e20142771dc, 1, 0 [(0 [0xC004F014, 0, 0], [(?)(?)(?)(?)(?)(?)(?)(?)])(1 )(2 )(3 )]
7: 4002e33a-524c-4100-8108-131a0d42c0ea, 1, 0 [(0 [0xC004F014, 0, 0], [(?)(?)(?)(?)(?)(?)(?)(?)])(1 )(2 )(3 )]
8: 411b3d4f-be6d-4a06-baaa-9cabfc256cae, 1, 0 [(0 [0xC004F014, 0, 0], [(?)(?)(?)(?)(?)(?)(?)(?)])(1 )(2 )(3 )]
9: 58e97c99-f377-4ef1-81d5-4ad5522b5fd8, 1, 0 [(0 [0xC004F014, 0, 0], [(?)(?)(?)(?)(?)(?)(?)(?)])(1 )(2 )(3 )]
10: 653098ee-780d-4863-8cf2-d18399ce413b, 1, 0 [(0 [0xC004F014, 0, 0], [(?)(?)(?)(?)(?)(?)(?)(?)])(1 )(2 )(3 )]
11: 71f411ae-7b4b-41bd-b68c-c519c499f950, 1, 0 [(0 [0xC004F014, 0, 0], [(?)(?)(?)(?)(?)(?)(?)(?)])(1 )(2 )(3 )]
12: 74436dbb-cc17-46de-867f-14906ba4a938, 1, 0 [(0 [0xC004F014, 0, 0], [(?)(?)(?)(?)(?)(?)(?)(?)])(1 )(2 )(3 )]
13: 8a292df8-d653-4057-8133-a0701792f912, 1, 0 [(0 [0xC004F014, 0, 0], [(?)(?)(?)(?)(?)(?)(?)(?)])(1 )(2 )(3 )]
14: 8db63db6-4f8f-46d6-a448-66444faaaa72, 1, 0 [(0 [0xC004F014, 0, 0], [(?)(?)(?)(?)(?)(?)(?)(?)])(1 )(2 )(3 )]
15: b0f8a518-2c58-4eb8-9319-084f0eb4ddc4, 1, 0 [(0 [0xC004F014, 0, 0], [(?)(?)(?)(?)(?)(?)(?)(?)])(1 )(2 )(3 )]
16: cd918a57-a41b-4c82-8dce-1a538e221a83, 1, 0 [(0 [0xC004F014, 0, 0], [(?)(?)(?)(?)(?)(?)(?)(?)])(1 )(2 )(3 )]
17: da9621af-f086-4244-b563-18611e51aa1a, 1, 0 [(0 [0xC004F014, 0, 0], [(?)(?)(?)(?)(?)(?)(?)(?)])(1 )(2 )(3 )]
18: e371d89a-73e8-4b24-a7ff-23a3641dd18e, 1, 0 [(0 [0xC004F014, 0, 0], [(?)(?)(?)(?)(?)(?)(?)(?)])(1 )(2 )(3 )]
19: ed799377-74b8-4989-a244-14d082e65972, 1, 1 [(0 )(1 )(2 [0x00000000, 1, 0], [(?)( 1 0x00000000)(?)(?)(?)(?)( 10 0x00000000 msft:rm/algorithm/flags/1.0)(?)])(3 )]

",Software Protection Platform Service,2020-11-14 18:07:02,India,Gujarat,Ahmedabad,380007,Asia/Kolkata,GTPL A. J. Enterprise
106,LAPTOP-1MKMTVPM,General,Information,"Video.UI (15124,R,98) {AE2224E5-1EDD-49FB-A244-CD807E3153D4}: The database [C:\Users\91635\AppData\Local\Packages\Microsoft.ZuneVideo_8wekyb3d8bbwe\LocalState\Database\anonymous\EntClientDb.edb] format version is being held back to 8920 (0x22d8) due to application parameter setting of 0x410022D8 (8920 | JET_efvAllowHigherPersistedFormat). Current default engine version: 9100 (0x238c).",ESENT,2020-11-14 17:45:45,India,Gujarat,Ahmedabad,380007,Asia/Kolkata,GTPL A. J. Enterprise
107,LAPTOP-1MKMTVPM,Logging/Recovery,Information,"Video.UI (15124,R,98) {AE2224E5-1EDD-49FB-A244-CD807E3153D4}: The database engine is initiating recovery steps.",ESENT,2020-11-14 17:45:45,India,Gujarat,Ahmedabad,380007,Asia/Kolkata,GTPL A. J. Enterprise
108,LAPTOP-1MKMTVPM,(0),Information,Successfully scheduled Software Protection service for re-start at 2020-11-13T20:44:51Z. Reason: RulesEngine.,Software Protection Platform Service,2020-11-14 18:00:51,India,Gujarat,Ahmedabad,380007,Asia/Kolkata,GTPL A. J. Enterprise
109,LAPTOP-1MKMTVPM,(0),Information,"The VSS service is shutting down due to idle timeout.
",VSS,2020-11-14 17:56:14,India,Gujarat,Ahmedabad,380007,Asia/Kolkata,GTPL A. J. Enterprise
110,LAPTOP-1MKMTVPM,Logging/Recovery,Information,"Video.UI (15124,R,98) {AE2224E5-1EDD-49FB-A244-CD807E3153D4}: Replay of a Create for database ""C:\Users\91635\AppData\Local\Packages\Microsoft.ZuneVideo_8wekyb3d8bbwe\LocalState\Database\anonymous\EntClientDb.edb"" at log position (00000001,0001,0268) was deferred due to AttachFuture.  Additional information:",ESENT,2020-11-14 17:45:45,India,Gujarat,Ahmedabad,380007,Asia/Kolkata,GTPL A. J. Enterprise
111,LAPTOP-1MKMTVPM,(0),Information,"The Software Protection service has completed licensing status check.
Application Id=0ff1ce15-a989-479d-af46-f275c6370663
Licensing Status=
1: d7279dd0-e175-49fe-a623-8fc2fc00afc4, 1, 1 [(0 )(1 )(2 )(3 [0x00000000, 0, 0], [( 6 0xC004F009 5 0)( 1 0x00000000)( 6 0xC004F009 5 0)(?)(?)(?)( 10 0x00000000 msft:rm/algorithm/flags/1.0)( 11 0x00000000 0xC004F009)])]

",Software Protection Platform Service,2020-11-14 18:11:31,India,Gujarat,Ahmedabad,380007,Asia/Kolkata,GTPL A. J. Enterprise
112,LAPTOP-1MKMTVPM,(0),Information,Offline downlevel migration succeeded.,Software Protection Platform Service,2020-11-14 18:00:21,India,Gujarat,Ahmedabad,380007,Asia/Kolkata,GTPL A. J. Enterprise
113,LAPTOP-1MKMTVPM,(0),Information,"The Software Protection service has completed licensing status check.
Application Id=0ff1ce15-a989-479d-af46-f275c6370663
Licensing Status=
1: 0b4e6cfa-3072-434c-b702-bd1836e6887c, 1, 0 [(0 [0xC004F014, 0, 0], [(?)(?)(?)(?)(?)(?)(?)(?)])(1 )(2 )(3 )]
2: 0bc88885-718c-491d-921f-6f214349e79c, 1, 0 [(0 [0xC004F014, 0, 0], [(?)(?)(?)(?)(?)(?)(?)(?)])(1 )(2 )(3 )]
3: 28f64a3f-cf84-46da-b1e8-2dfa7750e491, 1, 0 [(0 [0xC004F014, 0, 0], [(?)(?)(?)(?)(?)(?)(?)(?)])(1 )(2 )(3 )]
4: 4c1d1588-3088-4796-b3b2-8935f3a0d886, 1, 0 [(0 [0xC004F014, 0, 0], [(?)(?)(?)(?)(?)(?)(?)(?)])(1 )(2 )(3 )]
5: 52287aa3-9945-44d1-9046-7a3373666821, 1, 0 [(0 [0xC004F014, 0, 0], [(?)(?)(?)(?)(?)(?)(?)(?)])(1 )(2 )(3 )]
6: 537ea5b5-7d50-4876-bd38-a53a77caca32, 1, 0 [(0 [0xC004F014, 0, 0], [(?)(?)(?)(?)(?)(?)(?)(?)])(1 )(2 )(3 )]
7: 6755c7a7-4dfe-46f5-bce8-427be8e9dc62, 1, 0 [(0 [0xC004F014, 0, 0], [(?)(?)(?)(?)(?)(?)(?)(?)])(1 )(2 )(3 )]
8: 77f47589-2212-4e3b-ad27-a900ce813837, 1, 0 [(0 [0xC004F014, 0, 0], [(?)(?)(?)(?)(?)(?)(?)(?)])(1 )(2 )(3 )]
9: 7ab38a1c-a803-4ca5-8ebb-f8786c4b4faa, 1, 0 [(0 [0xC004F014, 0, 0], [(?)(?)(?)(?)(?)(?)(?)(?)])(1 )(2 )(3 )]
10: 85dd8b5f-eaa4-4af3-a628-cce9e77c9a03, 1, 1 [(0 [0xC004E003, 0, 0], [( 2 0xC004F056 0 0 msft:rm/algorithm/volume/1.0 0x00000000 0)( 1 0x00000000)(?)( 2 0xC004F056 0 0 msft:rm/algorithm/volume/1.0 0x00000000 0)(?)(?)(?)(?)])(1 )(2 )(3 [0x00000000, 0, 0], [( 6 0xC004F009 30 0)( 1 0x00000000)( 6 0xC004F009 30 0)(?)(?)(?)( 10 0x00000000 msft:rm/algorithm/flags/1.0)( 11 0x00000000 0xC004F056)])]
11: 86af9220-9d6f-4575-bef0-619a9a6aa005, 1, 0 [(0 [0xC004F014, 0, 0], [(?)(?)(?)(?)(?)(?)(?)(?)])(1 )(2 )(3 )]
12: 951c0fe6-40a8-4400-8003-eec0686ffbc4, 1, 0 [(0 [0xC004F014, 0, 0], [(?)(?)(?)(?)(?)(?)(?)(?)])(1 )(2 )(3 )]
13: 95820f84-6e8c-4d22-b2ce-54953e9911bc, 1, 0 [(0 [0xC004F014, 0, 0], [(?)(?)(?)(?)(?)(?)(?)(?)])(1 )(2 )(3 )]
14: 96353198-443e-479d-9e80-9a6d72fd1a99, 1, 0 [(0 [0xC004F014, 0, 0], [(?)(?)(?)(?)(?)(?)(?)(?)])(1 )(2 )(3 )]
15: a96f8dae-da54-4fad-bdc6-108da592707a, 1, 0 [(0 [0xC004F014, 0, 0], [(?)(?)(?)(?)(?)(?)(?)(?)])(1 )(2 )(3 )]
16: ae9d158f-9450-4a0c-8c80-dd973c58357c, 1, 0 [(0 [0xC004F014, 0, 0], [(?)(?)(?)(?)(?)(?)(?)(?)])(1 )(2 )(3 )]
17: b4af11be-5f94-4d8f-9844-ce0d5e0d8680, 1, 0 [(0 [0xC004F014, 0, 0], [(?)(?)(?)(?)(?)(?)(?)(?)])(1 )(2 )(3 )]
18: b58a5943-16ea-420f-a611-7b230acd762c, 1, 0 [(0 [0xC004F014, 0, 0], [(?)(?)(?)(?)(?)(?)(?)(?)])(1 )(2 )(3 )]
19: c85fe025-b033-4f41-936b-b121521ba1c1, 1, 0 [(0 [0xC004F014, 0, 0], [(?)(?)(?)(?)(?)(?)(?)(?)])(1 )(2 )(3 )]
20: d7279dd0-e175-49fe-a623-8fc2fc00afc4, 1, 1 [(0 )(1 )(2 )(3 [0x00000000, 0, 0], [( 6 0xC004F009 5 0)( 1 0x00000000)( 6 0xC004F009 5 0)(?)(?)(?)( 10 0x00000000 msft:rm/algorithm/flags/1.0)( 11 0x00000000 0xC004F009)])]
21: fb3540bc-a824-4c79-83da-6f6bd3ac6ccb, 1, 0 [(0 [0xC004F014, 0, 0], [(?)(?)(?)(?)(?)(?)(?)(?)])(1 )(2 )(3 )]

",Software Protection Platform Service,2020-11-14 17:52:06,India,Gujarat,Ahmedabad,380007,Asia/Kolkata,GTPL A. J. Enterprise
114,LAPTOP-1MKMTVPM,General,Information,"Video.UI (15124,D,50) {AE2224E5-1EDD-49FB-A244-CD807E3153D4}: The log format feature version 8940 (0x22ec - 8.6.20) could not be used due to the current log format 8.5.16, controlled by the parameter 0x410022D8 (8920 | JET_efvAllowHigherPersistedFormat).",ESENT,2020-11-14 17:45:45,India,Gujarat,Ahmedabad,380007,Asia/Kolkata,GTPL A. J. Enterprise
115,LAPTOP-1MKMTVPM,(0),Information,Successfully scheduled Software Protection service for re-start at 2020-11-13T20:44:23Z. Reason: RulesEngine.,Software Protection Platform Service,2020-11-14 18:12:23,India,Gujarat,Ahmedabad,380007,Asia/Kolkata,GTPL A. J. Enterprise
116,LAPTOP-1MKMTVPM,(0),Information,"The Software Protection service has completed licensing status check.
Application Id=0ff1ce15-a989-479d-af46-f275c6370663
Licensing Status=
1: 0b4e6cfa-3072-434c-b702-bd1836e6887c, 1, 0 [(0 [0xC004F014, 0, 0], [(?)(?)(?)(?)(?)(?)(?)(?)])(1 )(2 )(3 )]
2: 0bc88885-718c-491d-921f-6f214349e79c, 1, 0 [(0 [0xC004F014, 0, 0], [(?)(?)(?)(?)(?)(?)(?)(?)])(1 )(2 )(3 )]
3: 28f64a3f-cf84-46da-b1e8-2dfa7750e491, 1, 0 [(0 [0xC004F014, 0, 0], [(?)(?)(?)(?)(?)(?)(?)(?)])(1 )(2 )(3 )]
4: 4c1d1588-3088-4796-b3b2-8935f3a0d886, 1, 0 [(0 [0xC004F014, 0, 0], [(?)(?)(?)(?)(?)(?)(?)(?)])(1 )(2 )(3 )]
5: 52287aa3-9945-44d1-9046-7a3373666821, 1, 0 [(0 [0xC004F014, 0, 0], [(?)(?)(?)(?)(?)(?)(?)(?)])(1 )(2 )(3 )]
6: 537ea5b5-7d50-4876-bd38-a53a77caca32, 1, 0 [(0 [0xC004F014, 0, 0], [(?)(?)(?)(?)(?)(?)(?)(?)])(1 )(2 )(3 )]
7: 6755c7a7-4dfe-46f5-bce8-427be8e9dc62, 1, 0 [(0 [0xC004F014, 0, 0], [(?)(?)(?)(?)(?)(?)(?)(?)])(1 )(2 )(3 )]
8: 77f47589-2212-4e3b-ad27-a900ce813837, 1, 0 [(0 [0xC004F014, 0, 0], [(?)(?)(?)(?)(?)(?)(?)(?)])(1 )(2 )(3 )]
9: 7ab38a1c-a803-4ca5-8ebb-f8786c4b4faa, 1, 0 [(0 [0xC004F014, 0, 0], [(?)(?)(?)(?)(?)(?)(?)(?)])(1 )(2 )(3 )]
10: 85dd8b5f-eaa4-4af3-a628-cce9e77c9a03, 1, 1 [(0 [0xC004E003, 0, 0], [( 2 0xC004F056 0 0 msft:rm/algorithm/volume/1.0 0x00000000 0)( 1 0x00000000)(?)( 2 0xC004F056 0 0 msft:rm/algorithm/volume/1.0 0x00000000 0)(?)(?)(?)(?)])(1 )(2 )(3 [0x00000000, 0, 0], [( 6 0xC004F009 30 0)( 1 0x00000000)( 6 0xC004F009 30 0)(?)(?)(?)( 10 0x00000000 msft:rm/algorithm/flags/1.0)( 11 0x00000000 0xC004F056)])]
11: 86af9220-9d6f-4575-bef0-619a9a6aa005, 1, 0 [(0 [0xC004F014, 0, 0], [(?)(?)(?)(?)(?)(?)(?)(?)])(1 )(2 )(3 )]
12: 951c0fe6-40a8-4400-8003-eec0686ffbc4, 1, 0 [(0 [0xC004F014, 0, 0], [(?)(?)(?)(?)(?)(?)(?)(?)])(1 )(2 )(3 )]
13: 95820f84-6e8c-4d22-b2ce-54953e9911bc, 1, 0 [(0 [0xC004F014, 0, 0], [(?)(?)(?)(?)(?)(?)(?)(?)])(1 )(2 )(3 )]
14: 96353198-443e-479d-9e80-9a6d72fd1a99, 1, 0 [(0 [0xC004F014, 0, 0], [(?)(?)(?)(?)(?)(?)(?)(?)])(1 )(2 )(3 )]
15: a96f8dae-da54-4fad-bdc6-108da592707a, 1, 0 [(0 [0xC004F014, 0, 0], [(?)(?)(?)(?)(?)(?)(?)(?)])(1 )(2 )(3 )]
16: ae9d158f-9450-4a0c-8c80-dd973c58357c, 1, 0 [(0 [0xC004F014, 0, 0], [(?)(?)(?)(?)(?)(?)(?)(?)])(1 )(2 )(3 )]
17: b4af11be-5f94-4d8f-9844-ce0d5e0d8680, 1, 0 [(0 [0xC004F014, 0, 0], [(?)(?)(?)(?)(?)(?)(?)(?)])(1 )(2 )(3 )]
18: b58a5943-16ea-420f-a611-7b230acd762c, 1, 0 [(0 [0xC004F014, 0, 0], [(?)(?)(?)(?)(?)(?)(?)(?)])(1 )(2 )(3 )]
19: c85fe025-b033-4f41-936b-b121521ba1c1, 1, 0 [(0 [0xC004F014, 0, 0], [(?)(?)(?)(?)(?)(?)(?)(?)])(1 )(2 )(3 )]
20: d7279dd0-e175-49fe-a623-8fc2fc00afc4, 1, 1 [(0 )(1 )(2 )(3 [0x00000000, 0, 0], [( 6 0xC004F009 5 0)( 1 0x00000000)( 6 0xC004F009 5 0)(?)(?)(?)( 10 0x00000000 msft:rm/algorithm/flags/1.0)( 11 0x00000000 0xC004F009)])]
21: fb3540bc-a824-4c79-83da-6f6bd3ac6ccb, 1, 0 [(0 [0xC004F014, 0, 0], [(?)(?)(?)(?)(?)(?)(?)(?)])(1 )(2 )(3 )]

",Software Protection Platform Service,2020-11-14 18:11:40,India,Gujarat,Ahmedabad,380007,Asia/Kolkata,GTPL A. J. Enterprise
117,LAPTOP-1MKMTVPM,(0),Information,"Proof of Purchase installed successfully. 
ACID=ed799377-74b8-4989-a244-14d082e65972
PKeyId=bbcf70de-8305-c517-7e00-f7b7a491eb4e",Software Protection Platform Service,2020-11-14 18:07:01,India,Gujarat,Ahmedabad,380007,Asia/Kolkata,GTPL A. J. Enterprise
118,LAPTOP-1MKMTVPM,(0),Information,"The Software Protection service has completed licensing status check.
Application Id=0ff1ce15-a989-479d-af46-f275c6370663
Licensing Status=
1: 85dd8b5f-eaa4-4af3-a628-cce9e77c9a03, 1, 1 [(0 [0xC004E003, 0, 0], [( 2 0xC004F056 0 0 msft:rm/algorithm/volume/1.0 0x00000000 0)( 1 0x00000000)(?)( 2 0xC004F056 0 0 msft:rm/algorithm/volume/1.0 0x00000000 0)(?)(?)(?)(?)])(1 )(2 )(3 [0x00000000, 0, 0], [( 6 0xC004F009 30 0)( 1 0x00000000)( 6 0xC004F009 30 0)(?)(?)(?)( 10 0x00000000 msft:rm/algorithm/flags/1.0)( 11 0x00000000 0xC004F056)])]

",Software Protection Platform Service,2020-11-14 17:52:05,India,Gujarat,Ahmedabad,380007,Asia/Kolkata,GTPL A. J. Enterprise
119,LAPTOP-1MKMTVPM,(0),Information,"The Software Protection service has completed licensing status check.
Application Id=0ff1ce15-a989-479d-af46-f275c6370663
Licensing Status=
1: 85dd8b5f-eaa4-4af3-a628-cce9e77c9a03, 1, 1 [(0 [0xC004E003, 0, 0], [( 2 0xC004F056 0 0 msft:rm/algorithm/volume/1.0 0x00000000 0)( 1 0x00000000)(?)( 2 0xC004F056 0 0 msft:rm/algorithm/volume/1.0 0x00000000 0)(?)(?)(?)(?)])(1 )(2 )(3 [0x00000000, 0, 0], [( 6 0xC004F009 30 0)( 1 0x00000000)( 6 0xC004F009 30 0)(?)(?)(?)( 10 0x00000000 msft:rm/algorithm/flags/1.0)( 11 0x00000000 0xC004F056)])]

",Software Protection Platform Service,2020-11-14 18:11:31,India,Gujarat,Ahmedabad,380007,Asia/Kolkata,GTPL A. J. Enterprise
120,LAPTOP-1MKMTVPM,(0),Information,Successfully scheduled Software Protection service for re-start at 2020-11-13T20:44:15Z. Reason: RulesEngine.,Software Protection Platform Service,2020-11-14 17:59:15,India,Gujarat,Ahmedabad,380007,Asia/Kolkata,GTPL A. J. Enterprise
121,LAPTOP-1MKMTVPM,General,Information,"Video.UI (15124,D,2) {AE2224E5-1EDD-49FB-A244-CD807E3153D4}: The database [C:\Users\91635\AppData\Local\Packages\Microsoft.ZuneVideo_8wekyb3d8bbwe\LocalState\Database\anonymous\tmp.edb] format version is being held back to 8920 (0x22d8) due to application parameter setting of 0x410022D8 (8920 | JET_efvAllowHigherPersistedFormat). Current default engine version: 9100 (0x238c).",ESENT,2020-11-14 17:45:45,India,Gujarat,Ahmedabad,380007,Asia/Kolkata,GTPL A. J. Enterprise
122,LAPTOP-1MKMTVPM,(0),Warning,"The rules engine reported a failed VL activation attempt.
Reason:0x8007007B
AppId = 0ff1ce15-a989-479d-af46-f275c6370663, SkuId = 85dd8b5f-eaa4-4af3-a628-cce9e77c9a03
Trigger=UserLogon(2)",Software Protection Platform Service,2020-11-14 17:45:03,India,Gujarat,Ahmedabad,380007,Asia/Kolkata,GTPL A. J. Enterprise
123,LAPTOP-1MKMTVPM,(0),Information,"The Software Protection service has completed licensing status check.
Application Id=0ff1ce15-a989-479d-af46-f275c6370663
Licensing Status=
1: d7279dd0-e175-49fe-a623-8fc2fc00afc4, 1, 1 [(0 )(1 )(2 )(3 [0x00000000, 0, 0], [( 6 0xC004F009 5 0)( 1 0x00000000)( 6 0xC004F009 5 0)(?)(?)(?)( 10 0x00000000 msft:rm/algorithm/flags/1.0)( 11 0x00000000 0xC004F009)])]

",Software Protection Platform Service,2020-11-14 18:07:23,India,Gujarat,Ahmedabad,380007,Asia/Kolkata,GTPL A. J. Enterprise
124,LAPTOP-1MKMTVPM,(0),Information,Service stopped.,edgeupdate,2020-11-14 17:45:47,India,Gujarat,Ahmedabad,380007,Asia/Kolkata,GTPL A. J. Enterprise
125,LAPTOP-1MKMTVPM,Logging/Recovery,Information,"Video.UI (15124,U,98) {AE2224E5-1EDD-49FB-A244-CD807E3153D4}: The database engine has successfully completed recovery steps.",ESENT,2020-11-14 17:45:45,India,Gujarat,Ahmedabad,380007,Asia/Kolkata,GTPL A. J. Enterprise
126,LAPTOP-1MKMTVPM,(0),Information,"The description for Event ID '0' in Source 'gupdate' cannot be found.  The local computer may not have the necessary registry information or message DLL files to display the message, or you may not have permission to access them.  The following information is part of the event:'Service stopped'",gupdate,2020-11-14 17:45:06,India,Gujarat,Ahmedabad,380007,Asia/Kolkata,GTPL A. J. Enterprise
127,LAPTOP-1MKMTVPM,(0),Information,"The description for Event ID '0' in Source 'igfxCUIService2.0.0.0' cannot be found.  The local computer may not have the necessary registry information or message DLL files to display the message, or you may not have permission to access them.  The following information is part of the event:' Logoff: Test
'",igfxCUIService2.0.0.0,2020-11-14 18:19:55,India,Gujarat,Ahmedabad,380007,Asia/Kolkata,GTPL A. J. Enterprise
128,LAPTOP-1MKMTVPM,(0),Information,"The Software Protection service has completed licensing status check.
Application Id=0ff1ce15-a989-479d-af46-f275c6370663
Licensing Status=
1: 0b4e6cfa-3072-434c-b702-bd1836e6887c, 1, 0 [(0 [0xC004F014, 0, 0], [(?)(?)(?)(?)(?)(?)(?)(?)])(1 )(2 )(3 )]
2: 0bc88885-718c-491d-921f-6f214349e79c, 1, 0 [(0 [0xC004F014, 0, 0], [(?)(?)(?)(?)(?)(?)(?)(?)])(1 )(2 )(3 )]
3: 28f64a3f-cf84-46da-b1e8-2dfa7750e491, 1, 0 [(0 [0xC004F014, 0, 0], [(?)(?)(?)(?)(?)(?)(?)(?)])(1 )(2 )(3 )]
4: 4c1d1588-3088-4796-b3b2-8935f3a0d886, 1, 0 [(0 [0xC004F014, 0, 0], [(?)(?)(?)(?)(?)(?)(?)(?)])(1 )(2 )(3 )]
5: 52287aa3-9945-44d1-9046-7a3373666821, 1, 0 [(0 [0xC004F014, 0, 0], [(?)(?)(?)(?)(?)(?)(?)(?)])(1 )(2 )(3 )]
6: 537ea5b5-7d50-4876-bd38-a53a77caca32, 1, 0 [(0 [0xC004F014, 0, 0], [(?)(?)(?)(?)(?)(?)(?)(?)])(1 )(2 )(3 )]
7: 6755c7a7-4dfe-46f5-bce8-427be8e9dc62, 1, 0 [(0 [0xC004F014, 0, 0], [(?)(?)(?)(?)(?)(?)(?)(?)])(1 )(2 )(3 )]
8: 77f47589-2212-4e3b-ad27-a900ce813837, 1, 0 [(0 [0xC004F014, 0, 0], [(?)(?)(?)(?)(?)(?)(?)(?)])(1 )(2 )(3 )]
9: 7ab38a1c-a803-4ca5-8ebb-f8786c4b4faa, 1, 0 [(0 [0xC004F014, 0, 0], [(?)(?)(?)(?)(?)(?)(?)(?)])(1 )(2 )(3 )]
10: 85dd8b5f-eaa4-4af3-a628-cce9e77c9a03, 1, 1 [(0 [0xC004E003, 0, 0], [( 2 0xC004F056 0 0 msft:rm/algorithm/volume/1.0 0x00000000 0)( 1 0x00000000)(?)( 2 0xC004F056 0 0 msft:rm/algorithm/volume/1.0 0x00000000 0)(?)(?)(?)(?)])(1 )(2 )(3 [0x00000000, 0, 0], [( 6 0xC004F009 30 0)( 1 0x00000000)( 6 0xC004F009 30 0)(?)(?)(?)( 10 0x00000000 msft:rm/algorithm/flags/1.0)( 11 0x00000000 0xC004F056)])]
11: 86af9220-9d6f-4575-bef0-619a9a6aa005, 1, 0 [(0 [0xC004F014, 0, 0], [(?)(?)(?)(?)(?)(?)(?)(?)])(1 )(2 )(3 )]
12: 951c0fe6-40a8-4400-8003-eec0686ffbc4, 1, 0 [(0 [0xC004F014, 0, 0], [(?)(?)(?)(?)(?)(?)(?)(?)])(1 )(2 )(3 )]
13: 95820f84-6e8c-4d22-b2ce-54953e9911bc, 1, 0 [(0 [0xC004F014, 0, 0], [(?)(?)(?)(?)(?)(?)(?)(?)])(1 )(2 )(3 )]
14: 96353198-443e-479d-9e80-9a6d72fd1a99, 1, 0 [(0 [0xC004F014, 0, 0], [(?)(?)(?)(?)(?)(?)(?)(?)])(1 )(2 )(3 )]
15: a96f8dae-da54-4fad-bdc6-108da592707a, 1, 0 [(0 [0xC004F014, 0, 0], [(?)(?)(?)(?)(?)(?)(?)(?)])(1 )(2 )(3 )]
16: ae9d158f-9450-4a0c-8c80-dd973c58357c, 1, 0 [(0 [0xC004F014, 0, 0], [(?)(?)(?)(?)(?)(?)(?)(?)])(1 )(2 )(3 )]
17: b4af11be-5f94-4d8f-9844-ce0d5e0d8680, 1, 0 [(0 [0xC004F014, 0, 0], [(?)(?)(?)(?)(?)(?)(?)(?)])(1 )(2 )(3 )]
18: b58a5943-16ea-420f-a611-7b230acd762c, 1, 0 [(0 [0xC004F014, 0, 0], [(?)(?)(?)(?)(?)(?)(?)(?)])(1 )(2 )(3 )]
19: c85fe025-b033-4f41-936b-b121521ba1c1, 1, 0 [(0 [0xC004F014, 0, 0], [(?)(?)(?)(?)(?)(?)(?)(?)])(1 )(2 )(3 )]
20: d7279dd0-e175-49fe-a623-8fc2fc00afc4, 1, 1 [(0 )(1 )(2 )(3 [0x00000000, 0, 0], [( 6 0xC004F009 5 0)( 1 0x00000000)( 6 0xC004F009 5 0)(?)(?)(?)( 10 0x00000000 msft:rm/algorithm/flags/1.0)( 11 0x00000000 0xC004F009)])]
21: fb3540bc-a824-4c79-83da-6f6bd3ac6ccb, 1, 0 [(0 [0xC004F014, 0, 0], [(?)(?)(?)(?)(?)(?)(?)(?)])(1 )(2 )(3 )]

",Software Protection Platform Service,2020-11-14 18:07:23,India,Gujarat,Ahmedabad,380007,Asia/Kolkata,GTPL A. J. Enterprise
129,LAPTOP-1MKMTVPM,(0),Information,"The rules engine successfully re-evaluated the schedule.
Kernel policies:
Security-SPP-Action-StateData (REG_SZ) =AppId=55c92734-d682-4d71-983e-d6ec3f16059f;LastConsumptionReason=0x4004f401;LastNotificationId=Cleanup;LicenseState=SL_LICENSING_STATUS_LICENSED;PartialProductKey=8HVYP;ProductKeyType=OEM:DM;SkuId=ed799377-74b8-4989-a244-14d082e65972;ruleId=379cccfb-d4e0-48fe-b0f2-0136097be147;uxDifferentiator=OEM_DM",Software Protection Platform Service,2020-11-13 07:24:07,India,Gujarat,Ahmedabad,380007,Asia/Kolkata,GTPL A. J. Enterprise
130,LAPTOP-1MKMTVPM,(0),Information,"The Software Protection service has completed licensing status check.
Application Id=55c92734-d682-4d71-983e-d6ec3f16059f
Licensing Status=
1: 0567073a-7d74-403b-b2d5-6b35da372d8d, 1, 0 [(0 [0xC004F014, 0, 0], [(?)(?)(?)(?)(?)(?)(?)(?)])(1 )(2 )(3 )]
2: 1b750385-9fe2-49a8-ab55-149d0546395b, 1, 0 [(0 [0xC004F014, 0, 0], [(?)(?)(?)(?)(?)(?)(?)(?)])(1 )(2 )(3 )]
3: 1d873132-f09f-4eb2-bf5a-2e4fb48935e8, 1, 0 [(0 [0xC004F014, 0, 0], [(?)(?)(?)(?)(?)(?)(?)(?)])(1 )(2 )(3 )]
4: 2b1f36bb-c1cd-4306-bf5c-a0367c2d97d8, 1, 0 [(0 [0xC004F014, 0, 0], [(?)(?)(?)(?)(?)(?)(?)(?)])(1 )(2 )(3 )]
5: 30d469c6-a78f-4476-b5c8-af78d5b6a5fb, 1, 0 [(0 [0xC004F014, 0, 0], [(?)(?)(?)(?)(?)(?)(?)(?)])(1 )(2 )(3 )]
6: 3ae2cc14-ab2d-41f4-972f-5e20142771dc, 1, 0 [(0 [0xC004F014, 0, 0], [(?)(?)(?)(?)(?)(?)(?)(?)])(1 )(2 )(3 )]
7: 4002e33a-524c-4100-8108-131a0d42c0ea, 1, 0 [(0 [0xC004F014, 0, 0], [(?)(?)(?)(?)(?)(?)(?)(?)])(1 )(2 )(3 )]
8: 411b3d4f-be6d-4a06-baaa-9cabfc256cae, 1, 0 [(0 [0xC004F014, 0, 0], [(?)(?)(?)(?)(?)(?)(?)(?)])(1 )(2 )(3 )]
9: 58e97c99-f377-4ef1-81d5-4ad5522b5fd8, 1, 0 [(0 [0xC004F014, 0, 0], [(?)(?)(?)(?)(?)(?)(?)(?)])(1 )(2 )(3 )]
10: 653098ee-780d-4863-8cf2-d18399ce413b, 1, 0 [(0 [0xC004F014, 0, 0], [(?)(?)(?)(?)(?)(?)(?)(?)])(1 )(2 )(3 )]
11: 71f411ae-7b4b-41bd-b68c-c519c499f950, 1, 0 [(0 [0xC004F014, 0, 0], [(?)(?)(?)(?)(?)(?)(?)(?)])(1 )(2 )(3 )]
12: 74436dbb-cc17-46de-867f-14906ba4a938, 1, 0 [(0 [0xC004F014, 0, 0], [(?)(?)(?)(?)(?)(?)(?)(?)])(1 )(2 )(3 )]
13: 8a292df8-d653-4057-8133-a0701792f912, 1, 0 [(0 [0xC004F014, 0, 0], [(?)(?)(?)(?)(?)(?)(?)(?)])(1 )(2 )(3 )]
14: 8db63db6-4f8f-46d6-a448-66444faaaa72, 1, 0 [(0 [0xC004F014, 0, 0], [(?)(?)(?)(?)(?)(?)(?)(?)])(1 )(2 )(3 )]
15: b0f8a518-2c58-4eb8-9319-084f0eb4ddc4, 1, 0 [(0 [0xC004F014, 0, 0], [(?)(?)(?)(?)(?)(?)(?)(?)])(1 )(2 )(3 )]
16: cd918a57-a41b-4c82-8dce-1a538e221a83, 1, 0 [(0 [0xC004F014, 0, 0], [(?)(?)(?)(?)(?)(?)(?)(?)])(1 )(2 )(3 )]
17: da9621af-f086-4244-b563-18611e51aa1a, 1, 0 [(0 [0xC004F014, 0, 0], [(?)(?)(?)(?)(?)(?)(?)(?)])(1 )(2 )(3 )]
18: e371d89a-73e8-4b24-a7ff-23a3641dd18e, 1, 0 [(0 [0xC004F014, 0, 0], [(?)(?)(?)(?)(?)(?)(?)(?)])(1 )(2 )(3 )]
19: ed799377-74b8-4989-a244-14d082e65972, 1, 1 [(0 )(1 )(2 [0x00000000, 1, 0], [(?)( 1 0x00000000)(?)(?)(?)(?)( 10 0x00000000 msft:rm/algorithm/flags/1.0)(?)])(3 )]

",Software Protection Platform Service,2020-11-13 07:24:06,India,Gujarat,Ahmedabad,380007,Asia/Kolkata,GTPL A. J. Enterprise
131,LAPTOP-1MKMTVPM,(0),Information,"The Software Protection service has completed licensing status check.
Application Id=0ff1ce15-a989-479d-af46-f275c6370663
Licensing Status=
1: 85dd8b5f-eaa4-4af3-a628-cce9e77c9a03, 1, 1 [(0 [0xC004E003, 0, 0], [( 2 0xC004F056 0 0 msft:rm/algorithm/volume/1.0 0x00000000 0)( 1 0x00000000)(?)( 2 0xC004F056 0 0 msft:rm/algorithm/volume/1.0 0x00000000 0)(?)(?)(?)(?)])(1 )(2 )(3 [0x00000000, 0, 0], [( 6 0xC004F009 30 0)( 1 0x00000000)( 6 0xC004F009 30 0)(?)(?)(?)( 10 0x00000000 msft:rm/algorithm/flags/1.0)( 11 0x00000000 0xC004F056)])]

",Software Protection Platform Service,2020-11-13 07:17:51,India,Gujarat,Ahmedabad,380007,Asia/Kolkata,GTPL A. J. Enterprise
132,LAPTOP-1MKMTVPM,(0),Information,Beginning a Windows Installer transaction: c:\program files (x86)\microsoft office\root\integration\sppredist64.msi. Client Process Id: 14504.,MsiInstaller,2020-11-13 06:50:51,India,Gujarat,Ahmedabad,380007,Asia/Kolkata,GTPL A. J. Enterprise
133,LAPTOP-1MKMTVPM,(0),Information,Windows Installer reconfigured the product. Product Name: Office 16 Click-to-Run Extensibility Component 64-bit Registration. Product Version: 16.0.10368.20035. Product Language: 0. Manufacturer: Microsoft Corporation. Reconfiguration success or error status: 0.,MsiInstaller,2020-11-13 06:50:50,India,Gujarat,Ahmedabad,380007,Asia/Kolkata,GTPL A. J. Enterprise
134,LAPTOP-1MKMTVPM,(0),Information,Product: Office 16 Click-to-Run Extensibility Component -- Configuration completed successfully.,MsiInstaller,2020-11-13 06:49:44,India,Gujarat,Ahmedabad,380007,Asia/Kolkata,GTPL A. J. Enterprise
135,LAPTOP-1MKMTVPM,(0),Warning,"The rules engine reported a failed VL activation attempt.
Reason:0x8007007B
AppId = 0ff1ce15-a989-479d-af46-f275c6370663, SkuId = 85dd8b5f-eaa4-4af3-a628-cce9e77c9a03
Trigger=NetworkAvailable",Software Protection Platform Service,2020-11-14 17:44:45,India,Gujarat,Ahmedabad,380007,Asia/Kolkata,GTPL A. J. Enterprise
136,LAPTOP-1MKMTVPM,(0),Information,"The description for Event ID '0' in Source 'igfxCUIService2.0.0.0' cannot be found.  The local computer may not have the necessary registry information or message DLL files to display the message, or you may not have permission to access them.  The following information is part of the event:' Logoff: 1
'",igfxCUIService2.0.0.0,2020-11-13 07:45:10,India,Gujarat,Ahmedabad,380007,Asia/Kolkata,GTPL A. J. Enterprise
137,LAPTOP-1MKMTVPM,(0),Information,The Desktop Window Manager has registered the session port.,Desktop Window Manager,2020-11-13 07:45:10,India,Gujarat,Ahmedabad,380007,Asia/Kolkata,GTPL A. J. Enterprise
138,LAPTOP-1MKMTVPM,(0),Information,"The Software Protection service has completed licensing status check.
Application Id=0ff1ce15-a989-479d-af46-f275c6370663
Licensing Status=
1: d7279dd0-e175-49fe-a623-8fc2fc00afc4, 1, 1 [(0 )(1 )(2 )(3 [0x00000000, 0, 0], [( 6 0xC004F009 5 0)( 1 0x00000000)( 6 0xC004F009 5 0)(?)(?)(?)( 10 0x00000000 msft:rm/algorithm/flags/1.0)( 11 0x00000000 0xC004F009)])]

",Software Protection Platform Service,2020-11-13 07:39:15,India,Gujarat,Ahmedabad,380007,Asia/Kolkata,GTPL A. J. Enterprise
139,LAPTOP-1MKMTVPM,(0),Information,Duplicate definition of policy found. Policy name=AAD-WindowsCore-AddAccountRestrictions  Priority=100,Software Protection Platform Service,2020-11-13 07:12:09,India,Gujarat,Ahmedabad,380007,Asia/Kolkata,GTPL A. J. Enterprise
140,LAPTOP-1MKMTVPM,(0),Information,"The Software Protection service has completed licensing status check.
Application Id=0ff1ce15-a989-479d-af46-f275c6370663
Licensing Status=
1: 0b4e6cfa-3072-434c-b702-bd1836e6887c, 1, 0 [(0 [0xC004F014, 0, 0], [(?)(?)(?)(?)(?)(?)(?)(?)])(1 )(2 )(3 )]
2: 0bc88885-718c-491d-921f-6f214349e79c, 1, 0 [(0 [0xC004F014, 0, 0], [(?)(?)(?)(?)(?)(?)(?)(?)])(1 )(2 )(3 )]
3: 28f64a3f-cf84-46da-b1e8-2dfa7750e491, 1, 0 [(0 [0xC004F014, 0, 0], [(?)(?)(?)(?)(?)(?)(?)(?)])(1 )(2 )(3 )]
4: 4c1d1588-3088-4796-b3b2-8935f3a0d886, 1, 0 [(0 [0xC004F014, 0, 0], [(?)(?)(?)(?)(?)(?)(?)(?)])(1 )(2 )(3 )]
5: 52287aa3-9945-44d1-9046-7a3373666821, 1, 0 [(0 [0xC004F014, 0, 0], [(?)(?)(?)(?)(?)(?)(?)(?)])(1 )(2 )(3 )]
6: 537ea5b5-7d50-4876-bd38-a53a77caca32, 1, 0 [(0 [0xC004F014, 0, 0], [(?)(?)(?)(?)(?)(?)(?)(?)])(1 )(2 )(3 )]
7: 6755c7a7-4dfe-46f5-bce8-427be8e9dc62, 1, 0 [(0 [0xC004F014, 0, 0], [(?)(?)(?)(?)(?)(?)(?)(?)])(1 )(2 )(3 )]
8: 77f47589-2212-4e3b-ad27-a900ce813837, 1, 0 [(0 [0xC004F014, 0, 0], [(?)(?)(?)(?)(?)(?)(?)(?)])(1 )(2 )(3 )]
9: 7ab38a1c-a803-4ca5-8ebb-f8786c4b4faa, 1, 0 [(0 [0xC004F014, 0, 0], [(?)(?)(?)(?)(?)(?)(?)(?)])(1 )(2 )(3 )]
10: 85dd8b5f-eaa4-4af3-a628-cce9e77c9a03, 1, 1 [(0 [0xC004E003, 0, 0], [( 2 0xC004F056 0 0 msft:rm/algorithm/volume/1.0 0x00000000 0)( 1 0x00000000)(?)( 2 0xC004F056 0 0 msft:rm/algorithm/volume/1.0 0x00000000 0)(?)(?)(?)(?)])(1 )(2 )(3 [0x00000000, 0, 0], [( 6 0xC004F009 30 0)( 1 0x00000000)( 6 0xC004F009 30 0)(?)(?)(?)( 10 0x00000000 msft:rm/algorithm/flags/1.0)( 11 0x00000000 0xC004F056)])]
11: 86af9220-9d6f-4575-bef0-619a9a6aa005, 1, 0 [(0 [0xC004F014, 0, 0], [(?)(?)(?)(?)(?)(?)(?)(?)])(1 )(2 )(3 )]
12: 951c0fe6-40a8-4400-8003-eec0686ffbc4, 1, 0 [(0 [0xC004F014, 0, 0], [(?)(?)(?)(?)(?)(?)(?)(?)])(1 )(2 )(3 )]
13: 95820f84-6e8c-4d22-b2ce-54953e9911bc, 1, 0 [(0 [0xC004F014, 0, 0], [(?)(?)(?)(?)(?)(?)(?)(?)])(1 )(2 )(3 )]
14: 96353198-443e-479d-9e80-9a6d72fd1a99, 1, 0 [(0 [0xC004F014, 0, 0], [(?)(?)(?)(?)(?)(?)(?)(?)])(1 )(2 )(3 )]
15: a96f8dae-da54-4fad-bdc6-108da592707a, 1, 0 [(0 [0xC004F014, 0, 0], [(?)(?)(?)(?)(?)(?)(?)(?)])(1 )(2 )(3 )]
16: ae9d158f-9450-4a0c-8c80-dd973c58357c, 1, 0 [(0 [0xC004F014, 0, 0], [(?)(?)(?)(?)(?)(?)(?)(?)])(1 )(2 )(3 )]
17: b4af11be-5f94-4d8f-9844-ce0d5e0d8680, 1, 0 [(0 [0xC004F014, 0, 0], [(?)(?)(?)(?)(?)(?)(?)(?)])(1 )(2 )(3 )]
18: b58a5943-16ea-420f-a611-7b230acd762c, 1, 0 [(0 [0xC004F014, 0, 0], [(?)(?)(?)(?)(?)(?)(?)(?)])(1 )(2 )(3 )]
19: c85fe025-b033-4f41-936b-b121521ba1c1, 1, 0 [(0 [0xC004F014, 0, 0], [(?)(?)(?)(?)(?)(?)(?)(?)])(1 )(2 )(3 )]
20: d7279dd0-e175-49fe-a623-8fc2fc00afc4, 1, 1 [(0 )(1 )(2 )(3 [0x00000000, 0, 0], [( 6 0xC004F009 5 0)( 1 0x00000000)( 6 0xC004F009 5 0)(?)(?)(?)( 10 0x00000000 msft:rm/algorithm/flags/1.0)( 11 0x00000000 0xC004F009)])]
21: fb3540bc-a824-4c79-83da-6f6bd3ac6ccb, 1, 0 [(0 [0xC004F014, 0, 0], [(?)(?)(?)(?)(?)(?)(?)(?)])(1 )(2 )(3 )]

",Software Protection Platform Service,2020-11-13 07:05:39,India,Gujarat,Ahmedabad,380007,Asia/Kolkata,GTPL A. J. Enterprise
141,LAPTOP-1MKMTVPM,(0),Information,"The Software Protection service has completed licensing status check.
Application Id=0ff1ce15-a989-479d-af46-f275c6370663
Licensing Status=
1: 85dd8b5f-eaa4-4af3-a628-cce9e77c9a03, 1, 1 [(0 [0xC004E003, 0, 0], [( 2 0xC004F056 0 0 msft:rm/algorithm/volume/1.0 0x00000000 0)( 1 0x00000000)(?)( 2 0xC004F056 0 0 msft:rm/algorithm/volume/1.0 0x00000000 0)(?)(?)(?)(?)])(1 )(2 )(3 [0x00000000, 0, 0], [( 6 0xC004F009 30 0)( 1 0x00000000)( 6 0xC004F009 30 0)(?)(?)(?)( 10 0x00000000 msft:rm/algorithm/flags/1.0)( 11 0x00000000 0xC004F056)])]

",Software Protection Platform Service,2020-11-13 06:50:44,India,Gujarat,Ahmedabad,380007,Asia/Kolkata,GTPL A. J. Enterprise
142,LAPTOP-1MKMTVPM,(0),Information,"The Software Protection service has completed licensing status check.
Application Id=0ff1ce15-a989-479d-af46-f275c6370663
Licensing Status=
1: d7279dd0-e175-49fe-a623-8fc2fc00afc4, 1, 1 [(0 )(1 )(2 )(3 [0x00000000, 0, 0], [( 6 0xC004F009 5 0)( 1 0x00000000)( 6 0xC004F009 5 0)(?)(?)(?)( 10 0x00000000 msft:rm/algorithm/flags/1.0)( 11 0x00000000 0xC004F009)])]

",Software Protection Platform Service,2020-11-13 06:50:32,India,Gujarat,Ahmedabad,380007,Asia/Kolkata,GTPL A. J. Enterprise
143,LAPTOP-1MKMTVPM,(0),Information,Updated Quick Heal AntiVirus Pro status successfully to SECURITY_PRODUCT_STATE_ON.,SecurityCenter,2020-11-14 17:45:00,India,Gujarat,Ahmedabad,380007,Asia/Kolkata,GTPL A. J. Enterprise
144,LAPTOP-1MKMTVPM,(0),Information,"The Software Protection service has completed licensing status check.
Application Id=0ff1ce15-a989-479d-af46-f275c6370663
Licensing Status=
1: 0b4e6cfa-3072-434c-b702-bd1836e6887c, 1, 0 [(0 [0xC004F014, 0, 0], [(?)(?)(?)(?)(?)(?)(?)(?)])(1 )(2 )(3 )]
2: 0bc88885-718c-491d-921f-6f214349e79c, 1, 0 [(0 [0xC004F014, 0, 0], [(?)(?)(?)(?)(?)(?)(?)(?)])(1 )(2 )(3 )]
3: 28f64a3f-cf84-46da-b1e8-2dfa7750e491, 1, 0 [(0 [0xC004F014, 0, 0], [(?)(?)(?)(?)(?)(?)(?)(?)])(1 )(2 )(3 )]
4: 4c1d1588-3088-4796-b3b2-8935f3a0d886, 1, 0 [(0 [0xC004F014, 0, 0], [(?)(?)(?)(?)(?)(?)(?)(?)])(1 )(2 )(3 )]
5: 52287aa3-9945-44d1-9046-7a3373666821, 1, 0 [(0 [0xC004F014, 0, 0], [(?)(?)(?)(?)(?)(?)(?)(?)])(1 )(2 )(3 )]
6: 537ea5b5-7d50-4876-bd38-a53a77caca32, 1, 0 [(0 [0xC004F014, 0, 0], [(?)(?)(?)(?)(?)(?)(?)(?)])(1 )(2 )(3 )]
7: 6755c7a7-4dfe-46f5-bce8-427be8e9dc62, 1, 0 [(0 [0xC004F014, 0, 0], [(?)(?)(?)(?)(?)(?)(?)(?)])(1 )(2 )(3 )]
8: 77f47589-2212-4e3b-ad27-a900ce813837, 1, 0 [(0 [0xC004F014, 0, 0], [(?)(?)(?)(?)(?)(?)(?)(?)])(1 )(2 )(3 )]
9: 7ab38a1c-a803-4ca5-8ebb-f8786c4b4faa, 1, 0 [(0 [0xC004F014, 0, 0], [(?)(?)(?)(?)(?)(?)(?)(?)])(1 )(2 )(3 )]
10: 85dd8b5f-eaa4-4af3-a628-cce9e77c9a03, 1, 1 [(0 [0xC004E003, 0, 0], [( 2 0xC004F056 0 0 msft:rm/algorithm/volume/1.0 0x00000000 0)( 1 0x00000000)(?)( 2 0xC004F056 0 0 msft:rm/algorithm/volume/1.0 0x00000000 0)(?)(?)(?)(?)])(1 )(2 )(3 [0x00000000, 0, 0], [( 6 0xC004F009 30 0)( 1 0x00000000)( 6 0xC004F009 30 0)(?)(?)(?)( 10 0x00000000 msft:rm/algorithm/flags/1.0)( 11 0x00000000 0xC004F056)])]
11: 86af9220-9d6f-4575-bef0-619a9a6aa005, 1, 0 [(0 [0xC004F014, 0, 0], [(?)(?)(?)(?)(?)(?)(?)(?)])(1 )(2 )(3 )]
12: 951c0fe6-40a8-4400-8003-eec0686ffbc4, 1, 0 [(0 [0xC004F014, 0, 0], [(?)(?)(?)(?)(?)(?)(?)(?)])(1 )(2 )(3 )]
13: 95820f84-6e8c-4d22-b2ce-54953e9911bc, 1, 0 [(0 [0xC004F014, 0, 0], [(?)(?)(?)(?)(?)(?)(?)(?)])(1 )(2 )(3 )]
14: 96353198-443e-479d-9e80-9a6d72fd1a99, 1, 0 [(0 [0xC004F014, 0, 0], [(?)(?)(?)(?)(?)(?)(?)(?)])(1 )(2 )(3 )]
15: a96f8dae-da54-4fad-bdc6-108da592707a, 1, 0 [(0 [0xC004F014, 0, 0], [(?)(?)(?)(?)(?)(?)(?)(?)])(1 )(2 )(3 )]
16: ae9d158f-9450-4a0c-8c80-dd973c58357c, 1, 0 [(0 [0xC004F014, 0, 0], [(?)(?)(?)(?)(?)(?)(?)(?)])(1 )(2 )(3 )]
17: b4af11be-5f94-4d8f-9844-ce0d5e0d8680, 1, 0 [(0 [0xC004F014, 0, 0], [(?)(?)(?)(?)(?)(?)(?)(?)])(1 )(2 )(3 )]
18: b58a5943-16ea-420f-a611-7b230acd762c, 1, 0 [(0 [0xC004F014, 0, 0], [(?)(?)(?)(?)(?)(?)(?)(?)])(1 )(2 )(3 )]
19: c85fe025-b033-4f41-936b-b121521ba1c1, 1, 0 [(0 [0xC004F014, 0, 0], [(?)(?)(?)(?)(?)(?)(?)(?)])(1 )(2 )(3 )]
20: d7279dd0-e175-49fe-a623-8fc2fc00afc4, 1, 1 [(0 )(1 )(2 )(3 [0x00000000, 0, 0], [( 6 0xC004F009 5 0)( 1 0x00000000)( 6 0xC004F009 5 0)(?)(?)(?)( 10 0x00000000 msft:rm/algorithm/flags/1.0)( 11 0x00000000 0xC004F009)])]
21: fb3540bc-a824-4c79-83da-6f6bd3ac6ccb, 1, 0 [(0 [0xC004F014, 0, 0], [(?)(?)(?)(?)(?)(?)(?)(?)])(1 )(2 )(3 )]

",Software Protection Platform Service,2020-11-13 07:24:23,India,Gujarat,Ahmedabad,380007,Asia/Kolkata,GTPL A. J. Enterprise
145,LAPTOP-1MKMTVPM,(0),Information,Duplicate definition of policy found. Policy name=AAD-WindowsCore-AddAccountRestrictions  Priority=100,Software Protection Platform Service,2020-11-13 07:24:05,India,Gujarat,Ahmedabad,380007,Asia/Kolkata,GTPL A. J. Enterprise
146,LAPTOP-1MKMTVPM,(0),Information,Updated Quick Heal AntiVirus Pro status successfully to SECURITY_PRODUCT_STATE_ON.,SecurityCenter,2020-11-13 07:17:09,India,Gujarat,Ahmedabad,380007,Asia/Kolkata,GTPL A. J. Enterprise
147,LAPTOP-1MKMTVPM,(0),Information,Offline downlevel migration succeeded.,Software Protection Platform Service,2020-11-13 07:15:07,India,Gujarat,Ahmedabad,380007,Asia/Kolkata,GTPL A. J. Enterprise
148,LAPTOP-1MKMTVPM,(0),Information,"These policies are being excluded since they are only defined with override-only attribute.
Policy Names=(Security-SPP-Reserved-EnableNotificationMode) 
App Id=55c92734-d682-4d71-983e-d6ec3f16059f
Sku Id=ed799377-74b8-4989-a244-14d082e65972",Software Protection Platform Service,2020-11-13 07:12:09,India,Gujarat,Ahmedabad,380007,Asia/Kolkata,GTPL A. J. Enterprise
149,LAPTOP-1MKMTVPM,(0),Information,Successfully scheduled Software Protection service for re-start at 2020-11-13T09:21:35Z. Reason: RulesEngine.,Software Protection Platform Service,2020-11-13 07:08:35,India,Gujarat,Ahmedabad,380007,Asia/Kolkata,GTPL A. J. Enterprise
150,LAPTOP-1MKMTVPM,(0),Information,"The Software Protection service has completed licensing status check.
Application Id=0ff1ce15-a989-479d-af46-f275c6370663
Licensing Status=
1: 85dd8b5f-eaa4-4af3-a628-cce9e77c9a03, 1, 1 [(0 [0xC004E003, 0, 0], [( 2 0xC004F056 0 0 msft:rm/algorithm/volume/1.0 0x00000000 0)( 1 0x00000000)(?)( 2 0xC004F056 0 0 msft:rm/algorithm/volume/1.0 0x00000000 0)(?)(?)(?)(?)])(1 )(2 )(3 [0x00000000, 0, 0], [( 6 0xC004F009 30 0)( 1 0x00000000)( 6 0xC004F009 30 0)(?)(?)(?)( 10 0x00000000 msft:rm/algorithm/flags/1.0)( 11 0x00000000 0xC004F056)])]

",Software Protection Platform Service,2020-11-13 07:05:38,India,Gujarat,Ahmedabad,380007,Asia/Kolkata,GTPL A. J. Enterprise
151,LAPTOP-1MKMTVPM,(0),Information,Offline downlevel migration succeeded.,Software Protection Platform Service,2020-11-13 07:05:37,India,Gujarat,Ahmedabad,380007,Asia/Kolkata,GTPL A. J. Enterprise
152,LAPTOP-1MKMTVPM,(0),Information,"The Software Protection service has completed licensing status check.
Application Id=0ff1ce15-a989-479d-af46-f275c6370663
Licensing Status=
1: 0b4e6cfa-3072-434c-b702-bd1836e6887c, 1, 0 [(0 [0xC004F014, 0, 0], [(?)(?)(?)(?)(?)(?)(?)(?)])(1 )(2 )(3 )]
2: 0bc88885-718c-491d-921f-6f214349e79c, 1, 0 [(0 [0xC004F014, 0, 0], [(?)(?)(?)(?)(?)(?)(?)(?)])(1 )(2 )(3 )]
3: 28f64a3f-cf84-46da-b1e8-2dfa7750e491, 1, 0 [(0 [0xC004F014, 0, 0], [(?)(?)(?)(?)(?)(?)(?)(?)])(1 )(2 )(3 )]
4: 4c1d1588-3088-4796-b3b2-8935f3a0d886, 1, 0 [(0 [0xC004F014, 0, 0], [(?)(?)(?)(?)(?)(?)(?)(?)])(1 )(2 )(3 )]
5: 52287aa3-9945-44d1-9046-7a3373666821, 1, 0 [(0 [0xC004F014, 0, 0], [(?)(?)(?)(?)(?)(?)(?)(?)])(1 )(2 )(3 )]
6: 537ea5b5-7d50-4876-bd38-a53a77caca32, 1, 0 [(0 [0xC004F014, 0, 0], [(?)(?)(?)(?)(?)(?)(?)(?)])(1 )(2 )(3 )]
7: 6755c7a7-4dfe-46f5-bce8-427be8e9dc62, 1, 0 [(0 [0xC004F014, 0, 0], [(?)(?)(?)(?)(?)(?)(?)(?)])(1 )(2 )(3 )]
8: 77f47589-2212-4e3b-ad27-a900ce813837, 1, 0 [(0 [0xC004F014, 0, 0], [(?)(?)(?)(?)(?)(?)(?)(?)])(1 )(2 )(3 )]
9: 7ab38a1c-a803-4ca5-8ebb-f8786c4b4faa, 1, 0 [(0 [0xC004F014, 0, 0], [(?)(?)(?)(?)(?)(?)(?)(?)])(1 )(2 )(3 )]
10: 85dd8b5f-eaa4-4af3-a628-cce9e77c9a03, 1, 1 [(0 [0xC004E003, 0, 0], [( 2 0xC004F056 0 0 msft:rm/algorithm/volume/1.0 0x00000000 0)( 1 0x00000000)(?)( 2 0xC004F056 0 0 msft:rm/algorithm/volume/1.0 0x00000000 0)(?)(?)(?)(?)])(1 )(2 )(3 [0x00000000, 0, 0], [( 6 0xC004F009 30 0)( 1 0x00000000)( 6 0xC004F009 30 0)(?)(?)(?)( 10 0x00000000 msft:rm/algorithm/flags/1.0)( 11 0x00000000 0xC004F056)])]
11: 86af9220-9d6f-4575-bef0-619a9a6aa005, 1, 0 [(0 [0xC004F014, 0, 0], [(?)(?)(?)(?)(?)(?)(?)(?)])(1 )(2 )(3 )]
12: 951c0fe6-40a8-4400-8003-eec0686ffbc4, 1, 0 [(0 [0xC004F014, 0, 0], [(?)(?)(?)(?)(?)(?)(?)(?)])(1 )(2 )(3 )]
13: 95820f84-6e8c-4d22-b2ce-54953e9911bc, 1, 0 [(0 [0xC004F014, 0, 0], [(?)(?)(?)(?)(?)(?)(?)(?)])(1 )(2 )(3 )]
14: 96353198-443e-479d-9e80-9a6d72fd1a99, 1, 0 [(0 [0xC004F014, 0, 0], [(?)(?)(?)(?)(?)(?)(?)(?)])(1 )(2 )(3 )]
15: a96f8dae-da54-4fad-bdc6-108da592707a, 1, 0 [(0 [0xC004F014, 0, 0], [(?)(?)(?)(?)(?)(?)(?)(?)])(1 )(2 )(3 )]
16: ae9d158f-9450-4a0c-8c80-dd973c58357c, 1, 0 [(0 [0xC004F014, 0, 0], [(?)(?)(?)(?)(?)(?)(?)(?)])(1 )(2 )(3 )]
17: b4af11be-5f94-4d8f-9844-ce0d5e0d8680, 1, 0 [(0 [0xC004F014, 0, 0], [(?)(?)(?)(?)(?)(?)(?)(?)])(1 )(2 )(3 )]
18: b58a5943-16ea-420f-a611-7b230acd762c, 1, 0 [(0 [0xC004F014, 0, 0], [(?)(?)(?)(?)(?)(?)(?)(?)])(1 )(2 )(3 )]
19: c85fe025-b033-4f41-936b-b121521ba1c1, 1, 0 [(0 [0xC004F014, 0, 0], [(?)(?)(?)(?)(?)(?)(?)(?)])(1 )(2 )(3 )]
20: d7279dd0-e175-49fe-a623-8fc2fc00afc4, 1, 1 [(0 )(1 )(2 )(3 [0x00000000, 0, 0], [( 6 0xC004F009 5 0)( 1 0x00000000)( 6 0xC004F009 5 0)(?)(?)(?)( 10 0x00000000 msft:rm/algorithm/flags/1.0)( 11 0x00000000 0xC004F009)])]
21: fb3540bc-a824-4c79-83da-6f6bd3ac6ccb, 1, 0 [(0 [0xC004F014, 0, 0], [(?)(?)(?)(?)(?)(?)(?)(?)])(1 )(2 )(3 )]

",Software Protection Platform Service,2020-11-13 06:50:31,India,Gujarat,Ahmedabad,380007,Asia/Kolkata,GTPL A. J. Enterprise
153,LAPTOP-1MKMTVPM,(0),Information,"The Software Protection service has completed licensing status check.
Application Id=0ff1ce15-a989-479d-af46-f275c6370663
Licensing Status=
1: 0b4e6cfa-3072-434c-b702-bd1836e6887c, 1, 0 [(0 [0xC004F014, 0, 0], [(?)(?)(?)(?)(?)(?)(?)(?)])(1 )(2 )(3 )]
2: 0bc88885-718c-491d-921f-6f214349e79c, 1, 0 [(0 [0xC004F014, 0, 0], [(?)(?)(?)(?)(?)(?)(?)(?)])(1 )(2 )(3 )]
3: 28f64a3f-cf84-46da-b1e8-2dfa7750e491, 1, 0 [(0 [0xC004F014, 0, 0], [(?)(?)(?)(?)(?)(?)(?)(?)])(1 )(2 )(3 )]
4: 4c1d1588-3088-4796-b3b2-8935f3a0d886, 1, 0 [(0 [0xC004F014, 0, 0], [(?)(?)(?)(?)(?)(?)(?)(?)])(1 )(2 )(3 )]
5: 52287aa3-9945-44d1-9046-7a3373666821, 1, 0 [(0 [0xC004F014, 0, 0], [(?)(?)(?)(?)(?)(?)(?)(?)])(1 )(2 )(3 )]
6: 537ea5b5-7d50-4876-bd38-a53a77caca32, 1, 0 [(0 [0xC004F014, 0, 0], [(?)(?)(?)(?)(?)(?)(?)(?)])(1 )(2 )(3 )]
7: 6755c7a7-4dfe-46f5-bce8-427be8e9dc62, 1, 0 [(0 [0xC004F014, 0, 0], [(?)(?)(?)(?)(?)(?)(?)(?)])(1 )(2 )(3 )]
8: 77f47589-2212-4e3b-ad27-a900ce813837, 1, 0 [(0 [0xC004F014, 0, 0], [(?)(?)(?)(?)(?)(?)(?)(?)])(1 )(2 )(3 )]
9: 7ab38a1c-a803-4ca5-8ebb-f8786c4b4faa, 1, 0 [(0 [0xC004F014, 0, 0], [(?)(?)(?)(?)(?)(?)(?)(?)])(1 )(2 )(3 )]
10: 85dd8b5f-eaa4-4af3-a628-cce9e77c9a03, 1, 1 [(0 [0xC004E003, 0, 0], [( 2 0xC004F056 0 0 msft:rm/algorithm/volume/1.0 0x00000000 0)( 1 0x00000000)(?)( 2 0xC004F056 0 0 msft:rm/algorithm/volume/1.0 0x00000000 0)(?)(?)(?)(?)])(1 )(2 )(3 [0x00000000, 0, 0], [( 6 0xC004F009 30 0)( 1 0x00000000)( 6 0xC004F009 30 0)(?)(?)(?)( 10 0x00000000 msft:rm/algorithm/flags/1.0)( 11 0x00000000 0xC004F056)])]
11: 86af9220-9d6f-4575-bef0-619a9a6aa005, 1, 0 [(0 [0xC004F014, 0, 0], [(?)(?)(?)(?)(?)(?)(?)(?)])(1 )(2 )(3 )]
12: 951c0fe6-40a8-4400-8003-eec0686ffbc4, 1, 0 [(0 [0xC004F014, 0, 0], [(?)(?)(?)(?)(?)(?)(?)(?)])(1 )(2 )(3 )]
13: 95820f84-6e8c-4d22-b2ce-54953e9911bc, 1, 0 [(0 [0xC004F014, 0, 0], [(?)(?)(?)(?)(?)(?)(?)(?)])(1 )(2 )(3 )]
14: 96353198-443e-479d-9e80-9a6d72fd1a99, 1, 0 [(0 [0xC004F014, 0, 0], [(?)(?)(?)(?)(?)(?)(?)(?)])(1 )(2 )(3 )]
15: a96f8dae-da54-4fad-bdc6-108da592707a, 1, 0 [(0 [0xC004F014, 0, 0], [(?)(?)(?)(?)(?)(?)(?)(?)])(1 )(2 )(3 )]
16: ae9d158f-9450-4a0c-8c80-dd973c58357c, 1, 0 [(0 [0xC004F014, 0, 0], [(?)(?)(?)(?)(?)(?)(?)(?)])(1 )(2 )(3 )]
17: b4af11be-5f94-4d8f-9844-ce0d5e0d8680, 1, 0 [(0 [0xC004F014, 0, 0], [(?)(?)(?)(?)(?)(?)(?)(?)])(1 )(2 )(3 )]
18: b58a5943-16ea-420f-a611-7b230acd762c, 1, 0 [(0 [0xC004F014, 0, 0], [(?)(?)(?)(?)(?)(?)(?)(?)])(1 )(2 )(3 )]
19: c85fe025-b033-4f41-936b-b121521ba1c1, 1, 0 [(0 [0xC004F014, 0, 0], [(?)(?)(?)(?)(?)(?)(?)(?)])(1 )(2 )(3 )]
20: d7279dd0-e175-49fe-a623-8fc2fc00afc4, 1, 1 [(0 )(1 )(2 )(3 [0x00000000, 0, 0], [( 6 0xC004F009 5 0)( 1 0x00000000)( 6 0xC004F009 5 0)(?)(?)(?)( 10 0x00000000 msft:rm/algorithm/flags/1.0)( 11 0x00000000 0xC004F009)])]
21: fb3540bc-a824-4c79-83da-6f6bd3ac6ccb, 1, 0 [(0 [0xC004F014, 0, 0], [(?)(?)(?)(?)(?)(?)(?)(?)])(1 )(2 )(3 )]

",Software Protection Platform Service,2020-11-13 06:49:58,India,Gujarat,Ahmedabad,380007,Asia/Kolkata,GTPL A. J. Enterprise
154,LAPTOP-1MKMTVPM,General,Information,"SearchIndexer (6372,T,97) Windows: The database engine stopped the instance (0).



Dirty Shutdown: 0



Internal Timing Sequence: 
[1] 0.000007 +J(0) +M(C:0K, Fs:1, WS:4K # 0K, PF:0K # 0K, P:0K)
[2] 0.000023 +J(0) +M(C:0K, Fs:1, WS:4K # 0K, PF:0K # 0K, P:0K)
[3] 0.000025 +J(0)
[4] 0.000003 +J(0)
[5] 0.013991 -0.000012 (31) CM -0.009938 (9) WT +J(CM:31, PgRf:0, Rd:0/31, Dy:0/0, Lg:0/0) +M(C:0K, Fs:188, WS:104K # 0K, PF:4K # 0K, P:4K)
[6] 0.001213 +J(0) +M(C:0K, Fs:1, WS:-1660K # 0K, PF:-2144K # 0K, P:-2144K)
[7] 0.000022 +J(0)
[8] 0.011759 -0.007091 (12) WT +J(CM:0, PgRf:0, Rd:0/0, Dy:0/0, Lg:3950/2) +M(C:0K, Fs:34, WS:36K # 0K, PF:52K # 0K, P:52K)
[9] 0.000718 -0.000654 (1) WT +J(CM:0, PgRf:0, Rd:0/0, Dy:0/0, Lg:66/1) +M(C:0K, Fs:2, WS:8K # 0K, PF:20K # 0K, P:20K)
[10] 0.000008 +J(0)
[11] 0.002748 -0.001034 (2) WT +J(0)
[12] 0.000085 +J(0) +M(C:0K, Fs:0, WS:-4K # 0K, PF:-4K # 0K, P:-4K)
[13] 0.000750 +J(0)
[14] 0.000102 +J(0) +M(C:0K, Fs:0, WS:-152K # 0K, PF:-168K # 0K, P:-168K)
[15] 0.000005 +J(0).",ESENT,2020-11-13 06:49:44,India,Gujarat,Ahmedabad,380007,Asia/Kolkata,GTPL A. J. Enterprise
155,LAPTOP-1MKMTVPM,(0),Information,Ending a Windows Installer transaction: c:\program files (x86)\microsoft office\root\integration\c2rint.16.msi. Client Process Id: 14504.,MsiInstaller,2020-11-13 06:49:44,India,Gujarat,Ahmedabad,380007,Asia/Kolkata,GTPL A. J. Enterprise
156,LAPTOP-1MKMTVPM,(0),Information,"The Software Protection service has completed licensing status check.
Application Id=0ff1ce15-a989-479d-af46-f275c6370663
Licensing Status=
1: 0b4e6cfa-3072-434c-b702-bd1836e6887c, 1, 0 [(0 [0xC004F014, 0, 0], [(?)(?)(?)(?)(?)(?)(?)(?)])(1 )(2 )(3 )]
2: 0bc88885-718c-491d-921f-6f214349e79c, 1, 0 [(0 [0xC004F014, 0, 0], [(?)(?)(?)(?)(?)(?)(?)(?)])(1 )(2 )(3 )]
3: 28f64a3f-cf84-46da-b1e8-2dfa7750e491, 1, 0 [(0 [0xC004F014, 0, 0], [(?)(?)(?)(?)(?)(?)(?)(?)])(1 )(2 )(3 )]
4: 4c1d1588-3088-4796-b3b2-8935f3a0d886, 1, 0 [(0 [0xC004F014, 0, 0], [(?)(?)(?)(?)(?)(?)(?)(?)])(1 )(2 )(3 )]
5: 52287aa3-9945-44d1-9046-7a3373666821, 1, 0 [(0 [0xC004F014, 0, 0], [(?)(?)(?)(?)(?)(?)(?)(?)])(1 )(2 )(3 )]
6: 537ea5b5-7d50-4876-bd38-a53a77caca32, 1, 0 [(0 [0xC004F014, 0, 0], [(?)(?)(?)(?)(?)(?)(?)(?)])(1 )(2 )(3 )]
7: 6755c7a7-4dfe-46f5-bce8-427be8e9dc62, 1, 0 [(0 [0xC004F014, 0, 0], [(?)(?)(?)(?)(?)(?)(?)(?)])(1 )(2 )(3 )]
8: 77f47589-2212-4e3b-ad27-a900ce813837, 1, 0 [(0 [0xC004F014, 0, 0], [(?)(?)(?)(?)(?)(?)(?)(?)])(1 )(2 )(3 )]
9: 7ab38a1c-a803-4ca5-8ebb-f8786c4b4faa, 1, 0 [(0 [0xC004F014, 0, 0], [(?)(?)(?)(?)(?)(?)(?)(?)])(1 )(2 )(3 )]
10: 85dd8b5f-eaa4-4af3-a628-cce9e77c9a03, 1, 1 [(0 [0xC004E003, 0, 0], [( 2 0xC004F056 0 0 msft:rm/algorithm/volume/1.0 0x00000000 0)( 1 0x00000000)(?)( 2 0xC004F056 0 0 msft:rm/algorithm/volume/1.0 0x00000000 0)(?)(?)(?)(?)])(1 )(2 )(3 [0x00000000, 0, 0], [( 6 0xC004F009 30 0)( 1 0x00000000)( 6 0xC004F009 30 0)(?)(?)(?)( 10 0x00000000 msft:rm/algorithm/flags/1.0)( 11 0x00000000 0xC004F056)])]
11: 86af9220-9d6f-4575-bef0-619a9a6aa005, 1, 0 [(0 [0xC004F014, 0, 0], [(?)(?)(?)(?)(?)(?)(?)(?)])(1 )(2 )(3 )]
12: 951c0fe6-40a8-4400-8003-eec0686ffbc4, 1, 0 [(0 [0xC004F014, 0, 0], [(?)(?)(?)(?)(?)(?)(?)(?)])(1 )(2 )(3 )]
13: 95820f84-6e8c-4d22-b2ce-54953e9911bc, 1, 0 [(0 [0xC004F014, 0, 0], [(?)(?)(?)(?)(?)(?)(?)(?)])(1 )(2 )(3 )]
14: 96353198-443e-479d-9e80-9a6d72fd1a99, 1, 0 [(0 [0xC004F014, 0, 0], [(?)(?)(?)(?)(?)(?)(?)(?)])(1 )(2 )(3 )]
15: a96f8dae-da54-4fad-bdc6-108da592707a, 1, 0 [(0 [0xC004F014, 0, 0], [(?)(?)(?)(?)(?)(?)(?)(?)])(1 )(2 )(3 )]
16: ae9d158f-9450-4a0c-8c80-dd973c58357c, 1, 0 [(0 [0xC004F014, 0, 0], [(?)(?)(?)(?)(?)(?)(?)(?)])(1 )(2 )(3 )]
17: b4af11be-5f94-4d8f-9844-ce0d5e0d8680, 1, 0 [(0 [0xC004F014, 0, 0], [(?)(?)(?)(?)(?)(?)(?)(?)])(1 )(2 )(3 )]
18: b58a5943-16ea-420f-a611-7b230acd762c, 1, 0 [(0 [0xC004F014, 0, 0], [(?)(?)(?)(?)(?)(?)(?)(?)])(1 )(2 )(3 )]
19: c85fe025-b033-4f41-936b-b121521ba1c1, 1, 0 [(0 [0xC004F014, 0, 0], [(?)(?)(?)(?)(?)(?)(?)(?)])(1 )(2 )(3 )]
20: d7279dd0-e175-49fe-a623-8fc2fc00afc4, 1, 1 [(0 )(1 )(2 )(3 [0x00000000, 0, 0], [( 6 0xC004F009 5 0)( 1 0x00000000)( 6 0xC004F009 5 0)(?)(?)(?)( 10 0x00000000 msft:rm/algorithm/flags/1.0)( 11 0x00000000 0xC004F009)])]
21: fb3540bc-a824-4c79-83da-6f6bd3ac6ccb, 1, 0 [(0 [0xC004F014, 0, 0], [(?)(?)(?)(?)(?)(?)(?)(?)])(1 )(2 )(3 )]

",Software Protection Platform Service,2020-11-13 07:39:15,India,Gujarat,Ahmedabad,380007,Asia/Kolkata,GTPL A. J. Enterprise
157,LAPTOP-1MKMTVPM,(0),Information,"The Software Protection service has completed licensing status check.
Application Id=0ff1ce15-a989-479d-af46-f275c6370663
Licensing Status=
1: 0b4e6cfa-3072-434c-b702-bd1836e6887c, 1, 0 [(0 [0xC004F014, 0, 0], [(?)(?)(?)(?)(?)(?)(?)(?)])(1 )(2 )(3 )]
2: 0bc88885-718c-491d-921f-6f214349e79c, 1, 0 [(0 [0xC004F014, 0, 0], [(?)(?)(?)(?)(?)(?)(?)(?)])(1 )(2 )(3 )]
3: 28f64a3f-cf84-46da-b1e8-2dfa7750e491, 1, 0 [(0 [0xC004F014, 0, 0], [(?)(?)(?)(?)(?)(?)(?)(?)])(1 )(2 )(3 )]
4: 4c1d1588-3088-4796-b3b2-8935f3a0d886, 1, 0 [(0 [0xC004F014, 0, 0], [(?)(?)(?)(?)(?)(?)(?)(?)])(1 )(2 )(3 )]
5: 52287aa3-9945-44d1-9046-7a3373666821, 1, 0 [(0 [0xC004F014, 0, 0], [(?)(?)(?)(?)(?)(?)(?)(?)])(1 )(2 )(3 )]
6: 537ea5b5-7d50-4876-bd38-a53a77caca32, 1, 0 [(0 [0xC004F014, 0, 0], [(?)(?)(?)(?)(?)(?)(?)(?)])(1 )(2 )(3 )]
7: 6755c7a7-4dfe-46f5-bce8-427be8e9dc62, 1, 0 [(0 [0xC004F014, 0, 0], [(?)(?)(?)(?)(?)(?)(?)(?)])(1 )(2 )(3 )]
8: 77f47589-2212-4e3b-ad27-a900ce813837, 1, 0 [(0 [0xC004F014, 0, 0], [(?)(?)(?)(?)(?)(?)(?)(?)])(1 )(2 )(3 )]
9: 7ab38a1c-a803-4ca5-8ebb-f8786c4b4faa, 1, 0 [(0 [0xC004F014, 0, 0], [(?)(?)(?)(?)(?)(?)(?)(?)])(1 )(2 )(3 )]
10: 85dd8b5f-eaa4-4af3-a628-cce9e77c9a03, 1, 1 [(0 [0xC004E003, 0, 0], [( 2 0xC004F056 0 0 msft:rm/algorithm/volume/1.0 0x00000000 0)( 1 0x00000000)(?)( 2 0xC004F056 0 0 msft:rm/algorithm/volume/1.0 0x00000000 0)(?)(?)(?)(?)])(1 )(2 )(3 [0x00000000, 0, 0], [( 6 0xC004F009 30 0)( 1 0x00000000)( 6 0xC004F009 30 0)(?)(?)(?)( 10 0x00000000 msft:rm/algorithm/flags/1.0)( 11 0x00000000 0xC004F056)])]
11: 86af9220-9d6f-4575-bef0-619a9a6aa005, 1, 0 [(0 [0xC004F014, 0, 0], [(?)(?)(?)(?)(?)(?)(?)(?)])(1 )(2 )(3 )]
12: 951c0fe6-40a8-4400-8003-eec0686ffbc4, 1, 0 [(0 [0xC004F014, 0, 0], [(?)(?)(?)(?)(?)(?)(?)(?)])(1 )(2 )(3 )]
13: 95820f84-6e8c-4d22-b2ce-54953e9911bc, 1, 0 [(0 [0xC004F014, 0, 0], [(?)(?)(?)(?)(?)(?)(?)(?)])(1 )(2 )(3 )]
14: 96353198-443e-479d-9e80-9a6d72fd1a99, 1, 0 [(0 [0xC004F014, 0, 0], [(?)(?)(?)(?)(?)(?)(?)(?)])(1 )(2 )(3 )]
15: a96f8dae-da54-4fad-bdc6-108da592707a, 1, 0 [(0 [0xC004F014, 0, 0], [(?)(?)(?)(?)(?)(?)(?)(?)])(1 )(2 )(3 )]
16: ae9d158f-9450-4a0c-8c80-dd973c58357c, 1, 0 [(0 [0xC004F014, 0, 0], [(?)(?)(?)(?)(?)(?)(?)(?)])(1 )(2 )(3 )]
17: b4af11be-5f94-4d8f-9844-ce0d5e0d8680, 1, 0 [(0 [0xC004F014, 0, 0], [(?)(?)(?)(?)(?)(?)(?)(?)])(1 )(2 )(3 )]
18: b58a5943-16ea-420f-a611-7b230acd762c, 1, 0 [(0 [0xC004F014, 0, 0], [(?)(?)(?)(?)(?)(?)(?)(?)])(1 )(2 )(3 )]
19: c85fe025-b033-4f41-936b-b121521ba1c1, 1, 0 [(0 [0xC004F014, 0, 0], [(?)(?)(?)(?)(?)(?)(?)(?)])(1 )(2 )(3 )]
20: d7279dd0-e175-49fe-a623-8fc2fc00afc4, 1, 1 [(0 )(1 )(2 )(3 [0x00000000, 0, 0], [( 6 0xC004F009 5 0)( 1 0x00000000)( 6 0xC004F009 5 0)(?)(?)(?)( 10 0x00000000 msft:rm/algorithm/flags/1.0)( 11 0x00000000 0xC004F009)])]
21: fb3540bc-a824-4c79-83da-6f6bd3ac6ccb, 1, 0 [(0 [0xC004F014, 0, 0], [(?)(?)(?)(?)(?)(?)(?)(?)])(1 )(2 )(3 )]

",Software Protection Platform Service,2020-11-13 07:26:38,India,Gujarat,Ahmedabad,380007,Asia/Kolkata,GTPL A. J. Enterprise
158,LAPTOP-1MKMTVPM,(0),Information,"The Software Protection service has completed licensing status check.
Application Id=0ff1ce15-a989-479d-af46-f275c6370663
Licensing Status=
1: 0b4e6cfa-3072-434c-b702-bd1836e6887c, 1, 0 [(0 [0xC004F014, 0, 0], [(?)(?)(?)(?)(?)(?)(?)(?)])(1 )(2 )(3 )]
2: 0bc88885-718c-491d-921f-6f214349e79c, 1, 0 [(0 [0xC004F014, 0, 0], [(?)(?)(?)(?)(?)(?)(?)(?)])(1 )(2 )(3 )]
3: 28f64a3f-cf84-46da-b1e8-2dfa7750e491, 1, 0 [(0 [0xC004F014, 0, 0], [(?)(?)(?)(?)(?)(?)(?)(?)])(1 )(2 )(3 )]
4: 4c1d1588-3088-4796-b3b2-8935f3a0d886, 1, 0 [(0 [0xC004F014, 0, 0], [(?)(?)(?)(?)(?)(?)(?)(?)])(1 )(2 )(3 )]
5: 52287aa3-9945-44d1-9046-7a3373666821, 1, 0 [(0 [0xC004F014, 0, 0], [(?)(?)(?)(?)(?)(?)(?)(?)])(1 )(2 )(3 )]
6: 537ea5b5-7d50-4876-bd38-a53a77caca32, 1, 0 [(0 [0xC004F014, 0, 0], [(?)(?)(?)(?)(?)(?)(?)(?)])(1 )(2 )(3 )]
7: 6755c7a7-4dfe-46f5-bce8-427be8e9dc62, 1, 0 [(0 [0xC004F014, 0, 0], [(?)(?)(?)(?)(?)(?)(?)(?)])(1 )(2 )(3 )]
8: 77f47589-2212-4e3b-ad27-a900ce813837, 1, 0 [(0 [0xC004F014, 0, 0], [(?)(?)(?)(?)(?)(?)(?)(?)])(1 )(2 )(3 )]
9: 7ab38a1c-a803-4ca5-8ebb-f8786c4b4faa, 1, 0 [(0 [0xC004F014, 0, 0], [(?)(?)(?)(?)(?)(?)(?)(?)])(1 )(2 )(3 )]
10: 85dd8b5f-eaa4-4af3-a628-cce9e77c9a03, 1, 1 [(0 [0xC004E003, 0, 0], [( 2 0xC004F056 0 0 msft:rm/algorithm/volume/1.0 0x00000000 0)( 1 0x00000000)(?)( 2 0xC004F056 0 0 msft:rm/algorithm/volume/1.0 0x00000000 0)(?)(?)(?)(?)])(1 )(2 )(3 [0x00000000, 0, 0], [( 6 0xC004F009 30 0)( 1 0x00000000)( 6 0xC004F009 30 0)(?)(?)(?)( 10 0x00000000 msft:rm/algorithm/flags/1.0)( 11 0x00000000 0xC004F056)])]
11: 86af9220-9d6f-4575-bef0-619a9a6aa005, 1, 0 [(0 [0xC004F014, 0, 0], [(?)(?)(?)(?)(?)(?)(?)(?)])(1 )(2 )(3 )]
12: 951c0fe6-40a8-4400-8003-eec0686ffbc4, 1, 0 [(0 [0xC004F014, 0, 0], [(?)(?)(?)(?)(?)(?)(?)(?)])(1 )(2 )(3 )]
13: 95820f84-6e8c-4d22-b2ce-54953e9911bc, 1, 0 [(0 [0xC004F014, 0, 0], [(?)(?)(?)(?)(?)(?)(?)(?)])(1 )(2 )(3 )]
14: 96353198-443e-479d-9e80-9a6d72fd1a99, 1, 0 [(0 [0xC004F014, 0, 0], [(?)(?)(?)(?)(?)(?)(?)(?)])(1 )(2 )(3 )]
15: a96f8dae-da54-4fad-bdc6-108da592707a, 1, 0 [(0 [0xC004F014, 0, 0], [(?)(?)(?)(?)(?)(?)(?)(?)])(1 )(2 )(3 )]
16: ae9d158f-9450-4a0c-8c80-dd973c58357c, 1, 0 [(0 [0xC004F014, 0, 0], [(?)(?)(?)(?)(?)(?)(?)(?)])(1 )(2 )(3 )]
17: b4af11be-5f94-4d8f-9844-ce0d5e0d8680, 1, 0 [(0 [0xC004F014, 0, 0], [(?)(?)(?)(?)(?)(?)(?)(?)])(1 )(2 )(3 )]
18: b58a5943-16ea-420f-a611-7b230acd762c, 1, 0 [(0 [0xC004F014, 0, 0], [(?)(?)(?)(?)(?)(?)(?)(?)])(1 )(2 )(3 )]
19: c85fe025-b033-4f41-936b-b121521ba1c1, 1, 0 [(0 [0xC004F014, 0, 0], [(?)(?)(?)(?)(?)(?)(?)(?)])(1 )(2 )(3 )]
20: d7279dd0-e175-49fe-a623-8fc2fc00afc4, 1, 1 [(0 )(1 )(2 )(3 [0x00000000, 0, 0], [( 6 0xC004F009 5 0)( 1 0x00000000)( 6 0xC004F009 5 0)(?)(?)(?)( 10 0x00000000 msft:rm/algorithm/flags/1.0)( 11 0x00000000 0xC004F009)])]
21: fb3540bc-a824-4c79-83da-6f6bd3ac6ccb, 1, 0 [(0 [0xC004F014, 0, 0], [(?)(?)(?)(?)(?)(?)(?)(?)])(1 )(2 )(3 )]

",Software Protection Platform Service,2020-11-13 07:17:52,India,Gujarat,Ahmedabad,380007,Asia/Kolkata,GTPL A. J. Enterprise
159,LAPTOP-1MKMTVPM,(0),Information,Duplicate definition of policy found. Policy name=AAD-WindowsCore-AddAccountRestrictions  Priority=100,Software Protection Platform Service,2020-11-13 07:12:09,India,Gujarat,Ahmedabad,380007,Asia/Kolkata,GTPL A. J. Enterprise
160,LAPTOP-1MKMTVPM,(0),Information,"The Software Protection service has completed licensing status check.
Application Id=0ff1ce15-a989-479d-af46-f275c6370663
Licensing Status=
1: 0b4e6cfa-3072-434c-b702-bd1836e6887c, 1, 0 [(0 [0xC004F014, 0, 0], [(?)(?)(?)(?)(?)(?)(?)(?)])(1 )(2 )(3 )]
2: 0bc88885-718c-491d-921f-6f214349e79c, 1, 0 [(0 [0xC004F014, 0, 0], [(?)(?)(?)(?)(?)(?)(?)(?)])(1 )(2 )(3 )]
3: 28f64a3f-cf84-46da-b1e8-2dfa7750e491, 1, 0 [(0 [0xC004F014, 0, 0], [(?)(?)(?)(?)(?)(?)(?)(?)])(1 )(2 )(3 )]
4: 4c1d1588-3088-4796-b3b2-8935f3a0d886, 1, 0 [(0 [0xC004F014, 0, 0], [(?)(?)(?)(?)(?)(?)(?)(?)])(1 )(2 )(3 )]
5: 52287aa3-9945-44d1-9046-7a3373666821, 1, 0 [(0 [0xC004F014, 0, 0], [(?)(?)(?)(?)(?)(?)(?)(?)])(1 )(2 )(3 )]
6: 537ea5b5-7d50-4876-bd38-a53a77caca32, 1, 0 [(0 [0xC004F014, 0, 0], [(?)(?)(?)(?)(?)(?)(?)(?)])(1 )(2 )(3 )]
7: 6755c7a7-4dfe-46f5-bce8-427be8e9dc62, 1, 0 [(0 [0xC004F014, 0, 0], [(?)(?)(?)(?)(?)(?)(?)(?)])(1 )(2 )(3 )]
8: 77f47589-2212-4e3b-ad27-a900ce813837, 1, 0 [(0 [0xC004F014, 0, 0], [(?)(?)(?)(?)(?)(?)(?)(?)])(1 )(2 )(3 )]
9: 7ab38a1c-a803-4ca5-8ebb-f8786c4b4faa, 1, 0 [(0 [0xC004F014, 0, 0], [(?)(?)(?)(?)(?)(?)(?)(?)])(1 )(2 )(3 )]
10: 85dd8b5f-eaa4-4af3-a628-cce9e77c9a03, 1, 1 [(0 [0xC004E003, 0, 0], [( 2 0xC004F056 0 0 msft:rm/algorithm/volume/1.0 0x00000000 0)( 1 0x00000000)(?)( 2 0xC004F056 0 0 msft:rm/algorithm/volume/1.0 0x00000000 0)(?)(?)(?)(?)])(1 )(2 )(3 [0x00000000, 0, 0], [( 6 0xC004F009 30 0)( 1 0x00000000)( 6 0xC004F009 30 0)(?)(?)(?)( 10 0x00000000 msft:rm/algorithm/flags/1.0)( 11 0x00000000 0xC004F056)])]
11: 86af9220-9d6f-4575-bef0-619a9a6aa005, 1, 0 [(0 [0xC004F014, 0, 0], [(?)(?)(?)(?)(?)(?)(?)(?)])(1 )(2 )(3 )]
12: 951c0fe6-40a8-4400-8003-eec0686ffbc4, 1, 0 [(0 [0xC004F014, 0, 0], [(?)(?)(?)(?)(?)(?)(?)(?)])(1 )(2 )(3 )]
13: 95820f84-6e8c-4d22-b2ce-54953e9911bc, 1, 0 [(0 [0xC004F014, 0, 0], [(?)(?)(?)(?)(?)(?)(?)(?)])(1 )(2 )(3 )]
14: 96353198-443e-479d-9e80-9a6d72fd1a99, 1, 0 [(0 [0xC004F014, 0, 0], [(?)(?)(?)(?)(?)(?)(?)(?)])(1 )(2 )(3 )]
15: a96f8dae-da54-4fad-bdc6-108da592707a, 1, 0 [(0 [0xC004F014, 0, 0], [(?)(?)(?)(?)(?)(?)(?)(?)])(1 )(2 )(3 )]
16: ae9d158f-9450-4a0c-8c80-dd973c58357c, 1, 0 [(0 [0xC004F014, 0, 0], [(?)(?)(?)(?)(?)(?)(?)(?)])(1 )(2 )(3 )]
17: b4af11be-5f94-4d8f-9844-ce0d5e0d8680, 1, 0 [(0 [0xC004F014, 0, 0], [(?)(?)(?)(?)(?)(?)(?)(?)])(1 )(2 )(3 )]
18: b58a5943-16ea-420f-a611-7b230acd762c, 1, 0 [(0 [0xC004F014, 0, 0], [(?)(?)(?)(?)(?)(?)(?)(?)])(1 )(2 )(3 )]
19: c85fe025-b033-4f41-936b-b121521ba1c1, 1, 0 [(0 [0xC004F014, 0, 0], [(?)(?)(?)(?)(?)(?)(?)(?)])(1 )(2 )(3 )]
20: d7279dd0-e175-49fe-a623-8fc2fc00afc4, 1, 1 [(0 )(1 )(2 )(3 [0x00000000, 0, 0], [( 6 0xC004F009 5 0)( 1 0x00000000)( 6 0xC004F009 5 0)(?)(?)(?)( 10 0x00000000 msft:rm/algorithm/flags/1.0)( 11 0x00000000 0xC004F009)])]
21: fb3540bc-a824-4c79-83da-6f6bd3ac6ccb, 1, 0 [(0 [0xC004F014, 0, 0], [(?)(?)(?)(?)(?)(?)(?)(?)])(1 )(2 )(3 )]

",Software Protection Platform Service,2020-11-13 06:50:53,India,Gujarat,Ahmedabad,380007,Asia/Kolkata,GTPL A. J. Enterprise
161,LAPTOP-1MKMTVPM,(0),Information,Product: Office 16 Click-to-Run Extensibility Component 64-bit Registration -- Configuration completed successfully.,MsiInstaller,2020-11-13 06:50:50,India,Gujarat,Ahmedabad,380007,Asia/Kolkata,GTPL A. J. Enterprise
162,LAPTOP-1MKMTVPM,(0),Information,"The Software Protection service has completed licensing status check.
Application Id=0ff1ce15-a989-479d-af46-f275c6370663
Licensing Status=
1: d7279dd0-e175-49fe-a623-8fc2fc00afc4, 1, 1 [(0 )(1 )(2 )(3 [0x00000000, 0, 0], [( 6 0xC004F009 5 0)( 1 0x00000000)( 6 0xC004F009 5 0)(?)(?)(?)( 10 0x00000000 msft:rm/algorithm/flags/1.0)( 11 0x00000000 0xC004F009)])]

",Software Protection Platform Service,2020-11-13 06:49:58,India,Gujarat,Ahmedabad,380007,Asia/Kolkata,GTPL A. J. Enterprise
163,LAPTOP-1MKMTVPM,General,Information,"SearchIndexer (6372,D,0) Windows: The database engine started a new instance (0). (Time=0 seconds)



Additional Data:





Internal Timing Sequence: 
[1] 0.001364 +J(0) +M(C:0K, Fs:191, WS:736K # 736K, PF:4708K # 4708K, P:4708K)
[2] 0.000268 +J(0) +M(C:0K, Fs:197, WS:788K # 788K, PF:944K # 944K, P:944K)
[3] 0.000025 +J(0) +M(C:0K, Fs:16, WS:60K # 60K, PF:68K # 68K, P:68K)
[4] 0.000165 +J(0) +M(C:0K, Fs:30, WS:116K # 116K, PF:368K # 368K, P:368K)
[5] 0.001723 +J(0) +M(C:0K, Fs:7, WS:28K # 28K, PF:24K # 32K, P:24K)
[6] 0.003466 +J(0) +M(C:0K, Fs:18, WS:72K # 72K, PF:12K # 4K, P:12K)
[7] 0.002805 +J(0) +M(C:0K, Fs:276, WS:1104K # 1104K, PF:1024K # 1024K, P:1024K)
[8] -
[9] -
[10] -
[11] -
[12] -
[13] 0.009783 -0.000001 (1) WT +J(CM:0, PgRf:0, Rd:0/0, Dy:0/0, Lg:616/1) +M(C:0K, Fs:13, WS:-980K # 28K, PF:-1016K # 16K, P:-1016K)
[14] 0.000019 +J(0) +M(C:0K, Fs:2, WS:8K # 0K, PF:0K # 0K, P:0K)
[15] 0.000069 +J(0) +M(C:0K, Fs:64, WS:256K # 0K, PF:64K # 0K, P:64K)
[16] 0.000180 +J(0) +M(C:0K, Fs:3, WS:4K # 0K, PF:0K # 0K, P:0K).",ESENT,2020-11-13 06:48:56,India,Gujarat,Ahmedabad,380007,Asia/Kolkata,GTPL A. J. Enterprise
164,LAPTOP-1MKMTVPM,(0),0,Voice Activation - Big Buffer Capture Supported,SpeechRuntime,2020-11-13 07:33:01,India,Gujarat,Ahmedabad,380007,Asia/Kolkata,GTPL A. J. Enterprise
165,LAPTOP-1MKMTVPM,(0),Information,Successfully scheduled Software Protection service for re-start at 2020-11-13T09:21:35Z. Reason: RulesEngine.,Software Protection Platform Service,2020-11-13 07:41:35,India,Gujarat,Ahmedabad,380007,Asia/Kolkata,GTPL A. J. Enterprise
166,LAPTOP-1MKMTVPM,(0),Information,"These policies are being excluded since they are only defined with override-only attribute.
Policy Names=(Security-SPP-Reserved-EnableNotificationMode) 
App Id=55c92734-d682-4d71-983e-d6ec3f16059f
Sku Id=ed799377-74b8-4989-a244-14d082e65972",Software Protection Platform Service,2020-11-13 07:24:05,India,Gujarat,Ahmedabad,380007,Asia/Kolkata,GTPL A. J. Enterprise
167,LAPTOP-1MKMTVPM,(0),Information,Duplicate definition of policy found. Policy name=Security-SPP-WriteWauMarker  Priority=500,Software Protection Platform Service,2020-11-13 07:12:09,India,Gujarat,Ahmedabad,380007,Asia/Kolkata,GTPL A. J. Enterprise
168,LAPTOP-1MKMTVPM,(0),Information,Successfully scheduled Software Protection service for re-start at 2020-11-13T09:21:38Z. Reason: RulesEngine.,Software Protection Platform Service,2020-11-13 06:51:38,India,Gujarat,Ahmedabad,380007,Asia/Kolkata,GTPL A. J. Enterprise
169,LAPTOP-1MKMTVPM,(0),Information,Beginning a Windows Installer transaction: c:\program files (x86)\microsoft office\root\integration\c2rintloc.en-us.16.msi. Client Process Id: 14504.,MsiInstaller,2020-11-13 06:50:50,India,Gujarat,Ahmedabad,380007,Asia/Kolkata,GTPL A. J. Enterprise
170,LAPTOP-1MKMTVPM,(0),Information,"The Software Protection service has completed licensing status check.
Application Id=0ff1ce15-a989-479d-af46-f275c6370663
Licensing Status=
1: 85dd8b5f-eaa4-4af3-a628-cce9e77c9a03, 1, 1 [(0 [0xC004E003, 0, 0], [( 2 0xC004F056 0 0 msft:rm/algorithm/volume/1.0 0x00000000 0)( 1 0x00000000)(?)( 2 0xC004F056 0 0 msft:rm/algorithm/volume/1.0 0x00000000 0)(?)(?)(?)(?)])(1 )(2 )(3 [0x00000000, 0, 0], [( 6 0xC004F009 30 0)( 1 0x00000000)( 6 0xC004F009 30 0)(?)(?)(?)( 10 0x00000000 msft:rm/algorithm/flags/1.0)( 11 0x00000000 0xC004F056)])]

",Software Protection Platform Service,2020-11-13 06:50:32,India,Gujarat,Ahmedabad,380007,Asia/Kolkata,GTPL A. J. Enterprise
171,LAPTOP-1MKMTVPM,General,Information,"SearchIndexer (5752,D,50) Windows: The database engine attached a database (1, C:\ProgramData\Microsoft\Search\Data\Applications\Windows\Windows.edb). (Time=0 seconds)



Saved Cache: 0 0

Additional Data: lgposAttach = 00000025:000F:0268,
dbv = 1568.20.0



Internal Timing Sequence: 
[1] 0.000006 +J(0) +M(C:0K, Fs:1, WS:4K # 0K, PF:0K # 0K, P:0K)
[2] 0.000507 -0.000001 (1) WT +J(0) +M(C:0K, Fs:25, WS:36K # 0K, PF:32K # 0K, P:32K)
[3] 0.010468 -0.002083 (6) WT +J(CM:0, PgRf:0, Rd:0/0, Dy:0/0, Lg:3480/2) +M(C:0K, Fs:39, WS:120K # 0K, PF:140K # 0K, P:140K)
[4] 0.000473 -0.000001 (1) WT +J(0)
[5] -
[6] -
[7] -
[8] 0.004690 -0.002282 (2) CM +J(CM:2, PgRf:2, Rd:14/2, Dy:0/0, Lg:0/0) +M(C:0K, Fs:56, WS:220K # 0K, PF:664K # 0K, P:664K)
[9] 0.016566 -0.000967 (5) CM -0.015194 (1) WT +J(CM:5, PgRf:23, Rd:0/5, Dy:0/0, Lg:0/0) +M(C:0K, Fs:67, WS:268K # 4K, PF:256K # 148K, P:256K)
[10] 0.000915 -0.000632 (1) CM +J(CM:1, PgRf:40, Rd:0/1, Dy:0/0, Lg:0/0) +M(C:0K, Fs:11, WS:44K # 44K, PF:96K # 96K, P:96K)
[11] 0.000039 +J(CM:0, PgRf:1, Rd:0/0, Dy:0/0, Lg:0/0) +M(C:0K, Fs:4, WS:16K # 16K, PF:0K # 0K, P:0K)
[12] 0.000091 +J(CM:0, PgRf:42, Rd:0/0, Dy:0/0, Lg:0/0) +M(C:0K, Fs:3, WS:12K # 12K, PF:0K # 0K, P:0K)
[13] 0.000001 +J(0)
[14] 0.0 +J(0)
[15] 0.000011 +J(CM:0, PgRf:1, Rd:0/0, Dy:0/0, Lg:0/0).",ESENT,2020-11-13 06:49:46,India,Gujarat,Ahmedabad,380007,Asia/Kolkata,GTPL A. J. Enterprise
172,LAPTOP-1MKMTVPM,(0),Information,"The Software Protection service has completed licensing status check.
Application Id=0ff1ce15-a989-479d-af46-f275c6370663
Licensing Status=
1: 85dd8b5f-eaa4-4af3-a628-cce9e77c9a03, 1, 1 [(0 [0xC004E003, 0, 0], [( 2 0xC004F056 0 0 msft:rm/algorithm/volume/1.0 0x00000000 0)( 1 0x00000000)(?)( 2 0xC004F056 0 0 msft:rm/algorithm/volume/1.0 0x00000000 0)(?)(?)(?)(?)])(1 )(2 )(3 [0x00000000, 0, 0], [( 6 0xC004F009 30 0)( 1 0x00000000)( 6 0xC004F009 30 0)(?)(?)(?)( 10 0x00000000 msft:rm/algorithm/flags/1.0)( 11 0x00000000 0xC004F056)])]

",Software Protection Platform Service,2020-11-13 07:24:22,India,Gujarat,Ahmedabad,380007,Asia/Kolkata,GTPL A. J. Enterprise
173,LAPTOP-1MKMTVPM,(0),Information,Offline downlevel migration succeeded.,Software Protection Platform Service,2020-11-13 07:07:59,India,Gujarat,Ahmedabad,380007,Asia/Kolkata,GTPL A. J. Enterprise
174,LAPTOP-1MKMTVPM,(0),Information,Windows Installer reconfigured the product. Product Name: Office 16 Click-to-Run Localization Component. Product Version: 16.0.10368.20035. Product Language: 1033. Manufacturer: Microsoft Corporation. Reconfiguration success or error status: 0.,MsiInstaller,2020-11-13 06:50:51,India,Gujarat,Ahmedabad,380007,Asia/Kolkata,GTPL A. J. Enterprise
175,LAPTOP-1MKMTVPM,(0),Information,The winlogon notification subscriber <SessionEnv> was unavailable to handle a notification event.,Wlclntfy,2020-11-14 17:45:00,India,Gujarat,Ahmedabad,380007,Asia/Kolkata,GTPL A. J. Enterprise
176,LAPTOP-1MKMTVPM,Logging/Recovery,Error,"svchost (9460,R,98) TILEREPOSITORYS-1-5-18: Error -1023 (0xfffffc01) occurred while opening logfile C:\WINDOWS\system32\config\systemprofile\AppData\Local\TileDataLayer\Database\EDB.log.",ESENT,2020-11-13 07:31:54,India,Gujarat,Ahmedabad,380007,Asia/Kolkata,GTPL A. J. Enterprise
177,LAPTOP-1MKMTVPM,(0),Information,"The Software Protection service has completed licensing status check.
Application Id=0ff1ce15-a989-479d-af46-f275c6370663
Licensing Status=
1: 85dd8b5f-eaa4-4af3-a628-cce9e77c9a03, 1, 1 [(0 [0xC004E003, 0, 0], [( 2 0xC004F056 0 0 msft:rm/algorithm/volume/1.0 0x00000000 0)( 1 0x00000000)(?)( 2 0xC004F056 0 0 msft:rm/algorithm/volume/1.0 0x00000000 0)(?)(?)(?)(?)])(1 )(2 )(3 [0x00000000, 0, 0], [( 6 0xC004F009 30 0)( 1 0x00000000)( 6 0xC004F009 30 0)(?)(?)(?)( 10 0x00000000 msft:rm/algorithm/flags/1.0)( 11 0x00000000 0xC004F056)])]

",Software Protection Platform Service,2020-11-13 07:39:15,India,Gujarat,Ahmedabad,380007,Asia/Kolkata,GTPL A. J. Enterprise
178,LAPTOP-1MKMTVPM,(0),Information,"The Software Protection service has completed licensing status check.
Application Id=0ff1ce15-a989-479d-af46-f275c6370663
Licensing Status=
1: 85dd8b5f-eaa4-4af3-a628-cce9e77c9a03, 1, 1 [(0 [0xC004E003, 0, 0], [( 2 0xC004F056 0 0 msft:rm/algorithm/volume/1.0 0x00000000 0)( 1 0x00000000)(?)( 2 0xC004F056 0 0 msft:rm/algorithm/volume/1.0 0x00000000 0)(?)(?)(?)(?)])(1 )(2 )(3 [0x00000000, 0, 0], [( 6 0xC004F009 30 0)( 1 0x00000000)( 6 0xC004F009 30 0)(?)(?)(?)( 10 0x00000000 msft:rm/algorithm/flags/1.0)( 11 0x00000000 0xC004F056)])]

",Software Protection Platform Service,2020-11-13 07:25:54,India,Gujarat,Ahmedabad,380007,Asia/Kolkata,GTPL A. J. Enterprise
179,LAPTOP-1MKMTVPM,(0),Information,"The Software Protection service has completed licensing status check.
Application Id=0ff1ce15-a989-479d-af46-f275c6370663
Licensing Status=
1: 85dd8b5f-eaa4-4af3-a628-cce9e77c9a03, 1, 1 [(0 [0xC004E003, 0, 0], [( 2 0xC004F056 0 0 msft:rm/algorithm/volume/1.0 0x00000000 0)( 1 0x00000000)(?)( 2 0xC004F056 0 0 msft:rm/algorithm/volume/1.0 0x00000000 0)(?)(?)(?)(?)])(1 )(2 )(3 [0x00000000, 0, 0], [( 6 0xC004F009 30 0)( 1 0x00000000)( 6 0xC004F009 30 0)(?)(?)(?)( 10 0x00000000 msft:rm/algorithm/flags/1.0)( 11 0x00000000 0xC004F056)])]

",Software Protection Platform Service,2020-11-13 07:24:22,India,Gujarat,Ahmedabad,380007,Asia/Kolkata,GTPL A. J. Enterprise
180,LAPTOP-1MKMTVPM,(0),0,Voice Activation - Big Buffer Capture Supported,SpeechRuntime,2020-11-13 07:21:55,India,Gujarat,Ahmedabad,380007,Asia/Kolkata,GTPL A. J. Enterprise
181,LAPTOP-1MKMTVPM,(0),Information,Updated Quick Heal Firewall status successfully to SECURITY_PRODUCT_STATE_ON.,SecurityCenter,2020-11-13 07:17:09,India,Gujarat,Ahmedabad,380007,Asia/Kolkata,GTPL A. J. Enterprise
182,LAPTOP-1MKMTVPM,(0),Information,Duplicate definition of policy found. Policy name=Security-SPP-WriteWauMarker  Priority=500,Software Protection Platform Service,2020-11-13 07:12:09,India,Gujarat,Ahmedabad,380007,Asia/Kolkata,GTPL A. J. Enterprise
183,LAPTOP-1MKMTVPM,(0),Information,"These policies are being excluded since they are only defined with override-only attribute.
Policy Names=(Security-SPP-Reserved-EnableNotificationMode) 
App Id=55c92734-d682-4d71-983e-d6ec3f16059f
Sku Id=ed799377-74b8-4989-a244-14d082e65972",Software Protection Platform Service,2020-11-13 07:12:09,India,Gujarat,Ahmedabad,380007,Asia/Kolkata,GTPL A. J. Enterprise
184,LAPTOP-1MKMTVPM,(0),Information,Ending a Windows Installer transaction: c:\program files (x86)\microsoft office\root\integration\c2rint.16.msi. Client Process Id: 14504.,MsiInstaller,2020-11-13 06:50:47,India,Gujarat,Ahmedabad,380007,Asia/Kolkata,GTPL A. J. Enterprise
185,LAPTOP-1MKMTVPM,General,Information,"SearchIndexer (5752,P,98) Windows: The database engine (10.00.18363.0000) is starting a new instance (0).",ESENT,2020-11-13 06:49:46,India,Gujarat,Ahmedabad,380007,Asia/Kolkata,GTPL A. J. Enterprise
186,LAPTOP-1MKMTVPM,(0),Information,"The Software Protection service has completed licensing status check.
Application Id=0ff1ce15-a989-479d-af46-f275c6370663
Licensing Status=
1: d7279dd0-e175-49fe-a623-8fc2fc00afc4, 1, 1 [(0 )(1 )(2 )(3 [0x00000000, 0, 0], [( 6 0xC004F009 5 0)( 1 0x00000000)( 6 0xC004F009 5 0)(?)(?)(?)( 10 0x00000000 msft:rm/algorithm/flags/1.0)( 11 0x00000000 0xC004F009)])]

",Software Protection Platform Service,2020-11-13 07:25:54,India,Gujarat,Ahmedabad,380007,Asia/Kolkata,GTPL A. J. Enterprise
187,LAPTOP-1MKMTVPM,(0),Information,"The Software Protection service has completed licensing status check.
Application Id=0ff1ce15-a989-479d-af46-f275c6370663
Licensing Status=
1: 0b4e6cfa-3072-434c-b702-bd1836e6887c, 1, 0 [(0 [0xC004F014, 0, 0], [(?)(?)(?)(?)(?)(?)(?)(?)])(1 )(2 )(3 )]
2: 0bc88885-718c-491d-921f-6f214349e79c, 1, 0 [(0 [0xC004F014, 0, 0], [(?)(?)(?)(?)(?)(?)(?)(?)])(1 )(2 )(3 )]
3: 28f64a3f-cf84-46da-b1e8-2dfa7750e491, 1, 0 [(0 [0xC004F014, 0, 0], [(?)(?)(?)(?)(?)(?)(?)(?)])(1 )(2 )(3 )]
4: 4c1d1588-3088-4796-b3b2-8935f3a0d886, 1, 0 [(0 [0xC004F014, 0, 0], [(?)(?)(?)(?)(?)(?)(?)(?)])(1 )(2 )(3 )]
5: 52287aa3-9945-44d1-9046-7a3373666821, 1, 0 [(0 [0xC004F014, 0, 0], [(?)(?)(?)(?)(?)(?)(?)(?)])(1 )(2 )(3 )]
6: 537ea5b5-7d50-4876-bd38-a53a77caca32, 1, 0 [(0 [0xC004F014, 0, 0], [(?)(?)(?)(?)(?)(?)(?)(?)])(1 )(2 )(3 )]
7: 6755c7a7-4dfe-46f5-bce8-427be8e9dc62, 1, 0 [(0 [0xC004F014, 0, 0], [(?)(?)(?)(?)(?)(?)(?)(?)])(1 )(2 )(3 )]
8: 77f47589-2212-4e3b-ad27-a900ce813837, 1, 0 [(0 [0xC004F014, 0, 0], [(?)(?)(?)(?)(?)(?)(?)(?)])(1 )(2 )(3 )]
9: 7ab38a1c-a803-4ca5-8ebb-f8786c4b4faa, 1, 0 [(0 [0xC004F014, 0, 0], [(?)(?)(?)(?)(?)(?)(?)(?)])(1 )(2 )(3 )]
10: 85dd8b5f-eaa4-4af3-a628-cce9e77c9a03, 1, 1 [(0 [0xC004E003, 0, 0], [( 2 0xC004F056 0 0 msft:rm/algorithm/volume/1.0 0x00000000 0)( 1 0x00000000)(?)( 2 0xC004F056 0 0 msft:rm/algorithm/volume/1.0 0x00000000 0)(?)(?)(?)(?)])(1 )(2 )(3 [0x00000000, 0, 0], [( 6 0xC004F009 30 0)( 1 0x00000000)( 6 0xC004F009 30 0)(?)(?)(?)( 10 0x00000000 msft:rm/algorithm/flags/1.0)( 11 0x00000000 0xC004F056)])]
11: 86af9220-9d6f-4575-bef0-619a9a6aa005, 1, 0 [(0 [0xC004F014, 0, 0], [(?)(?)(?)(?)(?)(?)(?)(?)])(1 )(2 )(3 )]
12: 951c0fe6-40a8-4400-8003-eec0686ffbc4, 1, 0 [(0 [0xC004F014, 0, 0], [(?)(?)(?)(?)(?)(?)(?)(?)])(1 )(2 )(3 )]
13: 95820f84-6e8c-4d22-b2ce-54953e9911bc, 1, 0 [(0 [0xC004F014, 0, 0], [(?)(?)(?)(?)(?)(?)(?)(?)])(1 )(2 )(3 )]
14: 96353198-443e-479d-9e80-9a6d72fd1a99, 1, 0 [(0 [0xC004F014, 0, 0], [(?)(?)(?)(?)(?)(?)(?)(?)])(1 )(2 )(3 )]
15: a96f8dae-da54-4fad-bdc6-108da592707a, 1, 0 [(0 [0xC004F014, 0, 0], [(?)(?)(?)(?)(?)(?)(?)(?)])(1 )(2 )(3 )]
16: ae9d158f-9450-4a0c-8c80-dd973c58357c, 1, 0 [(0 [0xC004F014, 0, 0], [(?)(?)(?)(?)(?)(?)(?)(?)])(1 )(2 )(3 )]
17: b4af11be-5f94-4d8f-9844-ce0d5e0d8680, 1, 0 [(0 [0xC004F014, 0, 0], [(?)(?)(?)(?)(?)(?)(?)(?)])(1 )(2 )(3 )]
18: b58a5943-16ea-420f-a611-7b230acd762c, 1, 0 [(0 [0xC004F014, 0, 0], [(?)(?)(?)(?)(?)(?)(?)(?)])(1 )(2 )(3 )]
19: c85fe025-b033-4f41-936b-b121521ba1c1, 1, 0 [(0 [0xC004F014, 0, 0], [(?)(?)(?)(?)(?)(?)(?)(?)])(1 )(2 )(3 )]
20: d7279dd0-e175-49fe-a623-8fc2fc00afc4, 1, 1 [(0 )(1 )(2 )(3 [0x00000000, 0, 0], [( 6 0xC004F009 5 0)( 1 0x00000000)( 6 0xC004F009 5 0)(?)(?)(?)( 10 0x00000000 msft:rm/algorithm/flags/1.0)( 11 0x00000000 0xC004F009)])]
21: fb3540bc-a824-4c79-83da-6f6bd3ac6ccb, 1, 0 [(0 [0xC004F014, 0, 0], [(?)(?)(?)(?)(?)(?)(?)(?)])(1 )(2 )(3 )]

",Software Protection Platform Service,2020-11-13 07:24:22,India,Gujarat,Ahmedabad,380007,Asia/Kolkata,GTPL A. J. Enterprise
188,LAPTOP-1MKMTVPM,(0),Information,Successfully scheduled Software Protection service for re-start at 2020-11-13T09:21:25Z. Reason: RulesEngine.,Software Protection Platform Service,2020-11-13 07:22:25,India,Gujarat,Ahmedabad,380007,Asia/Kolkata,GTPL A. J. Enterprise
189,LAPTOP-1MKMTVPM,(0),Information,Offline downlevel migration succeeded.,Software Protection Platform Service,2020-11-13 07:21:55,India,Gujarat,Ahmedabad,380007,Asia/Kolkata,GTPL A. J. Enterprise
190,LAPTOP-1MKMTVPM,(0),Information,"The Software Protection service has completed licensing status check.
Application Id=0ff1ce15-a989-479d-af46-f275c6370663
Licensing Status=
1: d7279dd0-e175-49fe-a623-8fc2fc00afc4, 1, 1 [(0 )(1 )(2 )(3 [0x00000000, 0, 0], [( 6 0xC004F009 5 0)( 1 0x00000000)( 6 0xC004F009 5 0)(?)(?)(?)( 10 0x00000000 msft:rm/algorithm/flags/1.0)( 11 0x00000000 0xC004F009)])]

",Software Protection Platform Service,2020-11-13 07:17:51,India,Gujarat,Ahmedabad,380007,Asia/Kolkata,GTPL A. J. Enterprise
191,LAPTOP-1MKMTVPM,(0),Information,Windows Installer reconfigured the product. Product Name: Office 16 Click-to-Run Licensing Component. Product Version: 16.0.10368.20035. Product Language: 0. Manufacturer: Microsoft Corporation. Reconfiguration success or error status: 0.,MsiInstaller,2020-11-13 06:50:53,India,Gujarat,Ahmedabad,380007,Asia/Kolkata,GTPL A. J. Enterprise
192,LAPTOP-1MKMTVPM,(0),Information,Beginning a Windows Installer transaction: c:\program files (x86)\microsoft office\root\integration\c2rint.16.msi. Client Process Id: 14504.,MsiInstaller,2020-11-13 06:49:30,India,Gujarat,Ahmedabad,380007,Asia/Kolkata,GTPL A. J. Enterprise
193,LAPTOP-1MKMTVPM,(0),Information,Updated Quick Heal Firewall status successfully to SECURITY_PRODUCT_STATE_ON.,SecurityCenter,2020-11-14 17:45:00,India,Gujarat,Ahmedabad,380007,Asia/Kolkata,GTPL A. J. Enterprise
194,LAPTOP-1MKMTVPM,(0),Information,"The description for Event ID '0' in Source 'igfxCUIService2.0.0.0' cannot be found.  The local computer may not have the necessary registry information or message DLL files to display the message, or you may not have permission to access them.  The following information is part of the event:'Received Post Shell Event 2
'",igfxCUIService2.0.0.0,2020-11-14 17:45:00,India,Gujarat,Ahmedabad,380007,Asia/Kolkata,GTPL A. J. Enterprise
195,LAPTOP-1MKMTVPM,(0),Information,"The rules engine successfully re-evaluated the schedule.
Kernel policies:
Security-SPP-Action-StateData (REG_SZ) =AppId=55c92734-d682-4d71-983e-d6ec3f16059f;LastConsumptionReason=0x4004f401;LastNotificationId=Cleanup;LicenseState=SL_LICENSING_STATUS_LICENSED;PartialProductKey=8HVYP;ProductKeyType=OEM:DM;SkuId=ed799377-74b8-4989-a244-14d082e65972;ruleId=379cccfb-d4e0-48fe-b0f2-0136097be147;uxDifferentiator=OEM_DM",Software Protection Platform Service,2020-11-13 07:24:07,India,Gujarat,Ahmedabad,380007,Asia/Kolkata,GTPL A. J. Enterprise
196,LAPTOP-1MKMTVPM,(0),Information,"The Software Protection service has completed licensing status check.
Application Id=0ff1ce15-a989-479d-af46-f275c6370663
Licensing Status=
1: 85dd8b5f-eaa4-4af3-a628-cce9e77c9a03, 1, 1 [(0 [0xC004E003, 0, 0], [( 2 0xC004F056 0 0 msft:rm/algorithm/volume/1.0 0x00000000 0)( 1 0x00000000)(?)( 2 0xC004F056 0 0 msft:rm/algorithm/volume/1.0 0x00000000 0)(?)(?)(?)(?)])(1 )(2 )(3 [0x00000000, 0, 0], [( 6 0xC004F009 30 0)( 1 0x00000000)( 6 0xC004F009 30 0)(?)(?)(?)( 10 0x00000000 msft:rm/algorithm/flags/1.0)( 11 0x00000000 0xC004F056)])]

",Software Protection Platform Service,2020-11-13 07:17:51,India,Gujarat,Ahmedabad,380007,Asia/Kolkata,GTPL A. J. Enterprise
197,LAPTOP-1MKMTVPM,(0),Information,Successfully scheduled Software Protection service for re-start at 2020-11-13T09:22:08Z. Reason: RulesEngine.,Software Protection Platform Service,2020-11-13 07:13:08,India,Gujarat,Ahmedabad,380007,Asia/Kolkata,GTPL A. J. Enterprise
198,LAPTOP-1MKMTVPM,(0),Information,Ending a Windows Installer transaction: c:\program files (x86)\microsoft office\root\integration\sppredist64.msi. Client Process Id: 14504.,MsiInstaller,2020-11-13 06:50:53,India,Gujarat,Ahmedabad,380007,Asia/Kolkata,GTPL A. J. Enterprise
199,LAPTOP-1MKMTVPM,(0),Information,"The description for Event ID '1' in Source 'iBtSiva' cannot be found.  The local computer may not have the necessary registry information or message DLL files to display the message, or you may not have permission to access them.  The following information is part of the event:'iBtSiva', 'Siva worker starting'",iBtSiva,2020-11-14 17:44:44,India,Gujarat,Ahmedabad,380007,Asia/Kolkata,GTPL A. J. Enterprise
200,LAPTOP-1MKMTVPM,(0),Information,The winlogon notification subscriber <WSearch> was unavailable to handle a notification event.,Wlclntfy,2020-11-13 07:45:10,India,Gujarat,Ahmedabad,380007,Asia/Kolkata,GTPL A. J. Enterprise
201,LAPTOP-1MKMTVPM,(0),Error,"Installation of the Proof of Purchase failed. 0xC004F050
Partial Pkey=r.vbs
ACID=?
Detailed Error[?]
",Software Protection Platform Service,2020-11-13 07:15:07,India,Gujarat,Ahmedabad,380007,Asia/Kolkata,GTPL A. J. Enterprise
202,LAPTOP-1MKMTVPM,(0),Information,"The Software Protection service has completed licensing status check.
Application Id=0ff1ce15-a989-479d-af46-f275c6370663
Licensing Status=
1: 85dd8b5f-eaa4-4af3-a628-cce9e77c9a03, 1, 1 [(0 [0xC004E003, 0, 0], [( 2 0xC004F056 0 0 msft:rm/algorithm/volume/1.0 0x00000000 0)( 1 0x00000000)(?)( 2 0xC004F056 0 0 msft:rm/algorithm/volume/1.0 0x00000000 0)(?)(?)(?)(?)])(1 )(2 )(3 [0x00000000, 0, 0], [( 6 0xC004F009 30 0)( 1 0x00000000)( 6 0xC004F009 30 0)(?)(?)(?)( 10 0x00000000 msft:rm/algorithm/flags/1.0)( 11 0x00000000 0xC004F056)])]

",Software Protection Platform Service,2020-11-13 07:05:38,India,Gujarat,Ahmedabad,380007,Asia/Kolkata,GTPL A. J. Enterprise
203,LAPTOP-1MKMTVPM,(0),Information,"The Software Protection service has completed licensing status check.
Application Id=0ff1ce15-a989-479d-af46-f275c6370663
Licensing Status=
1: 0b4e6cfa-3072-434c-b702-bd1836e6887c, 1, 0 [(0 [0xC004F014, 0, 0], [(?)(?)(?)(?)(?)(?)(?)(?)])(1 )(2 )(3 )]
2: 0bc88885-718c-491d-921f-6f214349e79c, 1, 0 [(0 [0xC004F014, 0, 0], [(?)(?)(?)(?)(?)(?)(?)(?)])(1 )(2 )(3 )]
3: 28f64a3f-cf84-46da-b1e8-2dfa7750e491, 1, 0 [(0 [0xC004F014, 0, 0], [(?)(?)(?)(?)(?)(?)(?)(?)])(1 )(2 )(3 )]
4: 4c1d1588-3088-4796-b3b2-8935f3a0d886, 1, 0 [(0 [0xC004F014, 0, 0], [(?)(?)(?)(?)(?)(?)(?)(?)])(1 )(2 )(3 )]
5: 52287aa3-9945-44d1-9046-7a3373666821, 1, 0 [(0 [0xC004F014, 0, 0], [(?)(?)(?)(?)(?)(?)(?)(?)])(1 )(2 )(3 )]
6: 537ea5b5-7d50-4876-bd38-a53a77caca32, 1, 0 [(0 [0xC004F014, 0, 0], [(?)(?)(?)(?)(?)(?)(?)(?)])(1 )(2 )(3 )]
7: 6755c7a7-4dfe-46f5-bce8-427be8e9dc62, 1, 0 [(0 [0xC004F014, 0, 0], [(?)(?)(?)(?)(?)(?)(?)(?)])(1 )(2 )(3 )]
8: 77f47589-2212-4e3b-ad27-a900ce813837, 1, 0 [(0 [0xC004F014, 0, 0], [(?)(?)(?)(?)(?)(?)(?)(?)])(1 )(2 )(3 )]
9: 7ab38a1c-a803-4ca5-8ebb-f8786c4b4faa, 1, 0 [(0 [0xC004F014, 0, 0], [(?)(?)(?)(?)(?)(?)(?)(?)])(1 )(2 )(3 )]
10: 85dd8b5f-eaa4-4af3-a628-cce9e77c9a03, 1, 1 [(0 [0xC004E003, 0, 0], [( 2 0xC004F056 0 0 msft:rm/algorithm/volume/1.0 0x00000000 0)( 1 0x00000000)(?)( 2 0xC004F056 0 0 msft:rm/algorithm/volume/1.0 0x00000000 0)(?)(?)(?)(?)])(1 )(2 )(3 [0x00000000, 0, 0], [( 6 0xC004F009 30 0)( 1 0x00000000)( 6 0xC004F009 30 0)(?)(?)(?)( 10 0x00000000 msft:rm/algorithm/flags/1.0)( 11 0x00000000 0xC004F056)])]
11: 86af9220-9d6f-4575-bef0-619a9a6aa005, 1, 0 [(0 [0xC004F014, 0, 0], [(?)(?)(?)(?)(?)(?)(?)(?)])(1 )(2 )(3 )]
12: 951c0fe6-40a8-4400-8003-eec0686ffbc4, 1, 0 [(0 [0xC004F014, 0, 0], [(?)(?)(?)(?)(?)(?)(?)(?)])(1 )(2 )(3 )]
13: 95820f84-6e8c-4d22-b2ce-54953e9911bc, 1, 0 [(0 [0xC004F014, 0, 0], [(?)(?)(?)(?)(?)(?)(?)(?)])(1 )(2 )(3 )]
14: 96353198-443e-479d-9e80-9a6d72fd1a99, 1, 0 [(0 [0xC004F014, 0, 0], [(?)(?)(?)(?)(?)(?)(?)(?)])(1 )(2 )(3 )]
15: a96f8dae-da54-4fad-bdc6-108da592707a, 1, 0 [(0 [0xC004F014, 0, 0], [(?)(?)(?)(?)(?)(?)(?)(?)])(1 )(2 )(3 )]
16: ae9d158f-9450-4a0c-8c80-dd973c58357c, 1, 0 [(0 [0xC004F014, 0, 0], [(?)(?)(?)(?)(?)(?)(?)(?)])(1 )(2 )(3 )]
17: b4af11be-5f94-4d8f-9844-ce0d5e0d8680, 1, 0 [(0 [0xC004F014, 0, 0], [(?)(?)(?)(?)(?)(?)(?)(?)])(1 )(2 )(3 )]
18: b58a5943-16ea-420f-a611-7b230acd762c, 1, 0 [(0 [0xC004F014, 0, 0], [(?)(?)(?)(?)(?)(?)(?)(?)])(1 )(2 )(3 )]
19: c85fe025-b033-4f41-936b-b121521ba1c1, 1, 0 [(0 [0xC004F014, 0, 0], [(?)(?)(?)(?)(?)(?)(?)(?)])(1 )(2 )(3 )]
20: d7279dd0-e175-49fe-a623-8fc2fc00afc4, 1, 1 [(0 )(1 )(2 )(3 [0x00000000, 0, 0], [( 6 0xC004F009 5 0)( 1 0x00000000)( 6 0xC004F009 5 0)(?)(?)(?)( 10 0x00000000 msft:rm/algorithm/flags/1.0)( 11 0x00000000 0xC004F009)])]
21: fb3540bc-a824-4c79-83da-6f6bd3ac6ccb, 1, 0 [(0 [0xC004F014, 0, 0], [(?)(?)(?)(?)(?)(?)(?)(?)])(1 )(2 )(3 )]

",Software Protection Platform Service,2020-11-13 07:05:38,India,Gujarat,Ahmedabad,380007,Asia/Kolkata,GTPL A. J. Enterprise
204,LAPTOP-1MKMTVPM,(0),Information,Ending a Windows Installer transaction: c:\program files (x86)\microsoft office\root\integration\c2rintloc.en-us.16.msi. Client Process Id: 14504.,MsiInstaller,2020-11-13 06:50:51,India,Gujarat,Ahmedabad,380007,Asia/Kolkata,GTPL A. J. Enterprise
205,LAPTOP-1MKMTVPM,(0),Information,Product: Office 16 Click-to-Run Localization Component -- Configuration completed successfully.,MsiInstaller,2020-11-13 06:50:51,India,Gujarat,Ahmedabad,380007,Asia/Kolkata,GTPL A. J. Enterprise
206,LAPTOP-1MKMTVPM,(0),Information,Ending a Windows Installer transaction: c:\program files (x86)\microsoft office\root\integration\c2rint64.16.msi. Client Process Id: 14504.,MsiInstaller,2020-11-13 06:50:50,India,Gujarat,Ahmedabad,380007,Asia/Kolkata,GTPL A. J. Enterprise
207,LAPTOP-1MKMTVPM,(0),Information,Beginning a Windows Installer transaction: c:\program files (x86)\microsoft office\root\integration\c2rint64.16.msi. Client Process Id: 14504.,MsiInstaller,2020-11-13 06:50:47,India,Gujarat,Ahmedabad,380007,Asia/Kolkata,GTPL A. J. Enterprise
208,LAPTOP-1MKMTVPM,Search service,Information,"The Windows Search Service started.
",Windows Search Service,2020-11-13 06:49:46,India,Gujarat,Ahmedabad,380007,Asia/Kolkata,GTPL A. J. Enterprise
209,LAPTOP-1MKMTVPM,(0),Warning,"The rules engine reported a failed VL activation attempt.
Reason:0x8007007B
AppId = 0ff1ce15-a989-479d-af46-f275c6370663, SkuId = 85dd8b5f-eaa4-4af3-a628-cce9e77c9a03
Trigger=NetworkAvailable",Software Protection Platform Service,2020-11-14 17:45:00,India,Gujarat,Ahmedabad,380007,Asia/Kolkata,GTPL A. J. Enterprise
210,LAPTOP-1MKMTVPM,(0),Information,"The program or feature ""\??\C:\WINDOWS\system32\usoclient.exe"" cannot start or run due to incompatibity with 64-bit versions of Windows. Please contact the software vendor to ask if a 64-bit Windows compatible version is available.",Wow64 Emulation Layer,2020-11-14 17:44:44,India,Gujarat,Ahmedabad,380007,Asia/Kolkata,GTPL A. J. Enterprise
211,LAPTOP-1MKMTVPM,(0),Information,"The Software Protection service has completed licensing status check.
Application Id=0ff1ce15-a989-479d-af46-f275c6370663
Licensing Status=
1: 0b4e6cfa-3072-434c-b702-bd1836e6887c, 1, 0 [(0 [0xC004F014, 0, 0], [(?)(?)(?)(?)(?)(?)(?)(?)])(1 )(2 )(3 )]
2: 0bc88885-718c-491d-921f-6f214349e79c, 1, 0 [(0 [0xC004F014, 0, 0], [(?)(?)(?)(?)(?)(?)(?)(?)])(1 )(2 )(3 )]
3: 28f64a3f-cf84-46da-b1e8-2dfa7750e491, 1, 0 [(0 [0xC004F014, 0, 0], [(?)(?)(?)(?)(?)(?)(?)(?)])(1 )(2 )(3 )]
4: 4c1d1588-3088-4796-b3b2-8935f3a0d886, 1, 0 [(0 [0xC004F014, 0, 0], [(?)(?)(?)(?)(?)(?)(?)(?)])(1 )(2 )(3 )]
5: 52287aa3-9945-44d1-9046-7a3373666821, 1, 0 [(0 [0xC004F014, 0, 0], [(?)(?)(?)(?)(?)(?)(?)(?)])(1 )(2 )(3 )]
6: 537ea5b5-7d50-4876-bd38-a53a77caca32, 1, 0 [(0 [0xC004F014, 0, 0], [(?)(?)(?)(?)(?)(?)(?)(?)])(1 )(2 )(3 )]
7: 6755c7a7-4dfe-46f5-bce8-427be8e9dc62, 1, 0 [(0 [0xC004F014, 0, 0], [(?)(?)(?)(?)(?)(?)(?)(?)])(1 )(2 )(3 )]
8: 77f47589-2212-4e3b-ad27-a900ce813837, 1, 0 [(0 [0xC004F014, 0, 0], [(?)(?)(?)(?)(?)(?)(?)(?)])(1 )(2 )(3 )]
9: 7ab38a1c-a803-4ca5-8ebb-f8786c4b4faa, 1, 0 [(0 [0xC004F014, 0, 0], [(?)(?)(?)(?)(?)(?)(?)(?)])(1 )(2 )(3 )]
10: 85dd8b5f-eaa4-4af3-a628-cce9e77c9a03, 1, 1 [(0 [0xC004E003, 0, 0], [( 2 0xC004F056 0 0 msft:rm/algorithm/volume/1.0 0x00000000 0)( 1 0x00000000)(?)( 2 0xC004F056 0 0 msft:rm/algorithm/volume/1.0 0x00000000 0)(?)(?)(?)(?)])(1 )(2 )(3 [0x00000000, 0, 0], [( 6 0xC004F009 30 0)( 1 0x00000000)( 6 0xC004F009 30 0)(?)(?)(?)( 10 0x00000000 msft:rm/algorithm/flags/1.0)( 11 0x00000000 0xC004F056)])]
11: 86af9220-9d6f-4575-bef0-619a9a6aa005, 1, 0 [(0 [0xC004F014, 0, 0], [(?)(?)(?)(?)(?)(?)(?)(?)])(1 )(2 )(3 )]
12: 951c0fe6-40a8-4400-8003-eec0686ffbc4, 1, 0 [(0 [0xC004F014, 0, 0], [(?)(?)(?)(?)(?)(?)(?)(?)])(1 )(2 )(3 )]
13: 95820f84-6e8c-4d22-b2ce-54953e9911bc, 1, 0 [(0 [0xC004F014, 0, 0], [(?)(?)(?)(?)(?)(?)(?)(?)])(1 )(2 )(3 )]
14: 96353198-443e-479d-9e80-9a6d72fd1a99, 1, 0 [(0 [0xC004F014, 0, 0], [(?)(?)(?)(?)(?)(?)(?)(?)])(1 )(2 )(3 )]
15: a96f8dae-da54-4fad-bdc6-108da592707a, 1, 0 [(0 [0xC004F014, 0, 0], [(?)(?)(?)(?)(?)(?)(?)(?)])(1 )(2 )(3 )]
16: ae9d158f-9450-4a0c-8c80-dd973c58357c, 1, 0 [(0 [0xC004F014, 0, 0], [(?)(?)(?)(?)(?)(?)(?)(?)])(1 )(2 )(3 )]
17: b4af11be-5f94-4d8f-9844-ce0d5e0d8680, 1, 0 [(0 [0xC004F014, 0, 0], [(?)(?)(?)(?)(?)(?)(?)(?)])(1 )(2 )(3 )]
18: b58a5943-16ea-420f-a611-7b230acd762c, 1, 0 [(0 [0xC004F014, 0, 0], [(?)(?)(?)(?)(?)(?)(?)(?)])(1 )(2 )(3 )]
19: c85fe025-b033-4f41-936b-b121521ba1c1, 1, 0 [(0 [0xC004F014, 0, 0], [(?)(?)(?)(?)(?)(?)(?)(?)])(1 )(2 )(3 )]
20: d7279dd0-e175-49fe-a623-8fc2fc00afc4, 1, 1 [(0 )(1 )(2 )(3 [0x00000000, 0, 0], [( 6 0xC004F009 5 0)( 1 0x00000000)( 6 0xC004F009 5 0)(?)(?)(?)( 10 0x00000000 msft:rm/algorithm/flags/1.0)( 11 0x00000000 0xC004F009)])]
21: fb3540bc-a824-4c79-83da-6f6bd3ac6ccb, 1, 0 [(0 [0xC004F014, 0, 0], [(?)(?)(?)(?)(?)(?)(?)(?)])(1 )(2 )(3 )]

",Software Protection Platform Service,2020-11-13 07:25:54,India,Gujarat,Ahmedabad,380007,Asia/Kolkata,GTPL A. J. Enterprise
212,LAPTOP-1MKMTVPM,(0),Information,"Proof of Purchase installed successfully. 
ACID=ed799377-74b8-4989-a244-14d082e65972
PKeyId=bbcf70de-8305-c517-7e00-f7b7a491eb4e",Software Protection Platform Service,2020-11-13 07:24:05,India,Gujarat,Ahmedabad,380007,Asia/Kolkata,GTPL A. J. Enterprise
213,LAPTOP-1MKMTVPM,(0),Information,"The Software Protection service has completed licensing status check.
Application Id=0ff1ce15-a989-479d-af46-f275c6370663
Licensing Status=
1: d7279dd0-e175-49fe-a623-8fc2fc00afc4, 1, 1 [(0 )(1 )(2 )(3 [0x00000000, 0, 0], [( 6 0xC004F009 5 0)( 1 0x00000000)( 6 0xC004F009 5 0)(?)(?)(?)( 10 0x00000000 msft:rm/algorithm/flags/1.0)( 11 0x00000000 0xC004F009)])]

",Software Protection Platform Service,2020-11-13 07:05:38,India,Gujarat,Ahmedabad,380007,Asia/Kolkata,GTPL A. J. Enterprise
214,LAPTOP-1MKMTVPM,(0),Information,"The Software Protection service has completed licensing status check.
Application Id=0ff1ce15-a989-479d-af46-f275c6370663
Licensing Status=
1: d7279dd0-e175-49fe-a623-8fc2fc00afc4, 1, 1 [(0 )(1 )(2 )(3 [0x00000000, 0, 0], [( 6 0xC004F009 5 0)( 1 0x00000000)( 6 0xC004F009 5 0)(?)(?)(?)( 10 0x00000000 msft:rm/algorithm/flags/1.0)( 11 0x00000000 0xC004F009)])]

",Software Protection Platform Service,2020-11-13 06:50:44,India,Gujarat,Ahmedabad,380007,Asia/Kolkata,GTPL A. J. Enterprise
215,LAPTOP-1MKMTVPM,(0),Information,Updated Quick Heal AntiVirus Pro status successfully to SECURITY_PRODUCT_STATE_ON.,SecurityCenter,2020-11-14 17:45:00,India,Gujarat,Ahmedabad,380007,Asia/Kolkata,GTPL A. J. Enterprise
216,LAPTOP-1MKMTVPM,(0),Information,"The Software Protection service has completed licensing status check.
Application Id=0ff1ce15-a989-479d-af46-f275c6370663
Licensing Status=
1: 85dd8b5f-eaa4-4af3-a628-cce9e77c9a03, 1, 1 [(0 [0xC004E003, 0, 0], [( 2 0xC004F056 0 0 msft:rm/algorithm/volume/1.0 0x00000000 0)( 1 0x00000000)(?)( 2 0xC004F056 0 0 msft:rm/algorithm/volume/1.0 0x00000000 0)(?)(?)(?)(?)])(1 )(2 )(3 [0x00000000, 0, 0], [( 6 0xC004F009 30 0)( 1 0x00000000)( 6 0xC004F009 30 0)(?)(?)(?)( 10 0x00000000 msft:rm/algorithm/flags/1.0)( 11 0x00000000 0xC004F056)])]

",Software Protection Platform Service,2020-11-13 07:26:38,India,Gujarat,Ahmedabad,380007,Asia/Kolkata,GTPL A. J. Enterprise
217,LAPTOP-1MKMTVPM,(0),Information,"The Software Protection service has completed licensing status check.
Application Id=0ff1ce15-a989-479d-af46-f275c6370663
Licensing Status=
1: d7279dd0-e175-49fe-a623-8fc2fc00afc4, 1, 1 [(0 )(1 )(2 )(3 [0x00000000, 0, 0], [( 6 0xC004F009 5 0)( 1 0x00000000)( 6 0xC004F009 5 0)(?)(?)(?)( 10 0x00000000 msft:rm/algorithm/flags/1.0)( 11 0x00000000 0xC004F009)])]

",Software Protection Platform Service,2020-11-13 07:24:22,India,Gujarat,Ahmedabad,380007,Asia/Kolkata,GTPL A. J. Enterprise
218,LAPTOP-1MKMTVPM,(0),Information,"The rules engine successfully re-evaluated the schedule.
Kernel policies:
Security-SPP-Action-StateData (REG_SZ) =AppId=55c92734-d682-4d71-983e-d6ec3f16059f;LastConsumptionReason=0x4004f401;LastNotificationId=Cleanup;LicenseState=SL_LICENSING_STATUS_LICENSED;PartialProductKey=8HVYP;ProductKeyType=OEM:DM;SkuId=ed799377-74b8-4989-a244-14d082e65972;ruleId=379cccfb-d4e0-48fe-b0f2-0136097be147;uxDifferentiator=OEM_DM",Software Protection Platform Service,2020-11-13 07:24:08,India,Gujarat,Ahmedabad,380007,Asia/Kolkata,GTPL A. J. Enterprise
219,LAPTOP-1MKMTVPM,(0),Information,Successfully scheduled Software Protection service for re-start at 2020-11-13T09:21:37Z. Reason: RulesEngine.,Software Protection Platform Service,2020-11-13 07:15:37,India,Gujarat,Ahmedabad,380007,Asia/Kolkata,GTPL A. J. Enterprise
220,LAPTOP-1MKMTVPM,(0),Information,Product: Office 16 Click-to-Run Licensing Component -- Configuration completed successfully.,MsiInstaller,2020-11-13 06:50:53,India,Gujarat,Ahmedabad,380007,Asia/Kolkata,GTPL A. J. Enterprise
221,LAPTOP-1MKMTVPM,(0),Information,Windows Installer reconfigured the product. Product Name: Office 16 Click-to-Run Extensibility Component 64-bit Registration. Product Version: 16.0.10368.20035. Product Language: 0. Manufacturer: Microsoft Corporation. Reconfiguration success or error status: 0.,MsiInstaller,2020-11-13 06:50:50,India,Gujarat,Ahmedabad,380007,Asia/Kolkata,GTPL A. J. Enterprise
222,LAPTOP-1MKMTVPM,(0),Information,Windows Installer reconfigured the product. Product Name: Office 16 Click-to-Run Extensibility Component. Product Version: 16.0.10368.20035. Product Language: 0. Manufacturer: Microsoft Corporation. Reconfiguration success or error status: 0.,MsiInstaller,2020-11-13 06:49:44,India,Gujarat,Ahmedabad,380007,Asia/Kolkata,GTPL A. J. Enterprise
223,LAPTOP-1MKMTVPM,(0),Information,"The description for Event ID '0' in Source 'igfxCUIService2.0.0.0' cannot be found.  The local computer may not have the necessary registry information or message DLL files to display the message, or you may not have permission to access them.  The following information is part of the event:'Log on event received User1
'",igfxCUIService2.0.0.0,2020-11-14 17:45:00,India,Gujarat,Ahmedabad,380007,Asia/Kolkata,GTPL A. J. Enterprise
224,LAPTOP-1MKMTVPM,(0),Information,"The description for Event ID '0' in Source 'igfxCUIService2.0.0.0' cannot be found.  The local computer may not have the necessary registry information or message DLL files to display the message, or you may not have permission to access them.  The following information is part of the event:' Logoff: Test
'",igfxCUIService2.0.0.0,2020-11-13 07:45:10,India,Gujarat,Ahmedabad,380007,Asia/Kolkata,GTPL A. J. Enterprise
225,LAPTOP-1MKMTVPM,(0),Information,Offline downlevel migration succeeded.,Software Protection Platform Service,2020-11-13 07:12:08,India,Gujarat,Ahmedabad,380007,Asia/Kolkata,GTPL A. J. Enterprise
226,LAPTOP-1MKMTVPM,(0),Information,Successfully scheduled Software Protection service for re-start at 2020-11-13T09:22:11Z. Reason: RulesEngine.,Software Protection Platform Service,2020-11-13 07:06:11,India,Gujarat,Ahmedabad,380007,Asia/Kolkata,GTPL A. J. Enterprise
227,LAPTOP-1MKMTVPM,(0),Information,"The description for Event ID '1' in Source 'ITSS' cannot be found.  The local computer may not have the necessary registry information or message DLL files to display the message, or you may not have permission to access them.  The following information is part of the event:'C:\Users\91635\AppData\Local\Temp\Temp1_produkey-x64 (2).zip\ProduKey.chm', 'https://go.microsoft.com/fwlink?LinkID=45834'",ITSS,2020-11-13 07:04:01,India,Gujarat,Ahmedabad,380007,Asia/Kolkata,GTPL A. J. Enterprise
228,LAPTOP-1MKMTVPM,(0),Information,Ending a Windows Installer transaction: c:\program files (x86)\microsoft office\root\integration\c2rint64.16.msi. Client Process Id: 14504.,MsiInstaller,2020-11-13 06:50:50,India,Gujarat,Ahmedabad,380007,Asia/Kolkata,GTPL A. J. Enterprise
229,LAPTOP-1MKMTVPM,General,Information,"SearchIndexer (5752,D,50) Windows: The log format feature version 8940 (0x22ec - 8.6.20) could not be used due to the current log format 8.5.16, controlled by the parameter 0x410022D8 (8920 | JET_efvAllowHigherPersistedFormat).",ESENT,2020-11-13 06:49:46,India,Gujarat,Ahmedabad,380007,Asia/Kolkata,GTPL A. J. Enterprise
230,LAPTOP-1MKMTVPM,(0),Warning,"The rules engine reported a failed VL activation attempt.
Reason:0x8007007B
AppId = 0ff1ce15-a989-479d-af46-f275c6370663, SkuId = 85dd8b5f-eaa4-4af3-a628-cce9e77c9a03
Trigger=NetworkAvailable",Software Protection Platform Service,2020-11-14 17:44:54,India,Gujarat,Ahmedabad,380007,Asia/Kolkata,GTPL A. J. Enterprise
231,LAPTOP-1MKMTVPM,(0),Information,Offline downlevel migration succeeded.,Software Protection Platform Service,2020-11-13 07:23:58,India,Gujarat,Ahmedabad,380007,Asia/Kolkata,GTPL A. J. Enterprise
232,LAPTOP-1MKMTVPM,(0),Information,Offline downlevel migration succeeded.,Software Protection Platform Service,2020-11-13 07:17:23,India,Gujarat,Ahmedabad,380007,Asia/Kolkata,GTPL A. J. Enterprise
233,LAPTOP-1MKMTVPM,(0),Information,Product: Office 16 Click-to-Run Extensibility Component 64-bit Registration -- Configuration completed successfully.,MsiInstaller,2020-11-13 06:50:50,India,Gujarat,Ahmedabad,380007,Asia/Kolkata,GTPL A. J. Enterprise
234,LAPTOP-1MKMTVPM,(0),Information,"The Software Protection service has completed licensing status check.
Application Id=0ff1ce15-a989-479d-af46-f275c6370663
Licensing Status=
1: 0b4e6cfa-3072-434c-b702-bd1836e6887c, 1, 0 [(0 [0xC004F014, 0, 0], [(?)(?)(?)(?)(?)(?)(?)(?)])(1 )(2 )(3 )]
2: 0bc88885-718c-491d-921f-6f214349e79c, 1, 0 [(0 [0xC004F014, 0, 0], [(?)(?)(?)(?)(?)(?)(?)(?)])(1 )(2 )(3 )]
3: 28f64a3f-cf84-46da-b1e8-2dfa7750e491, 1, 0 [(0 [0xC004F014, 0, 0], [(?)(?)(?)(?)(?)(?)(?)(?)])(1 )(2 )(3 )]
4: 4c1d1588-3088-4796-b3b2-8935f3a0d886, 1, 0 [(0 [0xC004F014, 0, 0], [(?)(?)(?)(?)(?)(?)(?)(?)])(1 )(2 )(3 )]
5: 52287aa3-9945-44d1-9046-7a3373666821, 1, 0 [(0 [0xC004F014, 0, 0], [(?)(?)(?)(?)(?)(?)(?)(?)])(1 )(2 )(3 )]
6: 537ea5b5-7d50-4876-bd38-a53a77caca32, 1, 0 [(0 [0xC004F014, 0, 0], [(?)(?)(?)(?)(?)(?)(?)(?)])(1 )(2 )(3 )]
7: 6755c7a7-4dfe-46f5-bce8-427be8e9dc62, 1, 0 [(0 [0xC004F014, 0, 0], [(?)(?)(?)(?)(?)(?)(?)(?)])(1 )(2 )(3 )]
8: 77f47589-2212-4e3b-ad27-a900ce813837, 1, 0 [(0 [0xC004F014, 0, 0], [(?)(?)(?)(?)(?)(?)(?)(?)])(1 )(2 )(3 )]
9: 7ab38a1c-a803-4ca5-8ebb-f8786c4b4faa, 1, 0 [(0 [0xC004F014, 0, 0], [(?)(?)(?)(?)(?)(?)(?)(?)])(1 )(2 )(3 )]
10: 85dd8b5f-eaa4-4af3-a628-cce9e77c9a03, 1, 1 [(0 [0xC004E003, 0, 0], [( 2 0xC004F056 0 0 msft:rm/algorithm/volume/1.0 0x00000000 0)( 1 0x00000000)(?)( 2 0xC004F056 0 0 msft:rm/algorithm/volume/1.0 0x00000000 0)(?)(?)(?)(?)])(1 )(2 )(3 [0x00000000, 0, 0], [( 6 0xC004F009 30 0)( 1 0x00000000)( 6 0xC004F009 30 0)(?)(?)(?)( 10 0x00000000 msft:rm/algorithm/flags/1.0)( 11 0x00000000 0xC004F056)])]
11: 86af9220-9d6f-4575-bef0-619a9a6aa005, 1, 0 [(0 [0xC004F014, 0, 0], [(?)(?)(?)(?)(?)(?)(?)(?)])(1 )(2 )(3 )]
12: 951c0fe6-40a8-4400-8003-eec0686ffbc4, 1, 0 [(0 [0xC004F014, 0, 0], [(?)(?)(?)(?)(?)(?)(?)(?)])(1 )(2 )(3 )]
13: 95820f84-6e8c-4d22-b2ce-54953e9911bc, 1, 0 [(0 [0xC004F014, 0, 0], [(?)(?)(?)(?)(?)(?)(?)(?)])(1 )(2 )(3 )]
14: 96353198-443e-479d-9e80-9a6d72fd1a99, 1, 0 [(0 [0xC004F014, 0, 0], [(?)(?)(?)(?)(?)(?)(?)(?)])(1 )(2 )(3 )]
15: a96f8dae-da54-4fad-bdc6-108da592707a, 1, 0 [(0 [0xC004F014, 0, 0], [(?)(?)(?)(?)(?)(?)(?)(?)])(1 )(2 )(3 )]
16: ae9d158f-9450-4a0c-8c80-dd973c58357c, 1, 0 [(0 [0xC004F014, 0, 0], [(?)(?)(?)(?)(?)(?)(?)(?)])(1 )(2 )(3 )]
17: b4af11be-5f94-4d8f-9844-ce0d5e0d8680, 1, 0 [(0 [0xC004F014, 0, 0], [(?)(?)(?)(?)(?)(?)(?)(?)])(1 )(2 )(3 )]
18: b58a5943-16ea-420f-a611-7b230acd762c, 1, 0 [(0 [0xC004F014, 0, 0], [(?)(?)(?)(?)(?)(?)(?)(?)])(1 )(2 )(3 )]
19: c85fe025-b033-4f41-936b-b121521ba1c1, 1, 0 [(0 [0xC004F014, 0, 0], [(?)(?)(?)(?)(?)(?)(?)(?)])(1 )(2 )(3 )]
20: d7279dd0-e175-49fe-a623-8fc2fc00afc4, 1, 1 [(0 )(1 )(2 )(3 [0x00000000, 0, 0], [( 6 0xC004F009 5 0)( 1 0x00000000)( 6 0xC004F009 5 0)(?)(?)(?)( 10 0x00000000 msft:rm/algorithm/flags/1.0)( 11 0x00000000 0xC004F009)])]
21: fb3540bc-a824-4c79-83da-6f6bd3ac6ccb, 1, 0 [(0 [0xC004F014, 0, 0], [(?)(?)(?)(?)(?)(?)(?)(?)])(1 )(2 )(3 )]

",Software Protection Platform Service,2020-11-13 06:50:44,India,Gujarat,Ahmedabad,380007,Asia/Kolkata,GTPL A. J. Enterprise
235,LAPTOP-1MKMTVPM,Search service,Information,"Windows Search Service stopped normally.
",Windows Search Service,2020-11-13 06:49:44,India,Gujarat,Ahmedabad,380007,Asia/Kolkata,GTPL A. J. Enterprise
236,LAPTOP-1MKMTVPM,General,Information,"SearchIndexer (6372,D,50) Windows: The database engine attached a database (1, C:\ProgramData\Microsoft\Search\Data\Applications\Windows\Windows.edb). (Time=0 seconds)



Saved Cache: 0 0

Additional Data: lgposAttach = 00000024:00DE:0268,
dbv = 1568.20.0



Internal Timing Sequence: 
[1] 0.000003 +J(0) +M(C:0K, Fs:1, WS:4K # 0K, PF:0K # 0K, P:0K)
[2] 0.000299 +J(0) +M(C:0K, Fs:26, WS:40K # 0K, PF:36K # 0K, P:36K)
[3] 0.015345 -0.001664 (6) WT +J(CM:0, PgRf:0, Rd:0/0, Dy:0/0, Lg:3480/2) +M(C:0K, Fs:41, WS:124K # 0K, PF:144K # 0K, P:144K)
[4] 0.000406 -0.000001 (1) WT +J(0)
[5] -
[6] -
[7] -
[8] 0.004534 -0.002047 (2) CM +J(CM:2, PgRf:2, Rd:14/2, Dy:0/0, Lg:0/0) +M(C:0K, Fs:57, WS:228K # 0K, PF:668K # 0K, P:668K)
[9] 0.012760 -0.001234 (5) CM -0.011018 (1) WT +J(CM:5, PgRf:23, Rd:0/5, Dy:0/0, Lg:0/0) +M(C:0K, Fs:68, WS:268K # 4K, PF:260K # 148K, P:260K)
[10] 0.000936 -0.000604 (1) CM +J(CM:1, PgRf:40, Rd:0/1, Dy:0/0, Lg:0/0) +M(C:0K, Fs:11, WS:44K # 44K, PF:96K # 96K, P:96K)
[11] 0.000044 +J(CM:0, PgRf:1, Rd:0/0, Dy:0/0, Lg:0/0) +M(C:0K, Fs:4, WS:16K # 16K, PF:0K # 0K, P:0K)
[12] 0.000109 +J(CM:0, PgRf:42, Rd:0/0, Dy:0/0, Lg:0/0) +M(C:0K, Fs:3, WS:12K # 12K, PF:0K # 0K, P:0K)
[13] 0.000001 +J(0)
[14] 0.000001 +J(0)
[15] 0.000014 +J(CM:0, PgRf:1, Rd:0/0, Dy:0/0, Lg:0/0).",ESENT,2020-11-13 06:48:56,India,Gujarat,Ahmedabad,380007,Asia/Kolkata,GTPL A. J. Enterprise
237,LAPTOP-1MKMTVPM,(0),Information,Updated Quick Heal Firewall status successfully to SECURITY_PRODUCT_STATE_ON.,SecurityCenter,2020-11-14 17:45:00,India,Gujarat,Ahmedabad,380007,Asia/Kolkata,GTPL A. J. Enterprise
238,LAPTOP-1MKMTVPM,(0),Information,The winlogon notification subscriber <SessionEnv> was unavailable to handle a critical notification event.,Wlclntfy,2020-11-14 17:44:59,India,Gujarat,Ahmedabad,380007,Asia/Kolkata,GTPL A. J. Enterprise
239,LAPTOP-1MKMTVPM,(0),Information,Offline downlevel migration succeeded.,Software Protection Platform Service,2020-11-13 07:45:12,India,Gujarat,Ahmedabad,380007,Asia/Kolkata,GTPL A. J. Enterprise
240,LAPTOP-1MKMTVPM,(0),Information,"The Software Protection service has completed licensing status check.
Application Id=0ff1ce15-a989-479d-af46-f275c6370663
Licensing Status=
1: d7279dd0-e175-49fe-a623-8fc2fc00afc4, 1, 1 [(0 )(1 )(2 )(3 [0x00000000, 0, 0], [( 6 0xC004F009 5 0)( 1 0x00000000)( 6 0xC004F009 5 0)(?)(?)(?)( 10 0x00000000 msft:rm/algorithm/flags/1.0)( 11 0x00000000 0xC004F009)])]

",Software Protection Platform Service,2020-11-13 07:26:38,India,Gujarat,Ahmedabad,380007,Asia/Kolkata,GTPL A. J. Enterprise
241,LAPTOP-1MKMTVPM,(0),Information,"The Software Protection service has completed licensing status check.
Application Id=0ff1ce15-a989-479d-af46-f275c6370663
Licensing Status=
1: 0b4e6cfa-3072-434c-b702-bd1836e6887c, 1, 0 [(0 [0xC004F014, 0, 0], [(?)(?)(?)(?)(?)(?)(?)(?)])(1 )(2 )(3 )]
2: 0bc88885-718c-491d-921f-6f214349e79c, 1, 0 [(0 [0xC004F014, 0, 0], [(?)(?)(?)(?)(?)(?)(?)(?)])(1 )(2 )(3 )]
3: 28f64a3f-cf84-46da-b1e8-2dfa7750e491, 1, 0 [(0 [0xC004F014, 0, 0], [(?)(?)(?)(?)(?)(?)(?)(?)])(1 )(2 )(3 )]
4: 4c1d1588-3088-4796-b3b2-8935f3a0d886, 1, 0 [(0 [0xC004F014, 0, 0], [(?)(?)(?)(?)(?)(?)(?)(?)])(1 )(2 )(3 )]
5: 52287aa3-9945-44d1-9046-7a3373666821, 1, 0 [(0 [0xC004F014, 0, 0], [(?)(?)(?)(?)(?)(?)(?)(?)])(1 )(2 )(3 )]
6: 537ea5b5-7d50-4876-bd38-a53a77caca32, 1, 0 [(0 [0xC004F014, 0, 0], [(?)(?)(?)(?)(?)(?)(?)(?)])(1 )(2 )(3 )]
7: 6755c7a7-4dfe-46f5-bce8-427be8e9dc62, 1, 0 [(0 [0xC004F014, 0, 0], [(?)(?)(?)(?)(?)(?)(?)(?)])(1 )(2 )(3 )]
8: 77f47589-2212-4e3b-ad27-a900ce813837, 1, 0 [(0 [0xC004F014, 0, 0], [(?)(?)(?)(?)(?)(?)(?)(?)])(1 )(2 )(3 )]
9: 7ab38a1c-a803-4ca5-8ebb-f8786c4b4faa, 1, 0 [(0 [0xC004F014, 0, 0], [(?)(?)(?)(?)(?)(?)(?)(?)])(1 )(2 )(3 )]
10: 85dd8b5f-eaa4-4af3-a628-cce9e77c9a03, 1, 1 [(0 [0xC004E003, 0, 0], [( 2 0xC004F056 0 0 msft:rm/algorithm/volume/1.0 0x00000000 0)( 1 0x00000000)(?)( 2 0xC004F056 0 0 msft:rm/algorithm/volume/1.0 0x00000000 0)(?)(?)(?)(?)])(1 )(2 )(3 [0x00000000, 0, 0], [( 6 0xC004F009 30 0)( 1 0x00000000)( 6 0xC004F009 30 0)(?)(?)(?)( 10 0x00000000 msft:rm/algorithm/flags/1.0)( 11 0x00000000 0xC004F056)])]
11: 86af9220-9d6f-4575-bef0-619a9a6aa005, 1, 0 [(0 [0xC004F014, 0, 0], [(?)(?)(?)(?)(?)(?)(?)(?)])(1 )(2 )(3 )]
12: 951c0fe6-40a8-4400-8003-eec0686ffbc4, 1, 0 [(0 [0xC004F014, 0, 0], [(?)(?)(?)(?)(?)(?)(?)(?)])(1 )(2 )(3 )]
13: 95820f84-6e8c-4d22-b2ce-54953e9911bc, 1, 0 [(0 [0xC004F014, 0, 0], [(?)(?)(?)(?)(?)(?)(?)(?)])(1 )(2 )(3 )]
14: 96353198-443e-479d-9e80-9a6d72fd1a99, 1, 0 [(0 [0xC004F014, 0, 0], [(?)(?)(?)(?)(?)(?)(?)(?)])(1 )(2 )(3 )]
15: a96f8dae-da54-4fad-bdc6-108da592707a, 1, 0 [(0 [0xC004F014, 0, 0], [(?)(?)(?)(?)(?)(?)(?)(?)])(1 )(2 )(3 )]
16: ae9d158f-9450-4a0c-8c80-dd973c58357c, 1, 0 [(0 [0xC004F014, 0, 0], [(?)(?)(?)(?)(?)(?)(?)(?)])(1 )(2 )(3 )]
17: b4af11be-5f94-4d8f-9844-ce0d5e0d8680, 1, 0 [(0 [0xC004F014, 0, 0], [(?)(?)(?)(?)(?)(?)(?)(?)])(1 )(2 )(3 )]
18: b58a5943-16ea-420f-a611-7b230acd762c, 1, 0 [(0 [0xC004F014, 0, 0], [(?)(?)(?)(?)(?)(?)(?)(?)])(1 )(2 )(3 )]
19: c85fe025-b033-4f41-936b-b121521ba1c1, 1, 0 [(0 [0xC004F014, 0, 0], [(?)(?)(?)(?)(?)(?)(?)(?)])(1 )(2 )(3 )]
20: d7279dd0-e175-49fe-a623-8fc2fc00afc4, 1, 1 [(0 )(1 )(2 )(3 [0x00000000, 0, 0], [( 6 0xC004F009 5 0)( 1 0x00000000)( 6 0xC004F009 5 0)(?)(?)(?)( 10 0x00000000 msft:rm/algorithm/flags/1.0)( 11 0x00000000 0xC004F009)])]
21: fb3540bc-a824-4c79-83da-6f6bd3ac6ccb, 1, 0 [(0 [0xC004F014, 0, 0], [(?)(?)(?)(?)(?)(?)(?)(?)])(1 )(2 )(3 )]

",Software Protection Platform Service,2020-11-13 07:17:50,India,Gujarat,Ahmedabad,380007,Asia/Kolkata,GTPL A. J. Enterprise
242,LAPTOP-1MKMTVPM,Logging/Recovery,Error,"svchost (11636,R,98) TILEREPOSITORYS-1-5-18: Error -1023 (0xfffffc01) occurred while opening logfile C:\WINDOWS\system32\config\systemprofile\AppData\Local\TileDataLayer\Database\EDB.log.",ESENT,2020-11-13 07:14:23,India,Gujarat,Ahmedabad,380007,Asia/Kolkata,GTPL A. J. Enterprise
243,LAPTOP-1MKMTVPM,(0),Information,Product: Office 16 Click-to-Run Extensibility Component -- Configuration completed successfully.,MsiInstaller,2020-11-13 06:50:47,India,Gujarat,Ahmedabad,380007,Asia/Kolkata,GTPL A. J. Enterprise
244,LAPTOP-1MKMTVPM,(0),Information,Beginning a Windows Installer transaction: c:\program files (x86)\microsoft office\root\integration\c2rint.16.msi. Client Process Id: 14504.,MsiInstaller,2020-11-13 06:50:44,India,Gujarat,Ahmedabad,380007,Asia/Kolkata,GTPL A. J. Enterprise
245,LAPTOP-1MKMTVPM,(0),Information,"The Software Protection service has completed licensing status check.
Application Id=0ff1ce15-a989-479d-af46-f275c6370663
Licensing Status=
1: 85dd8b5f-eaa4-4af3-a628-cce9e77c9a03, 1, 1 [(0 [0xC004E003, 0, 0], [( 2 0xC004F056 0 0 msft:rm/algorithm/volume/1.0 0x00000000 0)( 1 0x00000000)(?)( 2 0xC004F056 0 0 msft:rm/algorithm/volume/1.0 0x00000000 0)(?)(?)(?)(?)])(1 )(2 )(3 [0x00000000, 0, 0], [( 6 0xC004F009 30 0)( 1 0x00000000)( 6 0xC004F009 30 0)(?)(?)(?)( 10 0x00000000 msft:rm/algorithm/flags/1.0)( 11 0x00000000 0xC004F056)])]

",Software Protection Platform Service,2020-11-13 06:49:58,India,Gujarat,Ahmedabad,380007,Asia/Kolkata,GTPL A. J. Enterprise
246,LAPTOP-1MKMTVPM,General,Information,"SearchIndexer (5752,D,50) Windows: The database [C:\ProgramData\Microsoft\Search\Data\Applications\Windows\Windows.edb] format version is being held back to 8920 (0x22d8) due to application parameter setting of 0x410022D8 (8920 | JET_efvAllowHigherPersistedFormat). Current default engine version: 9100 (0x238c).",ESENT,2020-11-13 06:49:46,India,Gujarat,Ahmedabad,380007,Asia/Kolkata,GTPL A. J. Enterprise
247,LAPTOP-1MKMTVPM,Search service,Information,"The Windows Search Service started.
",Windows Search Service,2020-11-13 06:48:57,India,Gujarat,Ahmedabad,380007,Asia/Kolkata,GTPL A. J. Enterprise
248,LAPTOP-1MKMTVPM,(0),Information,"The description for Event ID '0' in Source 'igfxCUIService2.0.0.0' cannot be found.  The local computer may not have the necessary registry information or message DLL files to display the message, or you may not have permission to access them.  The following information is part of the event:'Logon: 2
'",igfxCUIService2.0.0.0,2020-11-14 17:45:00,India,Gujarat,Ahmedabad,380007,Asia/Kolkata,GTPL A. J. Enterprise
249,LAPTOP-1MKMTVPM,(0),Information,The winlogon notification subscriber <SessionEnv> was unavailable to handle a notification event.,Wlclntfy,2020-11-13 07:45:10,India,Gujarat,Ahmedabad,380007,Asia/Kolkata,GTPL A. J. Enterprise
250,LAPTOP-1MKMTVPM,(0),Information,Duplicate definition of policy found. Policy name=Security-SPP-WriteWauMarker  Priority=500,Software Protection Platform Service,2020-11-13 07:24:05,India,Gujarat,Ahmedabad,380007,Asia/Kolkata,GTPL A. J. Enterprise
251,LAPTOP-1MKMTVPM,(0),Information,Successfully scheduled Software Protection service for re-start at 2020-11-13T09:21:59Z. Reason: RulesEngine.,Software Protection Platform Service,2020-11-13 07:19:59,India,Gujarat,Ahmedabad,380007,Asia/Kolkata,GTPL A. J. Enterprise
252,LAPTOP-1MKMTVPM,(0),Information,Beginning a Windows Installer transaction: c:\program files (x86)\microsoft office\root\integration\c2rint64.16.msi. Client Process Id: 14504.,MsiInstaller,2020-11-13 06:50:50,India,Gujarat,Ahmedabad,380007,Asia/Kolkata,GTPL A. J. Enterprise
253,LAPTOP-1MKMTVPM,(0),Information,Windows Installer reconfigured the product. Product Name: Office 16 Click-to-Run Extensibility Component. Product Version: 16.0.10368.20035. Product Language: 0. Manufacturer: Microsoft Corporation. Reconfiguration success or error status: 0.,MsiInstaller,2020-11-13 06:50:47,India,Gujarat,Ahmedabad,380007,Asia/Kolkata,GTPL A. J. Enterprise
254,LAPTOP-1MKMTVPM,General,Information,"SearchIndexer (5752,D,0) Windows: The database engine started a new instance (0). (Time=0 seconds)



Additional Data:





Internal Timing Sequence: 
[1] 0.001558 +J(0) +M(C:0K, Fs:193, WS:744K # 744K, PF:5248K # 5248K, P:5248K)
[2] 0.000571 +J(0) +M(C:0K, Fs:201, WS:804K # 804K, PF:404K # 404K, P:404K)
[3] 0.000044 +J(0) +M(C:0K, Fs:12, WS:48K # 48K, PF:64K # 64K, P:64K)
[4] 0.000168 +J(0) +M(C:0K, Fs:28, WS:108K # 108K, PF:372K # 372K, P:372K)
[5] 0.001744 +J(0) +M(C:0K, Fs:8, WS:32K # 32K, PF:24K # 32K, P:24K)
[6] 0.005798 +J(0) +M(C:0K, Fs:17, WS:68K # 68K, PF:12K # 4K, P:12K)
[7] 0.004583 -0.000002 (2) WT +J(0) +M(C:0K, Fs:277, WS:1104K # 1104K, PF:1028K # 1028K, P:1028K)
[8] -
[9] -
[10] -
[11] -
[12] -
[13] 0.015002 -0.000001 (1) WT +J(CM:0, PgRf:0, Rd:0/0, Dy:0/0, Lg:616/1) +M(C:0K, Fs:13, WS:-980K # 28K, PF:-1024K # 12K, P:-1024K)
[14] 0.000032 +J(0) +M(C:0K, Fs:2, WS:8K # 0K, PF:0K # 0K, P:0K)
[15] 0.000128 +J(0) +M(C:0K, Fs:65, WS:256K # 0K, PF:68K # 0K, P:68K)
[16] 0.000331 -0.000001 (1) WT +J(0) +M(C:0K, Fs:3, WS:4K # 0K, PF:0K # 0K, P:0K).",ESENT,2020-11-13 06:49:46,India,Gujarat,Ahmedabad,380007,Asia/Kolkata,GTPL A. J. Enterprise
255,LAPTOP-1MKMTVPM,General,Information,"SearchIndexer (6372,D,50) Windows: The log format feature version 8940 (0x22ec - 8.6.20) could not be used due to the current log format 8.5.16, controlled by the parameter 0x410022D8 (8920 | JET_efvAllowHigherPersistedFormat).",ESENT,2020-11-13 06:48:56,India,Gujarat,Ahmedabad,380007,Asia/Kolkata,GTPL A. J. Enterprise
256,LAPTOP-1MKMTVPM,General,Information,"SearchIndexer (6372,D,50) Windows: The database [C:\ProgramData\Microsoft\Search\Data\Applications\Windows\Windows.edb] format version is being held back to 8920 (0x22d8) due to application parameter setting of 0x410022D8 (8920 | JET_efvAllowHigherPersistedFormat). Current default engine version: 9100 (0x238c).",ESENT,2020-11-13 06:48:56,India,Gujarat,Ahmedabad,380007,Asia/Kolkata,GTPL A. J. Enterprise
257,LAPTOP-1MKMTVPM,(0),Information,"The Software Protection service has successfully installed the license.
License Title=Office 19 UL phone License (Private)
License Id=50aa14d0-bd6b-4022-96aa-cbffe8d68b0b",Software Protection Platform Service,2020-11-13 06:47:50,India,Gujarat,Ahmedabad,380007,Asia/Kolkata,GTPL A. J. Enterprise
258,LAPTOP-1MKMTVPM,(0),Information,Restarting application or service 'Microsoft Word'.,Microsoft-Windows-RestartManager,2020-11-13 06:47:50,India,Gujarat,Ahmedabad,380007,Asia/Kolkata,GTPL A. J. Enterprise
259,LAPTOP-1MKMTVPM,(0),Information,"The Software Protection service has successfully installed the license.
License Title=Office 19 Publishing License (Private)
License Id=ebd20b8c-2f9b-47cc-a3b1-f63e08f84339",Software Protection Platform Service,2020-11-13 06:47:50,India,Gujarat,Ahmedabad,380007,Asia/Kolkata,GTPL A. J. Enterprise
260,LAPTOP-1MKMTVPM,(0),Information,"The Software Protection service has successfully installed the license.
License Title=Office 19 UL oob License (Public)
License Id=d033b754-5c8b-4763-9552-efb4d06a7149",Software Protection Platform Service,2020-11-13 06:47:49,India,Gujarat,Ahmedabad,380007,Asia/Kolkata,GTPL A. J. Enterprise
261,LAPTOP-1MKMTVPM,(0),Information,Starting session 1 - 2020-11-13T07:45:53.955518300Z.,Microsoft-Windows-RestartManager,2020-11-13 06:45:53,India,Gujarat,Ahmedabad,380007,Asia/Kolkata,GTPL A. J. Enterprise
262,LAPTOP-1MKMTVPM,(0),Information,"The Software Protection service has successfully installed the license.
License Title=Office 19 UL oob License (Private)
License Id=92662c47-c39b-4cb8-b891-0071a069ffd2",Software Protection Platform Service,2020-11-13 06:47:50,India,Gujarat,Ahmedabad,380007,Asia/Kolkata,GTPL A. J. Enterprise
263,LAPTOP-1MKMTVPM,(0),Information,"The Software Protection service has successfully installed the license.
License Title=Office 19 UL volume License (Private)
License Id=09977831-f099-4d53-b027-90ccbf491734",Software Protection Platform Service,2020-11-13 06:47:50,India,Gujarat,Ahmedabad,380007,Asia/Kolkata,GTPL A. J. Enterprise
264,LAPTOP-1MKMTVPM,(0),Information,"The Software Protection service has successfully installed the license.
License Title=Office 19 UL volume License (Private)
License Id=a66ad0f3-1187-4011-be1b-327136e74b65",Software Protection Platform Service,2020-11-13 06:47:49,India,Gujarat,Ahmedabad,380007,Asia/Kolkata,GTPL A. J. Enterprise
265,LAPTOP-1MKMTVPM,(0),Information,"The Software Protection service has completed licensing status check.
Application Id=0ff1ce15-a989-479d-af46-f275c6370663
Licensing Status=
1: 85dd8b5f-eaa4-4af3-a628-cce9e77c9a03, 1, 1 [(0 [0xC004E003, 0, 0], [( 2 0xC004F056 0 0 msft:rm/algorithm/volume/1.0 0x00000000 0)( 1 0x00000000)(?)( 2 0xC004F056 0 0 msft:rm/algorithm/volume/1.0 0x00000000 0)(?)(?)(?)(?)])(1 )(2 )(3 [0x00000000, 0, 0], [( 6 0xC004F009 30 0)( 1 0x00000000)( 6 0xC004F009 30 0)(?)(?)(?)( 10 0x00000000 msft:rm/algorithm/flags/1.0)( 11 0x00000000 0xC004F056)])]

",Software Protection Platform Service,2020-11-13 06:47:19,India,Gujarat,Ahmedabad,380007,Asia/Kolkata,GTPL A. J. Enterprise
266,LAPTOP-1MKMTVPM,(0),Information,"The Software Protection service has completed licensing status check.
Application Id=0ff1ce15-a989-479d-af46-f275c6370663
Licensing Status=
1: 0b4e6cfa-3072-434c-b702-bd1836e6887c, 1, 0 [(0 [0xC004F014, 0, 0], [(?)(?)(?)(?)(?)(?)(?)(?)])(1 )(2 )(3 )]
2: 0bc88885-718c-491d-921f-6f214349e79c, 1, 0 [(0 [0xC004F014, 0, 0], [(?)(?)(?)(?)(?)(?)(?)(?)])(1 )(2 )(3 )]
3: 28f64a3f-cf84-46da-b1e8-2dfa7750e491, 1, 0 [(0 [0xC004F014, 0, 0], [(?)(?)(?)(?)(?)(?)(?)(?)])(1 )(2 )(3 )]
4: 4c1d1588-3088-4796-b3b2-8935f3a0d886, 1, 0 [(0 [0xC004F014, 0, 0], [(?)(?)(?)(?)(?)(?)(?)(?)])(1 )(2 )(3 )]
5: 52287aa3-9945-44d1-9046-7a3373666821, 1, 0 [(0 [0xC004F014, 0, 0], [(?)(?)(?)(?)(?)(?)(?)(?)])(1 )(2 )(3 )]
6: 537ea5b5-7d50-4876-bd38-a53a77caca32, 1, 0 [(0 [0xC004F014, 0, 0], [(?)(?)(?)(?)(?)(?)(?)(?)])(1 )(2 )(3 )]
7: 6755c7a7-4dfe-46f5-bce8-427be8e9dc62, 1, 0 [(0 [0xC004F014, 0, 0], [(?)(?)(?)(?)(?)(?)(?)(?)])(1 )(2 )(3 )]
8: 77f47589-2212-4e3b-ad27-a900ce813837, 1, 0 [(0 [0xC004F014, 0, 0], [(?)(?)(?)(?)(?)(?)(?)(?)])(1 )(2 )(3 )]
9: 7ab38a1c-a803-4ca5-8ebb-f8786c4b4faa, 1, 0 [(0 [0xC004F014, 0, 0], [(?)(?)(?)(?)(?)(?)(?)(?)])(1 )(2 )(3 )]
10: 85dd8b5f-eaa4-4af3-a628-cce9e77c9a03, 1, 1 [(0 [0xC004E003, 0, 0], [( 2 0xC004F056 0 0 msft:rm/algorithm/volume/1.0 0x00000000 0)( 1 0x00000000)(?)( 2 0xC004F056 0 0 msft:rm/algorithm/volume/1.0 0x00000000 0)(?)(?)(?)(?)])(1 )(2 )(3 [0x00000000, 0, 0], [( 6 0xC004F009 30 0)( 1 0x00000000)( 6 0xC004F009 30 0)(?)(?)(?)( 10 0x00000000 msft:rm/algorithm/flags/1.0)( 11 0x00000000 0xC004F056)])]
11: 86af9220-9d6f-4575-bef0-619a9a6aa005, 1, 0 [(0 [0xC004F014, 0, 0], [(?)(?)(?)(?)(?)(?)(?)(?)])(1 )(2 )(3 )]
12: 951c0fe6-40a8-4400-8003-eec0686ffbc4, 1, 0 [(0 [0xC004F014, 0, 0], [(?)(?)(?)(?)(?)(?)(?)(?)])(1 )(2 )(3 )]
13: 95820f84-6e8c-4d22-b2ce-54953e9911bc, 1, 0 [(0 [0xC004F014, 0, 0], [(?)(?)(?)(?)(?)(?)(?)(?)])(1 )(2 )(3 )]
14: 96353198-443e-479d-9e80-9a6d72fd1a99, 1, 0 [(0 [0xC004F014, 0, 0], [(?)(?)(?)(?)(?)(?)(?)(?)])(1 )(2 )(3 )]
15: a96f8dae-da54-4fad-bdc6-108da592707a, 1, 0 [(0 [0xC004F014, 0, 0], [(?)(?)(?)(?)(?)(?)(?)(?)])(1 )(2 )(3 )]
16: ae9d158f-9450-4a0c-8c80-dd973c58357c, 1, 0 [(0 [0xC004F014, 0, 0], [(?)(?)(?)(?)(?)(?)(?)(?)])(1 )(2 )(3 )]
17: b4af11be-5f94-4d8f-9844-ce0d5e0d8680, 1, 0 [(0 [0xC004F014, 0, 0], [(?)(?)(?)(?)(?)(?)(?)(?)])(1 )(2 )(3 )]
18: b58a5943-16ea-420f-a611-7b230acd762c, 1, 0 [(0 [0xC004F014, 0, 0], [(?)(?)(?)(?)(?)(?)(?)(?)])(1 )(2 )(3 )]
19: c85fe025-b033-4f41-936b-b121521ba1c1, 1, 0 [(0 [0xC004F014, 0, 0], [(?)(?)(?)(?)(?)(?)(?)(?)])(1 )(2 )(3 )]
20: d7279dd0-e175-49fe-a623-8fc2fc00afc4, 1, 1 [(0 )(1 )(2 )(3 [0x00000000, 0, 0], [( 6 0xC004F009 5 0)( 1 0x00000000)( 6 0xC004F009 5 0)(?)(?)(?)( 10 0x00000000 msft:rm/algorithm/flags/1.0)( 11 0x00000000 0xC004F009)])]
21: fb3540bc-a824-4c79-83da-6f6bd3ac6ccb, 1, 0 [(0 [0xC004F014, 0, 0], [(?)(?)(?)(?)(?)(?)(?)(?)])(1 )(2 )(3 )]

",Software Protection Platform Service,2020-11-13 06:47:19,India,Gujarat,Ahmedabad,380007,Asia/Kolkata,GTPL A. J. Enterprise
267,LAPTOP-1MKMTVPM,(0),Information,"The Software Protection service has completed licensing status check.
Application Id=0ff1ce15-a989-479d-af46-f275c6370663
Licensing Status=
1: 0b4e6cfa-3072-434c-b702-bd1836e6887c, 1, 0 [(0 [0xC004F014, 0, 0], [(?)(?)(?)(?)(?)(?)(?)(?)])(1 )(2 )(3 )]
2: 0bc88885-718c-491d-921f-6f214349e79c, 1, 0 [(0 [0xC004F014, 0, 0], [(?)(?)(?)(?)(?)(?)(?)(?)])(1 )(2 )(3 )]
3: 28f64a3f-cf84-46da-b1e8-2dfa7750e491, 1, 0 [(0 [0xC004F014, 0, 0], [(?)(?)(?)(?)(?)(?)(?)(?)])(1 )(2 )(3 )]
4: 4c1d1588-3088-4796-b3b2-8935f3a0d886, 1, 0 [(0 [0xC004F014, 0, 0], [(?)(?)(?)(?)(?)(?)(?)(?)])(1 )(2 )(3 )]
5: 52287aa3-9945-44d1-9046-7a3373666821, 1, 0 [(0 [0xC004F014, 0, 0], [(?)(?)(?)(?)(?)(?)(?)(?)])(1 )(2 )(3 )]
6: 537ea5b5-7d50-4876-bd38-a53a77caca32, 1, 0 [(0 [0xC004F014, 0, 0], [(?)(?)(?)(?)(?)(?)(?)(?)])(1 )(2 )(3 )]
7: 6755c7a7-4dfe-46f5-bce8-427be8e9dc62, 1, 0 [(0 [0xC004F014, 0, 0], [(?)(?)(?)(?)(?)(?)(?)(?)])(1 )(2 )(3 )]
8: 77f47589-2212-4e3b-ad27-a900ce813837, 1, 0 [(0 [0xC004F014, 0, 0], [(?)(?)(?)(?)(?)(?)(?)(?)])(1 )(2 )(3 )]
9: 7ab38a1c-a803-4ca5-8ebb-f8786c4b4faa, 1, 0 [(0 [0xC004F014, 0, 0], [(?)(?)(?)(?)(?)(?)(?)(?)])(1 )(2 )(3 )]
10: 85dd8b5f-eaa4-4af3-a628-cce9e77c9a03, 1, 1 [(0 [0xC004E003, 0, 0], [( 2 0xC004F056 0 0 msft:rm/algorithm/volume/1.0 0x00000000 0)( 1 0x00000000)(?)( 2 0xC004F056 0 0 msft:rm/algorithm/volume/1.0 0x00000000 0)(?)(?)(?)(?)])(1 )(2 )(3 [0x00000000, 0, 0], [( 6 0xC004F009 30 0)( 1 0x00000000)( 6 0xC004F009 30 0)(?)(?)(?)( 10 0x00000000 msft:rm/algorithm/flags/1.0)( 11 0x00000000 0xC004F056)])]
11: 86af9220-9d6f-4575-bef0-619a9a6aa005, 1, 0 [(0 [0xC004F014, 0, 0], [(?)(?)(?)(?)(?)(?)(?)(?)])(1 )(2 )(3 )]
12: 951c0fe6-40a8-4400-8003-eec0686ffbc4, 1, 0 [(0 [0xC004F014, 0, 0], [(?)(?)(?)(?)(?)(?)(?)(?)])(1 )(2 )(3 )]
13: 95820f84-6e8c-4d22-b2ce-54953e9911bc, 1, 0 [(0 [0xC004F014, 0, 0], [(?)(?)(?)(?)(?)(?)(?)(?)])(1 )(2 )(3 )]
14: 96353198-443e-479d-9e80-9a6d72fd1a99, 1, 0 [(0 [0xC004F014, 0, 0], [(?)(?)(?)(?)(?)(?)(?)(?)])(1 )(2 )(3 )]
15: a96f8dae-da54-4fad-bdc6-108da592707a, 1, 0 [(0 [0xC004F014, 0, 0], [(?)(?)(?)(?)(?)(?)(?)(?)])(1 )(2 )(3 )]
16: ae9d158f-9450-4a0c-8c80-dd973c58357c, 1, 0 [(0 [0xC004F014, 0, 0], [(?)(?)(?)(?)(?)(?)(?)(?)])(1 )(2 )(3 )]
17: b4af11be-5f94-4d8f-9844-ce0d5e0d8680, 1, 0 [(0 [0xC004F014, 0, 0], [(?)(?)(?)(?)(?)(?)(?)(?)])(1 )(2 )(3 )]
18: b58a5943-16ea-420f-a611-7b230acd762c, 1, 0 [(0 [0xC004F014, 0, 0], [(?)(?)(?)(?)(?)(?)(?)(?)])(1 )(2 )(3 )]
19: c85fe025-b033-4f41-936b-b121521ba1c1, 1, 0 [(0 [0xC004F014, 0, 0], [(?)(?)(?)(?)(?)(?)(?)(?)])(1 )(2 )(3 )]
20: d7279dd0-e175-49fe-a623-8fc2fc00afc4, 1, 1 [(0 )(1 )(2 )(3 [0x00000000, 0, 0], [( 6 0xC004F009 5 0)( 1 0x00000000)( 6 0xC004F009 5 0)(?)(?)(?)( 10 0x00000000 msft:rm/algorithm/flags/1.0)( 11 0x00000000 0xC004F009)])]
21: fb3540bc-a824-4c79-83da-6f6bd3ac6ccb, 1, 0 [(0 [0xC004F014, 0, 0], [(?)(?)(?)(?)(?)(?)(?)(?)])(1 )(2 )(3 )]

",Software Protection Platform Service,2020-11-13 06:38:53,India,Gujarat,Ahmedabad,380007,Asia/Kolkata,GTPL A. J. Enterprise
268,LAPTOP-1MKMTVPM,General,Information,"SearchIndexer (6372,P,98) Windows: The database engine (10.00.18363.0000) is starting a new instance (0).",ESENT,2020-11-13 06:48:56,India,Gujarat,Ahmedabad,380007,Asia/Kolkata,GTPL A. J. Enterprise
269,LAPTOP-1MKMTVPM,General,Information,"SearchIndexer (9564,T,97) Windows: The database engine stopped the instance (0).



Dirty Shutdown: 0



Internal Timing Sequence: 
[1] 0.000012 +J(0) +M(C:0K, Fs:2, WS:8K # 0K, PF:0K # 0K, P:0K)
[2] 0.000024 +J(0) +M(C:0K, Fs:1, WS:4K # 0K, PF:0K # 0K, P:0K)
[3] 0.001027 +J(CM:0, PgRf:16, Rd:0/0, Dy:0/24, Lg:608/22) +M(C:0K, Fs:10, WS:40K # 0K, PF:36K # 0K, P:36K)
[4] 0.000007 +J(0)
[5] 0.018447 -0.000004 (64) CM -0.009939 (10) WT +J(CM:64, PgRf:0, Rd:0/64, Dy:0/0, Lg:0/0) +M(C:0K, Fs:363, WS:168K # 0K, PF:0K # 0K, P:0K)
[6] 0.001297 +J(0) +M(C:0K, Fs:1, WS:-3248K # 0K, PF:-3616K # 0K, P:-3616K)
[7] 0.000013 +J(0)
[8] 0.008579 -0.004959 (12) WT +J(CM:0, PgRf:0, Rd:0/0, Dy:0/0, Lg:2154/2) +M(C:0K, Fs:33, WS:-312K # 0K, PF:-360K # 0K, P:-360K)
[9] 0.000508 -0.000468 (1) WT +J(CM:0, PgRf:0, Rd:0/0, Dy:0/0, Lg:66/1) +M(C:0K, Fs:2, WS:8K # 0K, PF:20K # 0K, P:20K)
[10] 0.000004 +J(0)
[11] 0.002078 -0.000718 (2) WT +J(0)
[12] 0.000106 +J(0) +M(C:0K, Fs:0, WS:-4K # 0K, PF:-4K # 0K, P:-4K)
[13] 0.000535 +J(0)
[14] 0.000095 +J(0) +M(C:0K, Fs:0, WS:-288K # 0K, PF:-308K # 0K, P:-308K)
[15] 0.000010 +J(0) +M(C:0K, Fs:1, WS:4K # 0K, PF:0K # 0K, P:0K).",ESENT,2020-11-13 06:48:56,India,Gujarat,Ahmedabad,380007,Asia/Kolkata,GTPL A. J. Enterprise
270,LAPTOP-1MKMTVPM,(0),Information,"The Software Protection service has successfully installed the license.
License Title=Office0B4E6CFA-3072-434C-B702-BD1836E6887C PPD License
License Id=ab02f214-6bba-4e29-8a33-83da86e027ed",Software Protection Platform Service,2020-11-13 06:47:50,India,Gujarat,Ahmedabad,380007,Asia/Kolkata,GTPL A. J. Enterprise
271,LAPTOP-1MKMTVPM,(0),Information,"The Software Protection service has successfully installed the license.
License Title=Office 19 UL phone License (Public)
License Id=4df35790-a249-43c1-8018-0eef91eb443e",Software Protection Platform Service,2020-11-13 06:47:50,India,Gujarat,Ahmedabad,380007,Asia/Kolkata,GTPL A. J. Enterprise
272,LAPTOP-1MKMTVPM,(0),Information,"The Software Protection service has successfully installed the license.
License Title=Office 19 UL oob License (Private)
License Id=c0500551-427a-4d6e-b623-a98619828f20",Software Protection Platform Service,2020-11-13 06:47:50,India,Gujarat,Ahmedabad,380007,Asia/Kolkata,GTPL A. J. Enterprise
273,LAPTOP-1MKMTVPM,(0),Information,"The Software Protection service has successfully installed the license.
License Title=client-issuance-ul-oob Issuance License
License Id=7209e8e3-cce2-49dd-8f6e-2cc8a611f202",Software Protection Platform Service,2020-11-13 06:47:49,India,Gujarat,Ahmedabad,380007,Asia/Kolkata,GTPL A. J. Enterprise
274,LAPTOP-1MKMTVPM,(0),Information,"The Software Protection service has completed licensing status check.
Application Id=0ff1ce15-a989-479d-af46-f275c6370663
Licensing Status=
1: 85dd8b5f-eaa4-4af3-a628-cce9e77c9a03, 1, 1 [(0 [0xC004E003, 0, 0], [( 2 0xC004F056 0 0 msft:rm/algorithm/volume/1.0 0x00000000 0)( 1 0x00000000)(?)( 2 0xC004F056 0 0 msft:rm/algorithm/volume/1.0 0x00000000 0)(?)(?)(?)(?)])(1 )(2 )(3 [0x00000000, 0, 0], [( 6 0xC004F009 30 0)( 1 0x00000000)( 6 0xC004F009 30 0)(?)(?)(?)( 10 0x00000000 msft:rm/algorithm/flags/1.0)( 11 0x00000000 0xC004F056)])]

",Software Protection Platform Service,2020-11-13 06:47:35,India,Gujarat,Ahmedabad,380007,Asia/Kolkata,GTPL A. J. Enterprise
275,LAPTOP-1MKMTVPM,(0),Information,"The Software Protection service has completed licensing status check.
Application Id=0ff1ce15-a989-479d-af46-f275c6370663
Licensing Status=
1: 0b4e6cfa-3072-434c-b702-bd1836e6887c, 1, 0 [(0 [0xC004F014, 0, 0], [(?)(?)(?)(?)(?)(?)(?)(?)])(1 )(2 )(3 )]
2: 0bc88885-718c-491d-921f-6f214349e79c, 1, 0 [(0 [0xC004F014, 0, 0], [(?)(?)(?)(?)(?)(?)(?)(?)])(1 )(2 )(3 )]
3: 28f64a3f-cf84-46da-b1e8-2dfa7750e491, 1, 0 [(0 [0xC004F014, 0, 0], [(?)(?)(?)(?)(?)(?)(?)(?)])(1 )(2 )(3 )]
4: 4c1d1588-3088-4796-b3b2-8935f3a0d886, 1, 0 [(0 [0xC004F014, 0, 0], [(?)(?)(?)(?)(?)(?)(?)(?)])(1 )(2 )(3 )]
5: 52287aa3-9945-44d1-9046-7a3373666821, 1, 0 [(0 [0xC004F014, 0, 0], [(?)(?)(?)(?)(?)(?)(?)(?)])(1 )(2 )(3 )]
6: 537ea5b5-7d50-4876-bd38-a53a77caca32, 1, 0 [(0 [0xC004F014, 0, 0], [(?)(?)(?)(?)(?)(?)(?)(?)])(1 )(2 )(3 )]
7: 6755c7a7-4dfe-46f5-bce8-427be8e9dc62, 1, 0 [(0 [0xC004F014, 0, 0], [(?)(?)(?)(?)(?)(?)(?)(?)])(1 )(2 )(3 )]
8: 77f47589-2212-4e3b-ad27-a900ce813837, 1, 0 [(0 [0xC004F014, 0, 0], [(?)(?)(?)(?)(?)(?)(?)(?)])(1 )(2 )(3 )]
9: 7ab38a1c-a803-4ca5-8ebb-f8786c4b4faa, 1, 0 [(0 [0xC004F014, 0, 0], [(?)(?)(?)(?)(?)(?)(?)(?)])(1 )(2 )(3 )]
10: 85dd8b5f-eaa4-4af3-a628-cce9e77c9a03, 1, 1 [(0 [0xC004E003, 0, 0], [( 2 0xC004F056 0 0 msft:rm/algorithm/volume/1.0 0x00000000 0)( 1 0x00000000)(?)( 2 0xC004F056 0 0 msft:rm/algorithm/volume/1.0 0x00000000 0)(?)(?)(?)(?)])(1 )(2 )(3 [0x00000000, 0, 0], [( 6 0xC004F009 30 0)( 1 0x00000000)( 6 0xC004F009 30 0)(?)(?)(?)( 10 0x00000000 msft:rm/algorithm/flags/1.0)( 11 0x00000000 0xC004F056)])]
11: 86af9220-9d6f-4575-bef0-619a9a6aa005, 1, 0 [(0 [0xC004F014, 0, 0], [(?)(?)(?)(?)(?)(?)(?)(?)])(1 )(2 )(3 )]
12: 951c0fe6-40a8-4400-8003-eec0686ffbc4, 1, 0 [(0 [0xC004F014, 0, 0], [(?)(?)(?)(?)(?)(?)(?)(?)])(1 )(2 )(3 )]
13: 95820f84-6e8c-4d22-b2ce-54953e9911bc, 1, 0 [(0 [0xC004F014, 0, 0], [(?)(?)(?)(?)(?)(?)(?)(?)])(1 )(2 )(3 )]
14: 96353198-443e-479d-9e80-9a6d72fd1a99, 1, 0 [(0 [0xC004F014, 0, 0], [(?)(?)(?)(?)(?)(?)(?)(?)])(1 )(2 )(3 )]
15: a96f8dae-da54-4fad-bdc6-108da592707a, 1, 0 [(0 [0xC004F014, 0, 0], [(?)(?)(?)(?)(?)(?)(?)(?)])(1 )(2 )(3 )]
16: ae9d158f-9450-4a0c-8c80-dd973c58357c, 1, 0 [(0 [0xC004F014, 0, 0], [(?)(?)(?)(?)(?)(?)(?)(?)])(1 )(2 )(3 )]
17: b4af11be-5f94-4d8f-9844-ce0d5e0d8680, 1, 0 [(0 [0xC004F014, 0, 0], [(?)(?)(?)(?)(?)(?)(?)(?)])(1 )(2 )(3 )]
18: b58a5943-16ea-420f-a611-7b230acd762c, 1, 0 [(0 [0xC004F014, 0, 0], [(?)(?)(?)(?)(?)(?)(?)(?)])(1 )(2 )(3 )]
19: c85fe025-b033-4f41-936b-b121521ba1c1, 1, 0 [(0 [0xC004F014, 0, 0], [(?)(?)(?)(?)(?)(?)(?)(?)])(1 )(2 )(3 )]
20: d7279dd0-e175-49fe-a623-8fc2fc00afc4, 1, 1 [(0 )(1 )(2 )(3 [0x00000000, 0, 0], [( 6 0xC004F009 5 0)( 1 0x00000000)( 6 0xC004F009 5 0)(?)(?)(?)( 10 0x00000000 msft:rm/algorithm/flags/1.0)( 11 0x00000000 0xC004F009)])]
21: fb3540bc-a824-4c79-83da-6f6bd3ac6ccb, 1, 0 [(0 [0xC004F014, 0, 0], [(?)(?)(?)(?)(?)(?)(?)(?)])(1 )(2 )(3 )]

",Software Protection Platform Service,2020-11-13 06:46:44,India,Gujarat,Ahmedabad,380007,Asia/Kolkata,GTPL A. J. Enterprise
276,LAPTOP-1MKMTVPM,(0),Information,"The Software Protection service has completed licensing status check.
Application Id=0ff1ce15-a989-479d-af46-f275c6370663
Licensing Status=
1: 85dd8b5f-eaa4-4af3-a628-cce9e77c9a03, 1, 1 [(0 [0xC004E003, 0, 0], [( 2 0xC004F056 0 0 msft:rm/algorithm/volume/1.0 0x00000000 0)( 1 0x00000000)(?)( 2 0xC004F056 0 0 msft:rm/algorithm/volume/1.0 0x00000000 0)(?)(?)(?)(?)])(1 )(2 )(3 [0x00000000, 0, 0], [( 6 0xC004F009 30 0)( 1 0x00000000)( 6 0xC004F009 30 0)(?)(?)(?)( 10 0x00000000 msft:rm/algorithm/flags/1.0)( 11 0x00000000 0xC004F056)])]

",Software Protection Platform Service,2020-11-13 06:47:52,India,Gujarat,Ahmedabad,380007,Asia/Kolkata,GTPL A. J. Enterprise
277,LAPTOP-1MKMTVPM,(0),Information,"The Software Protection service has completed licensing status check.
Application Id=0ff1ce15-a989-479d-af46-f275c6370663
Licensing Status=
1: d7279dd0-e175-49fe-a623-8fc2fc00afc4, 1, 1 [(0 )(1 )(2 )(3 [0x00000000, 0, 0], [( 6 0xC004F009 5 0)( 1 0x00000000)( 6 0xC004F009 5 0)(?)(?)(?)( 10 0x00000000 msft:rm/algorithm/flags/1.0)( 11 0x00000000 0xC004F009)])]

",Software Protection Platform Service,2020-11-13 06:47:52,India,Gujarat,Ahmedabad,380007,Asia/Kolkata,GTPL A. J. Enterprise
278,LAPTOP-1MKMTVPM,(0),Information,"The Software Protection service has successfully installed the license.
License Title=Office0BC88885-718C-491D-921F-6F214349E79C PPD License
License Id=31ffe31f-c6a3-f616-c509-c4aca0e2bb67",Software Protection Platform Service,2020-11-13 06:47:50,India,Gujarat,Ahmedabad,380007,Asia/Kolkata,GTPL A. J. Enterprise
279,LAPTOP-1MKMTVPM,(0),Information,"The Software Protection service has successfully installed the license.
License Title=Office 19 UL volume License (Public)
License Id=40c99db3-b3e3-4635-8252-aa60a9107899",Software Protection Platform Service,2020-11-13 06:47:50,India,Gujarat,Ahmedabad,380007,Asia/Kolkata,GTPL A. J. Enterprise
280,LAPTOP-1MKMTVPM,(0),Information,"The Software Protection service has successfully installed the license.
License Title=Office85DD8B5F-EAA4-4AF3-A628-CCE9E77C9A03 PPD License
License Id=54659a4a-9a01-0f2d-9594-367c046e570c",Software Protection Platform Service,2020-11-13 06:47:49,India,Gujarat,Ahmedabad,380007,Asia/Kolkata,GTPL A. J. Enterprise
281,LAPTOP-1MKMTVPM,(0),Information,"The Software Protection service has successfully installed the license.
License Title=XrML 2.1 License - Product Key Configuration
License Id=dc6454b3-ceba-4e40-b6cc-26afb8fe8fa6",Software Protection Platform Service,2020-11-13 06:47:49,India,Gujarat,Ahmedabad,380007,Asia/Kolkata,GTPL A. J. Enterprise
282,LAPTOP-1MKMTVPM,(0),Information,"The Software Protection service has completed licensing status check.
Application Id=0ff1ce15-a989-479d-af46-f275c6370663
Licensing Status=
1: 0b4e6cfa-3072-434c-b702-bd1836e6887c, 1, 0 [(0 [0xC004F014, 0, 0], [(?)(?)(?)(?)(?)(?)(?)(?)])(1 )(2 )(3 )]
2: 0bc88885-718c-491d-921f-6f214349e79c, 1, 0 [(0 [0xC004F014, 0, 0], [(?)(?)(?)(?)(?)(?)(?)(?)])(1 )(2 )(3 )]
3: 28f64a3f-cf84-46da-b1e8-2dfa7750e491, 1, 0 [(0 [0xC004F014, 0, 0], [(?)(?)(?)(?)(?)(?)(?)(?)])(1 )(2 )(3 )]
4: 4c1d1588-3088-4796-b3b2-8935f3a0d886, 1, 0 [(0 [0xC004F014, 0, 0], [(?)(?)(?)(?)(?)(?)(?)(?)])(1 )(2 )(3 )]
5: 52287aa3-9945-44d1-9046-7a3373666821, 1, 0 [(0 [0xC004F014, 0, 0], [(?)(?)(?)(?)(?)(?)(?)(?)])(1 )(2 )(3 )]
6: 537ea5b5-7d50-4876-bd38-a53a77caca32, 1, 0 [(0 [0xC004F014, 0, 0], [(?)(?)(?)(?)(?)(?)(?)(?)])(1 )(2 )(3 )]
7: 6755c7a7-4dfe-46f5-bce8-427be8e9dc62, 1, 0 [(0 [0xC004F014, 0, 0], [(?)(?)(?)(?)(?)(?)(?)(?)])(1 )(2 )(3 )]
8: 77f47589-2212-4e3b-ad27-a900ce813837, 1, 0 [(0 [0xC004F014, 0, 0], [(?)(?)(?)(?)(?)(?)(?)(?)])(1 )(2 )(3 )]
9: 7ab38a1c-a803-4ca5-8ebb-f8786c4b4faa, 1, 0 [(0 [0xC004F014, 0, 0], [(?)(?)(?)(?)(?)(?)(?)(?)])(1 )(2 )(3 )]
10: 85dd8b5f-eaa4-4af3-a628-cce9e77c9a03, 1, 1 [(0 [0xC004E003, 0, 0], [( 2 0xC004F056 0 0 msft:rm/algorithm/volume/1.0 0x00000000 0)( 1 0x00000000)(?)( 2 0xC004F056 0 0 msft:rm/algorithm/volume/1.0 0x00000000 0)(?)(?)(?)(?)])(1 )(2 )(3 [0x00000000, 0, 0], [( 6 0xC004F009 30 0)( 1 0x00000000)( 6 0xC004F009 30 0)(?)(?)(?)( 10 0x00000000 msft:rm/algorithm/flags/1.0)( 11 0x00000000 0xC004F056)])]
11: 86af9220-9d6f-4575-bef0-619a9a6aa005, 1, 0 [(0 [0xC004F014, 0, 0], [(?)(?)(?)(?)(?)(?)(?)(?)])(1 )(2 )(3 )]
12: 951c0fe6-40a8-4400-8003-eec0686ffbc4, 1, 0 [(0 [0xC004F014, 0, 0], [(?)(?)(?)(?)(?)(?)(?)(?)])(1 )(2 )(3 )]
13: 95820f84-6e8c-4d22-b2ce-54953e9911bc, 1, 0 [(0 [0xC004F014, 0, 0], [(?)(?)(?)(?)(?)(?)(?)(?)])(1 )(2 )(3 )]
14: 96353198-443e-479d-9e80-9a6d72fd1a99, 1, 0 [(0 [0xC004F014, 0, 0], [(?)(?)(?)(?)(?)(?)(?)(?)])(1 )(2 )(3 )]
15: a96f8dae-da54-4fad-bdc6-108da592707a, 1, 0 [(0 [0xC004F014, 0, 0], [(?)(?)(?)(?)(?)(?)(?)(?)])(1 )(2 )(3 )]
16: ae9d158f-9450-4a0c-8c80-dd973c58357c, 1, 0 [(0 [0xC004F014, 0, 0], [(?)(?)(?)(?)(?)(?)(?)(?)])(1 )(2 )(3 )]
17: b4af11be-5f94-4d8f-9844-ce0d5e0d8680, 1, 0 [(0 [0xC004F014, 0, 0], [(?)(?)(?)(?)(?)(?)(?)(?)])(1 )(2 )(3 )]
18: b58a5943-16ea-420f-a611-7b230acd762c, 1, 0 [(0 [0xC004F014, 0, 0], [(?)(?)(?)(?)(?)(?)(?)(?)])(1 )(2 )(3 )]
19: c85fe025-b033-4f41-936b-b121521ba1c1, 1, 0 [(0 [0xC004F014, 0, 0], [(?)(?)(?)(?)(?)(?)(?)(?)])(1 )(2 )(3 )]
20: d7279dd0-e175-49fe-a623-8fc2fc00afc4, 1, 1 [(0 )(1 )(2 )(3 [0x00000000, 0, 0], [( 6 0xC004F009 5 0)( 1 0x00000000)( 6 0xC004F009 5 0)(?)(?)(?)( 10 0x00000000 msft:rm/algorithm/flags/1.0)( 11 0x00000000 0xC004F009)])]
21: fb3540bc-a824-4c79-83da-6f6bd3ac6ccb, 1, 0 [(0 [0xC004F014, 0, 0], [(?)(?)(?)(?)(?)(?)(?)(?)])(1 )(2 )(3 )]

",Software Protection Platform Service,2020-11-13 06:47:20,India,Gujarat,Ahmedabad,380007,Asia/Kolkata,GTPL A. J. Enterprise
283,LAPTOP-1MKMTVPM,Logging/Recovery,Error,"svchost (11440,R,98) TILEREPOSITORYS-1-5-18: Error -1023 (0xfffffc01) occurred while opening logfile C:\WINDOWS\system32\config\systemprofile\AppData\Local\TileDataLayer\Database\EDB.log.",ESENT,2020-11-13 06:45:50,India,Gujarat,Ahmedabad,380007,Asia/Kolkata,GTPL A. J. Enterprise
284,LAPTOP-1MKMTVPM,(0),Information,"The Software Protection service has completed licensing status check.
Application Id=0ff1ce15-a989-479d-af46-f275c6370663
Licensing Status=
1: 85dd8b5f-eaa4-4af3-a628-cce9e77c9a03, 1, 1 [(0 [0xC004E003, 0, 0], [( 2 0xC004F056 0 0 msft:rm/algorithm/volume/1.0 0x00000000 0)( 1 0x00000000)(?)( 2 0xC004F056 0 0 msft:rm/algorithm/volume/1.0 0x00000000 0)(?)(?)(?)(?)])(1 )(2 )(3 [0x00000000, 0, 0], [( 6 0xC004F009 30 0)( 1 0x00000000)( 6 0xC004F009 30 0)(?)(?)(?)( 10 0x00000000 msft:rm/algorithm/flags/1.0)( 11 0x00000000 0xC004F056)])]

",Software Protection Platform Service,2020-11-13 06:38:52,India,Gujarat,Ahmedabad,380007,Asia/Kolkata,GTPL A. J. Enterprise
285,LAPTOP-1MKMTVPM,(0),Information,"The Software Protection service has successfully installed the license.
License Title=Office 19 UL oob License (Public)
License Id=3d7b479e-2b50-4848-9309-a33021d00355",Software Protection Platform Service,2020-11-13 06:47:50,India,Gujarat,Ahmedabad,380007,Asia/Kolkata,GTPL A. J. Enterprise
286,LAPTOP-1MKMTVPM,(0),Information,"The Software Protection service has successfully installed the license.
License Title=Office 19 UL phone License (Private)
License Id=bdf9e29c-609a-4b72-9bcc-69d7d258cb01",Software Protection Platform Service,2020-11-13 06:47:50,India,Gujarat,Ahmedabad,380007,Asia/Kolkata,GTPL A. J. Enterprise
287,LAPTOP-1MKMTVPM,(0),Information,"The Software Protection service has successfully installed the license.
License Title=XrML 2.1 License - Product Key Configuration
License Id=6040a6e7-445d-4609-b6c4-8a66b709cb54",Software Protection Platform Service,2020-11-13 06:47:49,India,Gujarat,Ahmedabad,380007,Asia/Kolkata,GTPL A. J. Enterprise
288,LAPTOP-1MKMTVPM,(0),Information,"The Software Protection service has completed licensing status check.
Application Id=0ff1ce15-a989-479d-af46-f275c6370663
Licensing Status=
1: d7279dd0-e175-49fe-a623-8fc2fc00afc4, 1, 1 [(0 )(1 )(2 )(3 [0x00000000, 0, 0], [( 6 0xC004F009 5 0)( 1 0x00000000)( 6 0xC004F009 5 0)(?)(?)(?)( 10 0x00000000 msft:rm/algorithm/flags/1.0)( 11 0x00000000 0xC004F009)])]

",Software Protection Platform Service,2020-11-13 06:46:44,India,Gujarat,Ahmedabad,380007,Asia/Kolkata,GTPL A. J. Enterprise
289,LAPTOP-1MKMTVPM,(0),Information,"The Software Protection service has completed licensing status check.
Application Id=0ff1ce15-a989-479d-af46-f275c6370663
Licensing Status=
1: 0b4e6cfa-3072-434c-b702-bd1836e6887c, 1, 0 [(0 [0xC004F014, 0, 0], [(?)(?)(?)(?)(?)(?)(?)(?)])(1 )(2 )(3 )]
2: 0bc88885-718c-491d-921f-6f214349e79c, 1, 0 [(0 [0xC004F014, 0, 0], [(?)(?)(?)(?)(?)(?)(?)(?)])(1 )(2 )(3 )]
3: 28f64a3f-cf84-46da-b1e8-2dfa7750e491, 1, 0 [(0 [0xC004F014, 0, 0], [(?)(?)(?)(?)(?)(?)(?)(?)])(1 )(2 )(3 )]
4: 4c1d1588-3088-4796-b3b2-8935f3a0d886, 1, 0 [(0 [0xC004F014, 0, 0], [(?)(?)(?)(?)(?)(?)(?)(?)])(1 )(2 )(3 )]
5: 52287aa3-9945-44d1-9046-7a3373666821, 1, 0 [(0 [0xC004F014, 0, 0], [(?)(?)(?)(?)(?)(?)(?)(?)])(1 )(2 )(3 )]
6: 537ea5b5-7d50-4876-bd38-a53a77caca32, 1, 0 [(0 [0xC004F014, 0, 0], [(?)(?)(?)(?)(?)(?)(?)(?)])(1 )(2 )(3 )]
7: 6755c7a7-4dfe-46f5-bce8-427be8e9dc62, 1, 0 [(0 [0xC004F014, 0, 0], [(?)(?)(?)(?)(?)(?)(?)(?)])(1 )(2 )(3 )]
8: 77f47589-2212-4e3b-ad27-a900ce813837, 1, 0 [(0 [0xC004F014, 0, 0], [(?)(?)(?)(?)(?)(?)(?)(?)])(1 )(2 )(3 )]
9: 7ab38a1c-a803-4ca5-8ebb-f8786c4b4faa, 1, 0 [(0 [0xC004F014, 0, 0], [(?)(?)(?)(?)(?)(?)(?)(?)])(1 )(2 )(3 )]
10: 85dd8b5f-eaa4-4af3-a628-cce9e77c9a03, 1, 1 [(0 [0xC004E003, 0, 0], [( 2 0xC004F056 0 0 msft:rm/algorithm/volume/1.0 0x00000000 0)( 1 0x00000000)(?)( 2 0xC004F056 0 0 msft:rm/algorithm/volume/1.0 0x00000000 0)(?)(?)(?)(?)])(1 )(2 )(3 [0x00000000, 0, 0], [( 6 0xC004F009 30 0)( 1 0x00000000)( 6 0xC004F009 30 0)(?)(?)(?)( 10 0x00000000 msft:rm/algorithm/flags/1.0)( 11 0x00000000 0xC004F056)])]
11: 86af9220-9d6f-4575-bef0-619a9a6aa005, 1, 0 [(0 [0xC004F014, 0, 0], [(?)(?)(?)(?)(?)(?)(?)(?)])(1 )(2 )(3 )]
12: 951c0fe6-40a8-4400-8003-eec0686ffbc4, 1, 0 [(0 [0xC004F014, 0, 0], [(?)(?)(?)(?)(?)(?)(?)(?)])(1 )(2 )(3 )]
13: 95820f84-6e8c-4d22-b2ce-54953e9911bc, 1, 0 [(0 [0xC004F014, 0, 0], [(?)(?)(?)(?)(?)(?)(?)(?)])(1 )(2 )(3 )]
14: 96353198-443e-479d-9e80-9a6d72fd1a99, 1, 0 [(0 [0xC004F014, 0, 0], [(?)(?)(?)(?)(?)(?)(?)(?)])(1 )(2 )(3 )]
15: a96f8dae-da54-4fad-bdc6-108da592707a, 1, 0 [(0 [0xC004F014, 0, 0], [(?)(?)(?)(?)(?)(?)(?)(?)])(1 )(2 )(3 )]
16: ae9d158f-9450-4a0c-8c80-dd973c58357c, 1, 0 [(0 [0xC004F014, 0, 0], [(?)(?)(?)(?)(?)(?)(?)(?)])(1 )(2 )(3 )]
17: b4af11be-5f94-4d8f-9844-ce0d5e0d8680, 1, 0 [(0 [0xC004F014, 0, 0], [(?)(?)(?)(?)(?)(?)(?)(?)])(1 )(2 )(3 )]
18: b58a5943-16ea-420f-a611-7b230acd762c, 1, 0 [(0 [0xC004F014, 0, 0], [(?)(?)(?)(?)(?)(?)(?)(?)])(1 )(2 )(3 )]
19: c85fe025-b033-4f41-936b-b121521ba1c1, 1, 0 [(0 [0xC004F014, 0, 0], [(?)(?)(?)(?)(?)(?)(?)(?)])(1 )(2 )(3 )]
20: d7279dd0-e175-49fe-a623-8fc2fc00afc4, 1, 1 [(0 )(1 )(2 )(3 [0x00000000, 0, 0], [( 6 0xC004F009 5 0)( 1 0x00000000)( 6 0xC004F009 5 0)(?)(?)(?)( 10 0x00000000 msft:rm/algorithm/flags/1.0)( 11 0x00000000 0xC004F009)])]
21: fb3540bc-a824-4c79-83da-6f6bd3ac6ccb, 1, 0 [(0 [0xC004F014, 0, 0], [(?)(?)(?)(?)(?)(?)(?)(?)])(1 )(2 )(3 )]

",Software Protection Platform Service,2020-11-13 06:41:03,India,Gujarat,Ahmedabad,380007,Asia/Kolkata,GTPL A. J. Enterprise
290,LAPTOP-1MKMTVPM,(0),Information,"The Software Protection service has completed licensing status check.
Application Id=0ff1ce15-a989-479d-af46-f275c6370663
Licensing Status=
1: 0b4e6cfa-3072-434c-b702-bd1836e6887c, 1, 0 [(0 [0xC004F014, 0, 0], [(?)(?)(?)(?)(?)(?)(?)(?)])(1 )(2 )(3 )]
2: 0bc88885-718c-491d-921f-6f214349e79c, 1, 0 [(0 [0xC004F014, 0, 0], [(?)(?)(?)(?)(?)(?)(?)(?)])(1 )(2 )(3 )]
3: 28f64a3f-cf84-46da-b1e8-2dfa7750e491, 1, 0 [(0 [0xC004F014, 0, 0], [(?)(?)(?)(?)(?)(?)(?)(?)])(1 )(2 )(3 )]
4: 4c1d1588-3088-4796-b3b2-8935f3a0d886, 1, 0 [(0 [0xC004F014, 0, 0], [(?)(?)(?)(?)(?)(?)(?)(?)])(1 )(2 )(3 )]
5: 52287aa3-9945-44d1-9046-7a3373666821, 1, 0 [(0 [0xC004F014, 0, 0], [(?)(?)(?)(?)(?)(?)(?)(?)])(1 )(2 )(3 )]
6: 537ea5b5-7d50-4876-bd38-a53a77caca32, 1, 0 [(0 [0xC004F014, 0, 0], [(?)(?)(?)(?)(?)(?)(?)(?)])(1 )(2 )(3 )]
7: 6755c7a7-4dfe-46f5-bce8-427be8e9dc62, 1, 0 [(0 [0xC004F014, 0, 0], [(?)(?)(?)(?)(?)(?)(?)(?)])(1 )(2 )(3 )]
8: 77f47589-2212-4e3b-ad27-a900ce813837, 1, 0 [(0 [0xC004F014, 0, 0], [(?)(?)(?)(?)(?)(?)(?)(?)])(1 )(2 )(3 )]
9: 7ab38a1c-a803-4ca5-8ebb-f8786c4b4faa, 1, 0 [(0 [0xC004F014, 0, 0], [(?)(?)(?)(?)(?)(?)(?)(?)])(1 )(2 )(3 )]
10: 85dd8b5f-eaa4-4af3-a628-cce9e77c9a03, 1, 1 [(0 [0xC004E003, 0, 0], [( 2 0xC004F056 0 0 msft:rm/algorithm/volume/1.0 0x00000000 0)( 1 0x00000000)(?)( 2 0xC004F056 0 0 msft:rm/algorithm/volume/1.0 0x00000000 0)(?)(?)(?)(?)])(1 )(2 )(3 [0x00000000, 0, 0], [( 6 0xC004F009 30 0)( 1 0x00000000)( 6 0xC004F009 30 0)(?)(?)(?)( 10 0x00000000 msft:rm/algorithm/flags/1.0)( 11 0x00000000 0xC004F056)])]
11: 86af9220-9d6f-4575-bef0-619a9a6aa005, 1, 0 [(0 [0xC004F014, 0, 0], [(?)(?)(?)(?)(?)(?)(?)(?)])(1 )(2 )(3 )]
12: 951c0fe6-40a8-4400-8003-eec0686ffbc4, 1, 0 [(0 [0xC004F014, 0, 0], [(?)(?)(?)(?)(?)(?)(?)(?)])(1 )(2 )(3 )]
13: 95820f84-6e8c-4d22-b2ce-54953e9911bc, 1, 0 [(0 [0xC004F014, 0, 0], [(?)(?)(?)(?)(?)(?)(?)(?)])(1 )(2 )(3 )]
14: 96353198-443e-479d-9e80-9a6d72fd1a99, 1, 0 [(0 [0xC004F014, 0, 0], [(?)(?)(?)(?)(?)(?)(?)(?)])(1 )(2 )(3 )]
15: a96f8dae-da54-4fad-bdc6-108da592707a, 1, 0 [(0 [0xC004F014, 0, 0], [(?)(?)(?)(?)(?)(?)(?)(?)])(1 )(2 )(3 )]
16: ae9d158f-9450-4a0c-8c80-dd973c58357c, 1, 0 [(0 [0xC004F014, 0, 0], [(?)(?)(?)(?)(?)(?)(?)(?)])(1 )(2 )(3 )]
17: b4af11be-5f94-4d8f-9844-ce0d5e0d8680, 1, 0 [(0 [0xC004F014, 0, 0], [(?)(?)(?)(?)(?)(?)(?)(?)])(1 )(2 )(3 )]
18: b58a5943-16ea-420f-a611-7b230acd762c, 1, 0 [(0 [0xC004F014, 0, 0], [(?)(?)(?)(?)(?)(?)(?)(?)])(1 )(2 )(3 )]
19: c85fe025-b033-4f41-936b-b121521ba1c1, 1, 0 [(0 [0xC004F014, 0, 0], [(?)(?)(?)(?)(?)(?)(?)(?)])(1 )(2 )(3 )]
20: d7279dd0-e175-49fe-a623-8fc2fc00afc4, 1, 1 [(0 )(1 )(2 )(3 [0x00000000, 0, 0], [( 6 0xC004F009 5 0)( 1 0x00000000)( 6 0xC004F009 5 0)(?)(?)(?)( 10 0x00000000 msft:rm/algorithm/flags/1.0)( 11 0x00000000 0xC004F009)])]
21: fb3540bc-a824-4c79-83da-6f6bd3ac6ccb, 1, 0 [(0 [0xC004F014, 0, 0], [(?)(?)(?)(?)(?)(?)(?)(?)])(1 )(2 )(3 )]

",Software Protection Platform Service,2020-11-13 06:47:52,India,Gujarat,Ahmedabad,380007,Asia/Kolkata,GTPL A. J. Enterprise
291,LAPTOP-1MKMTVPM,(0),Information,"The Software Protection service has completed licensing status check.
Application Id=0ff1ce15-a989-479d-af46-f275c6370663
Licensing Status=
1: 85dd8b5f-eaa4-4af3-a628-cce9e77c9a03, 1, 1 [(0 [0xC004E003, 0, 0], [( 2 0xC004F056 0 0 msft:rm/algorithm/volume/1.0 0x00000000 0)( 1 0x00000000)(?)( 2 0xC004F056 0 0 msft:rm/algorithm/volume/1.0 0x00000000 0)(?)(?)(?)(?)])(1 )(2 )(3 [0x00000000, 0, 0], [( 6 0xC004F009 30 0)( 1 0x00000000)( 6 0xC004F009 30 0)(?)(?)(?)( 10 0x00000000 msft:rm/algorithm/flags/1.0)( 11 0x00000000 0xC004F056)])]

",Software Protection Platform Service,2020-11-13 06:47:52,India,Gujarat,Ahmedabad,380007,Asia/Kolkata,GTPL A. J. Enterprise
292,LAPTOP-1MKMTVPM,(0),Information,"The Software Protection service has successfully installed the license.
License Title=Office 19 Publishing License (Public)
License Id=dd5f6d9e-ac43-45a4-b007-c683896e1231",Software Protection Platform Service,2020-11-13 06:47:49,India,Gujarat,Ahmedabad,380007,Asia/Kolkata,GTPL A. J. Enterprise
293,LAPTOP-1MKMTVPM,(0),Information,"The Software Protection service has successfully installed the license.
License Title=Office 19 Publishing License (Public)
License Id=84579446-f691-4ab2-947f-ceadb35a84c9",Software Protection Platform Service,2020-11-13 06:47:50,India,Gujarat,Ahmedabad,380007,Asia/Kolkata,GTPL A. J. Enterprise
294,LAPTOP-1MKMTVPM,Search service,Information,"Windows Search Service stopped normally.
",Windows Search Service,2020-11-13 06:48:56,India,Gujarat,Ahmedabad,380007,Asia/Kolkata,GTPL A. J. Enterprise
295,LAPTOP-1MKMTVPM,(0),Information,"The Software Protection service has successfully installed the license.
License Title=Office 19 UL phone License (Public)
License Id=43aa07bb-e014-4982-9d56-7e8e39a0c071",Software Protection Platform Service,2020-11-13 06:47:50,India,Gujarat,Ahmedabad,380007,Asia/Kolkata,GTPL A. J. Enterprise
296,LAPTOP-1MKMTVPM,(0),Information,"The Software Protection service has successfully installed the license.
License Title=client-issuance-root Issuance License
License Id=7cbeb41c-1778-47f2-aa36-51a5a618f716",Software Protection Platform Service,2020-11-13 06:47:49,India,Gujarat,Ahmedabad,380007,Asia/Kolkata,GTPL A. J. Enterprise
297,LAPTOP-1MKMTVPM,(0),Information,Machine restart is required.,Microsoft-Windows-RestartManager,2020-11-13 06:47:13,India,Gujarat,Ahmedabad,380007,Asia/Kolkata,GTPL A. J. Enterprise
298,LAPTOP-1MKMTVPM,(0),Information,"The Software Protection service has successfully installed the license.
License Title=Office6755C7A7-4DFE-46F5-BCE8-427BE8E9DC62 PPD License
License Id=13f7a1f4-5ed8-77a6-563e-13c4406ad1f3",Software Protection Platform Service,2020-11-13 06:47:50,India,Gujarat,Ahmedabad,380007,Asia/Kolkata,GTPL A. J. Enterprise
299,LAPTOP-1MKMTVPM,(0),Information,"The Software Protection service has successfully installed the license.
License Title=Office 19 UL volume License (Public)
License Id=e54c834f-86c5-46f6-9c2b-e17d6ef3847d",Software Protection Platform Service,2020-11-13 06:47:49,India,Gujarat,Ahmedabad,380007,Asia/Kolkata,GTPL A. J. Enterprise
300,LAPTOP-1MKMTVPM,(0),Information,"The Software Protection service has successfully installed the license.
License Title=client-issuance-stil Issuance License
License Id=285583cd-fc43-4806-ace6-d247b7edd434",Software Protection Platform Service,2020-11-13 06:47:49,India,Gujarat,Ahmedabad,380007,Asia/Kolkata,GTPL A. J. Enterprise
301,LAPTOP-1MKMTVPM,(0),Information,"The Software Protection service has completed licensing status check.
Application Id=0ff1ce15-a989-479d-af46-f275c6370663
Licensing Status=
1: 85dd8b5f-eaa4-4af3-a628-cce9e77c9a03, 1, 1 [(0 [0xC004E003, 0, 0], [( 2 0xC004F056 0 0 msft:rm/algorithm/volume/1.0 0x00000000 0)( 1 0x00000000)(?)( 2 0xC004F056 0 0 msft:rm/algorithm/volume/1.0 0x00000000 0)(?)(?)(?)(?)])(1 )(2 )(3 [0x00000000, 0, 0], [( 6 0xC004F009 30 0)( 1 0x00000000)( 6 0xC004F009 30 0)(?)(?)(?)( 10 0x00000000 msft:rm/algorithm/flags/1.0)( 11 0x00000000 0xC004F056)])]

",Software Protection Platform Service,2020-11-13 06:47:20,India,Gujarat,Ahmedabad,380007,Asia/Kolkata,GTPL A. J. Enterprise
302,LAPTOP-1MKMTVPM,(0),Information,"The Software Protection service has completed licensing status check.
Application Id=0ff1ce15-a989-479d-af46-f275c6370663
Licensing Status=
1: 85dd8b5f-eaa4-4af3-a628-cce9e77c9a03, 1, 1 [(0 [0xC004E003, 0, 0], [( 2 0xC004F056 0 0 msft:rm/algorithm/volume/1.0 0x00000000 0)( 1 0x00000000)(?)( 2 0xC004F056 0 0 msft:rm/algorithm/volume/1.0 0x00000000 0)(?)(?)(?)(?)])(1 )(2 )(3 [0x00000000, 0, 0], [( 6 0xC004F009 30 0)( 1 0x00000000)( 6 0xC004F009 30 0)(?)(?)(?)( 10 0x00000000 msft:rm/algorithm/flags/1.0)( 11 0x00000000 0xC004F056)])]

",Software Protection Platform Service,2020-11-13 06:42:06,India,Gujarat,Ahmedabad,380007,Asia/Kolkata,GTPL A. J. Enterprise
303,LAPTOP-1MKMTVPM,(0),Information,"The Software Protection service has successfully installed the license.
License Title=client-issuance-ul Issuance License
License Id=ce939c0e-53f7-4011-a286-78b6975fa5f0",Software Protection Platform Service,2020-11-13 06:47:49,India,Gujarat,Ahmedabad,380007,Asia/Kolkata,GTPL A. J. Enterprise
304,LAPTOP-1MKMTVPM,(0),Information,"The Software Protection service has completed licensing status check.
Application Id=0ff1ce15-a989-479d-af46-f275c6370663
Licensing Status=
1: d7279dd0-e175-49fe-a623-8fc2fc00afc4, 1, 1 [(0 )(1 )(2 )(3 [0x00000000, 0, 0], [( 6 0xC004F009 5 0)( 1 0x00000000)( 6 0xC004F009 5 0)(?)(?)(?)( 10 0x00000000 msft:rm/algorithm/flags/1.0)( 11 0x00000000 0xC004F009)])]

",Software Protection Platform Service,2020-11-13 06:41:03,India,Gujarat,Ahmedabad,380007,Asia/Kolkata,GTPL A. J. Enterprise
305,LAPTOP-1MKMTVPM,(0),Information,"The Software Protection service has successfully installed the license.
License Title=Office 19 Publishing License (Private)
License Id=b46d87fd-64c6-4ff2-a4bc-38c272ac9efd",Software Protection Platform Service,2020-11-13 06:47:49,India,Gujarat,Ahmedabad,380007,Asia/Kolkata,GTPL A. J. Enterprise
306,LAPTOP-1MKMTVPM,(0),Information,"The Software Protection service has completed licensing status check.
Application Id=0ff1ce15-a989-479d-af46-f275c6370663
Licensing Status=
1: 85dd8b5f-eaa4-4af3-a628-cce9e77c9a03, 1, 1 [(0 [0xC004E003, 0, 0], [( 2 0xC004F056 0 0 msft:rm/algorithm/volume/1.0 0x00000000 0)( 1 0x00000000)(?)( 2 0xC004F056 0 0 msft:rm/algorithm/volume/1.0 0x00000000 0)(?)(?)(?)(?)])(1 )(2 )(3 [0x00000000, 0, 0], [( 6 0xC004F009 30 0)( 1 0x00000000)( 6 0xC004F009 30 0)(?)(?)(?)( 10 0x00000000 msft:rm/algorithm/flags/1.0)( 11 0x00000000 0xC004F056)])]

",Software Protection Platform Service,2020-11-13 06:41:03,India,Gujarat,Ahmedabad,380007,Asia/Kolkata,GTPL A. J. Enterprise
307,LAPTOP-1MKMTVPM,(0),Information,"The Software Protection service has successfully installed the license.
License Title=Office 19 UL oob License (Private)
License Id=60afb742-da6c-492d-81f9-5ce84cd03f06",Software Protection Platform Service,2020-11-13 06:47:50,India,Gujarat,Ahmedabad,380007,Asia/Kolkata,GTPL A. J. Enterprise
308,LAPTOP-1MKMTVPM,(0),Information,"The Software Protection service has successfully installed the license.
License Title=Office 19 UL oob License (Private)
License Id=6a1857c8-12d6-48e1-acdc-c91769aeabe8",Software Protection Platform Service,2020-11-13 06:47:49,India,Gujarat,Ahmedabad,380007,Asia/Kolkata,GTPL A. J. Enterprise
309,LAPTOP-1MKMTVPM,(0),Information,"The Software Protection service has completed licensing status check.
Application Id=0ff1ce15-a989-479d-af46-f275c6370663
Licensing Status=
1: 0b4e6cfa-3072-434c-b702-bd1836e6887c, 1, 0 [(0 [0xC004F014, 0, 0], [(?)(?)(?)(?)(?)(?)(?)(?)])(1 )(2 )(3 )]
2: 0bc88885-718c-491d-921f-6f214349e79c, 1, 0 [(0 [0xC004F014, 0, 0], [(?)(?)(?)(?)(?)(?)(?)(?)])(1 )(2 )(3 )]
3: 28f64a3f-cf84-46da-b1e8-2dfa7750e491, 1, 0 [(0 [0xC004F014, 0, 0], [(?)(?)(?)(?)(?)(?)(?)(?)])(1 )(2 )(3 )]
4: 4c1d1588-3088-4796-b3b2-8935f3a0d886, 1, 0 [(0 [0xC004F014, 0, 0], [(?)(?)(?)(?)(?)(?)(?)(?)])(1 )(2 )(3 )]
5: 52287aa3-9945-44d1-9046-7a3373666821, 1, 0 [(0 [0xC004F014, 0, 0], [(?)(?)(?)(?)(?)(?)(?)(?)])(1 )(2 )(3 )]
6: 537ea5b5-7d50-4876-bd38-a53a77caca32, 1, 0 [(0 [0xC004F014, 0, 0], [(?)(?)(?)(?)(?)(?)(?)(?)])(1 )(2 )(3 )]
7: 6755c7a7-4dfe-46f5-bce8-427be8e9dc62, 1, 0 [(0 [0xC004F014, 0, 0], [(?)(?)(?)(?)(?)(?)(?)(?)])(1 )(2 )(3 )]
8: 77f47589-2212-4e3b-ad27-a900ce813837, 1, 0 [(0 [0xC004F014, 0, 0], [(?)(?)(?)(?)(?)(?)(?)(?)])(1 )(2 )(3 )]
9: 7ab38a1c-a803-4ca5-8ebb-f8786c4b4faa, 1, 0 [(0 [0xC004F014, 0, 0], [(?)(?)(?)(?)(?)(?)(?)(?)])(1 )(2 )(3 )]
10: 85dd8b5f-eaa4-4af3-a628-cce9e77c9a03, 1, 0 [(0 [0xC004E003, 0, 0], [( 2 0xC004F056 0 0 msft:rm/algorithm/volume/1.0 0x00000000 0)( 1 0x00000000)(?)( 2 0xC004F056 0 0 msft:rm/algorithm/volume/1.0 0x00000000 0)(?)(?)(?)(?)])(1 )(2 )(3 [0x00000000, 0, 0], [( 6 0xC004F009 30 0)( 1 0x00000000)( 6 0xC004F009 30 0)(?)(?)(?)( 10 0x00000000 msft:rm/algorithm/flags/1.0)( 11 0x00000000 0xC004F056)])]
11: 86af9220-9d6f-4575-bef0-619a9a6aa005, 1, 0 [(0 [0xC004F014, 0, 0], [(?)(?)(?)(?)(?)(?)(?)(?)])(1 )(2 )(3 )]
12: 951c0fe6-40a8-4400-8003-eec0686ffbc4, 1, 0 [(0 [0xC004F014, 0, 0], [(?)(?)(?)(?)(?)(?)(?)(?)])(1 )(2 )(3 )]
13: 95820f84-6e8c-4d22-b2ce-54953e9911bc, 1, 0 [(0 [0xC004F014, 0, 0], [(?)(?)(?)(?)(?)(?)(?)(?)])(1 )(2 )(3 )]
14: 96353198-443e-479d-9e80-9a6d72fd1a99, 1, 0 [(0 [0xC004F014, 0, 0], [(?)(?)(?)(?)(?)(?)(?)(?)])(1 )(2 )(3 )]
15: a96f8dae-da54-4fad-bdc6-108da592707a, 1, 0 [(0 [0xC004F014, 0, 0], [(?)(?)(?)(?)(?)(?)(?)(?)])(1 )(2 )(3 )]
16: ae9d158f-9450-4a0c-8c80-dd973c58357c, 1, 0 [(0 [0xC004F014, 0, 0], [(?)(?)(?)(?)(?)(?)(?)(?)])(1 )(2 )(3 )]
17: b4af11be-5f94-4d8f-9844-ce0d5e0d8680, 1, 0 [(0 [0xC004F014, 0, 0], [(?)(?)(?)(?)(?)(?)(?)(?)])(1 )(2 )(3 )]
18: b58a5943-16ea-420f-a611-7b230acd762c, 1, 0 [(0 [0xC004F014, 0, 0], [(?)(?)(?)(?)(?)(?)(?)(?)])(1 )(2 )(3 )]
19: c85fe025-b033-4f41-936b-b121521ba1c1, 1, 0 [(0 [0xC004F014, 0, 0], [(?)(?)(?)(?)(?)(?)(?)(?)])(1 )(2 )(3 )]
20: d7279dd0-e175-49fe-a623-8fc2fc00afc4, 1, 0 [(0 )(1 )(2 )(3 [0x00000000, 0, 0], [( 6 0xC004F009 5 0)( 1 0x00000000)( 6 0xC004F009 5 0)(?)(?)(?)( 10 0x00000000 msft:rm/algorithm/flags/1.0)( 11 0x00000000 0xC004F009)])]
21: fb3540bc-a824-4c79-83da-6f6bd3ac6ccb, 1, 0 [(0 [0xC004F014, 0, 0], [(?)(?)(?)(?)(?)(?)(?)(?)])(1 )(2 )(3 )]

",Software Protection Platform Service,2020-11-13 06:47:51,India,Gujarat,Ahmedabad,380007,Asia/Kolkata,GTPL A. J. Enterprise
310,LAPTOP-1MKMTVPM,(0),Information,"The Software Protection service has successfully installed the license.
License Title=Office 19 UL oob License (Public)
License Id=8eb6c347-18c1-4c62-b418-f158e30f90cc",Software Protection Platform Service,2020-11-13 06:47:50,India,Gujarat,Ahmedabad,380007,Asia/Kolkata,GTPL A. J. Enterprise
311,LAPTOP-1MKMTVPM,(0),Information,"The Software Protection service has successfully installed the license.
License Title=client-issuance-bridge-office Issuance License
License Id=4d4a5396-01a7-4ae5-9973-b53bb1af5c30",Software Protection Platform Service,2020-11-13 06:47:49,India,Gujarat,Ahmedabad,380007,Asia/Kolkata,GTPL A. J. Enterprise
312,LAPTOP-1MKMTVPM,(0),Information,"The Software Protection service has completed licensing status check.
Application Id=0ff1ce15-a989-479d-af46-f275c6370663
Licensing Status=
1: d7279dd0-e175-49fe-a623-8fc2fc00afc4, 1, 1 [(0 )(1 )(2 )(3 [0x00000000, 0, 0], [( 6 0xC004F009 5 0)( 1 0x00000000)( 6 0xC004F009 5 0)(?)(?)(?)( 10 0x00000000 msft:rm/algorithm/flags/1.0)( 11 0x00000000 0xC004F009)])]

",Software Protection Platform Service,2020-11-13 06:47:35,India,Gujarat,Ahmedabad,380007,Asia/Kolkata,GTPL A. J. Enterprise
313,LAPTOP-1MKMTVPM,(0),Information,"The Software Protection service has completed licensing status check.
Application Id=0ff1ce15-a989-479d-af46-f275c6370663
Licensing Status=
1: 0b4e6cfa-3072-434c-b702-bd1836e6887c, 1, 0 [(0 [0xC004F014, 0, 0], [(?)(?)(?)(?)(?)(?)(?)(?)])(1 )(2 )(3 )]
2: 0bc88885-718c-491d-921f-6f214349e79c, 1, 0 [(0 [0xC004F014, 0, 0], [(?)(?)(?)(?)(?)(?)(?)(?)])(1 )(2 )(3 )]
3: 28f64a3f-cf84-46da-b1e8-2dfa7750e491, 1, 0 [(0 [0xC004F014, 0, 0], [(?)(?)(?)(?)(?)(?)(?)(?)])(1 )(2 )(3 )]
4: 4c1d1588-3088-4796-b3b2-8935f3a0d886, 1, 0 [(0 [0xC004F014, 0, 0], [(?)(?)(?)(?)(?)(?)(?)(?)])(1 )(2 )(3 )]
5: 52287aa3-9945-44d1-9046-7a3373666821, 1, 0 [(0 [0xC004F014, 0, 0], [(?)(?)(?)(?)(?)(?)(?)(?)])(1 )(2 )(3 )]
6: 537ea5b5-7d50-4876-bd38-a53a77caca32, 1, 0 [(0 [0xC004F014, 0, 0], [(?)(?)(?)(?)(?)(?)(?)(?)])(1 )(2 )(3 )]
7: 6755c7a7-4dfe-46f5-bce8-427be8e9dc62, 1, 0 [(0 [0xC004F014, 0, 0], [(?)(?)(?)(?)(?)(?)(?)(?)])(1 )(2 )(3 )]
8: 77f47589-2212-4e3b-ad27-a900ce813837, 1, 0 [(0 [0xC004F014, 0, 0], [(?)(?)(?)(?)(?)(?)(?)(?)])(1 )(2 )(3 )]
9: 7ab38a1c-a803-4ca5-8ebb-f8786c4b4faa, 1, 0 [(0 [0xC004F014, 0, 0], [(?)(?)(?)(?)(?)(?)(?)(?)])(1 )(2 )(3 )]
10: 85dd8b5f-eaa4-4af3-a628-cce9e77c9a03, 1, 1 [(0 [0xC004E003, 0, 0], [( 2 0xC004F056 0 0 msft:rm/algorithm/volume/1.0 0x00000000 0)( 1 0x00000000)(?)( 2 0xC004F056 0 0 msft:rm/algorithm/volume/1.0 0x00000000 0)(?)(?)(?)(?)])(1 )(2 )(3 [0x00000000, 0, 0], [( 6 0xC004F009 30 0)( 1 0x00000000)( 6 0xC004F009 30 0)(?)(?)(?)( 10 0x00000000 msft:rm/algorithm/flags/1.0)( 11 0x00000000 0xC004F056)])]
11: 86af9220-9d6f-4575-bef0-619a9a6aa005, 1, 0 [(0 [0xC004F014, 0, 0], [(?)(?)(?)(?)(?)(?)(?)(?)])(1 )(2 )(3 )]
12: 951c0fe6-40a8-4400-8003-eec0686ffbc4, 1, 0 [(0 [0xC004F014, 0, 0], [(?)(?)(?)(?)(?)(?)(?)(?)])(1 )(2 )(3 )]
13: 95820f84-6e8c-4d22-b2ce-54953e9911bc, 1, 0 [(0 [0xC004F014, 0, 0], [(?)(?)(?)(?)(?)(?)(?)(?)])(1 )(2 )(3 )]
14: 96353198-443e-479d-9e80-9a6d72fd1a99, 1, 0 [(0 [0xC004F014, 0, 0], [(?)(?)(?)(?)(?)(?)(?)(?)])(1 )(2 )(3 )]
15: a96f8dae-da54-4fad-bdc6-108da592707a, 1, 0 [(0 [0xC004F014, 0, 0], [(?)(?)(?)(?)(?)(?)(?)(?)])(1 )(2 )(3 )]
16: ae9d158f-9450-4a0c-8c80-dd973c58357c, 1, 0 [(0 [0xC004F014, 0, 0], [(?)(?)(?)(?)(?)(?)(?)(?)])(1 )(2 )(3 )]
17: b4af11be-5f94-4d8f-9844-ce0d5e0d8680, 1, 0 [(0 [0xC004F014, 0, 0], [(?)(?)(?)(?)(?)(?)(?)(?)])(1 )(2 )(3 )]
18: b58a5943-16ea-420f-a611-7b230acd762c, 1, 0 [(0 [0xC004F014, 0, 0], [(?)(?)(?)(?)(?)(?)(?)(?)])(1 )(2 )(3 )]
19: c85fe025-b033-4f41-936b-b121521ba1c1, 1, 0 [(0 [0xC004F014, 0, 0], [(?)(?)(?)(?)(?)(?)(?)(?)])(1 )(2 )(3 )]
20: d7279dd0-e175-49fe-a623-8fc2fc00afc4, 1, 1 [(0 )(1 )(2 )(3 [0x00000000, 0, 0], [( 6 0xC004F009 5 0)( 1 0x00000000)( 6 0xC004F009 5 0)(?)(?)(?)( 10 0x00000000 msft:rm/algorithm/flags/1.0)( 11 0x00000000 0xC004F009)])]
21: fb3540bc-a824-4c79-83da-6f6bd3ac6ccb, 1, 0 [(0 [0xC004F014, 0, 0], [(?)(?)(?)(?)(?)(?)(?)(?)])(1 )(2 )(3 )]

",Software Protection Platform Service,2020-11-13 06:42:06,India,Gujarat,Ahmedabad,380007,Asia/Kolkata,GTPL A. J. Enterprise
314,LAPTOP-1MKMTVPM,(0),Information,"The Software Protection service has completed licensing status check.
Application Id=0ff1ce15-a989-479d-af46-f275c6370663
Licensing Status=
1: 0b4e6cfa-3072-434c-b702-bd1836e6887c, 1, 0 [(0 [0xC004F014, 0, 0], [(?)(?)(?)(?)(?)(?)(?)(?)])(1 )(2 )(3 )]
2: 0bc88885-718c-491d-921f-6f214349e79c, 1, 0 [(0 [0xC004F014, 0, 0], [(?)(?)(?)(?)(?)(?)(?)(?)])(1 )(2 )(3 )]
3: 28f64a3f-cf84-46da-b1e8-2dfa7750e491, 1, 0 [(0 [0xC004F014, 0, 0], [(?)(?)(?)(?)(?)(?)(?)(?)])(1 )(2 )(3 )]
4: 4c1d1588-3088-4796-b3b2-8935f3a0d886, 1, 0 [(0 [0xC004F014, 0, 0], [(?)(?)(?)(?)(?)(?)(?)(?)])(1 )(2 )(3 )]
5: 52287aa3-9945-44d1-9046-7a3373666821, 1, 0 [(0 [0xC004F014, 0, 0], [(?)(?)(?)(?)(?)(?)(?)(?)])(1 )(2 )(3 )]
6: 537ea5b5-7d50-4876-bd38-a53a77caca32, 1, 0 [(0 [0xC004F014, 0, 0], [(?)(?)(?)(?)(?)(?)(?)(?)])(1 )(2 )(3 )]
7: 6755c7a7-4dfe-46f5-bce8-427be8e9dc62, 1, 0 [(0 [0xC004F014, 0, 0], [(?)(?)(?)(?)(?)(?)(?)(?)])(1 )(2 )(3 )]
8: 77f47589-2212-4e3b-ad27-a900ce813837, 1, 0 [(0 [0xC004F014, 0, 0], [(?)(?)(?)(?)(?)(?)(?)(?)])(1 )(2 )(3 )]
9: 7ab38a1c-a803-4ca5-8ebb-f8786c4b4faa, 1, 0 [(0 [0xC004F014, 0, 0], [(?)(?)(?)(?)(?)(?)(?)(?)])(1 )(2 )(3 )]
10: 85dd8b5f-eaa4-4af3-a628-cce9e77c9a03, 1, 1 [(0 [0xC004E003, 0, 0], [( 2 0xC004F056 0 0 msft:rm/algorithm/volume/1.0 0x00000000 0)( 1 0x00000000)(?)( 2 0xC004F056 0 0 msft:rm/algorithm/volume/1.0 0x00000000 0)(?)(?)(?)(?)])(1 )(2 )(3 [0x00000000, 0, 0], [( 6 0xC004F009 30 0)( 1 0x00000000)( 6 0xC004F009 30 0)(?)(?)(?)( 10 0x00000000 msft:rm/algorithm/flags/1.0)( 11 0x00000000 0xC004F056)])]
11: 86af9220-9d6f-4575-bef0-619a9a6aa005, 1, 0 [(0 [0xC004F014, 0, 0], [(?)(?)(?)(?)(?)(?)(?)(?)])(1 )(2 )(3 )]
12: 951c0fe6-40a8-4400-8003-eec0686ffbc4, 1, 0 [(0 [0xC004F014, 0, 0], [(?)(?)(?)(?)(?)(?)(?)(?)])(1 )(2 )(3 )]
13: 95820f84-6e8c-4d22-b2ce-54953e9911bc, 1, 0 [(0 [0xC004F014, 0, 0], [(?)(?)(?)(?)(?)(?)(?)(?)])(1 )(2 )(3 )]
14: 96353198-443e-479d-9e80-9a6d72fd1a99, 1, 0 [(0 [0xC004F014, 0, 0], [(?)(?)(?)(?)(?)(?)(?)(?)])(1 )(2 )(3 )]
15: a96f8dae-da54-4fad-bdc6-108da592707a, 1, 0 [(0 [0xC004F014, 0, 0], [(?)(?)(?)(?)(?)(?)(?)(?)])(1 )(2 )(3 )]
16: ae9d158f-9450-4a0c-8c80-dd973c58357c, 1, 0 [(0 [0xC004F014, 0, 0], [(?)(?)(?)(?)(?)(?)(?)(?)])(1 )(2 )(3 )]
17: b4af11be-5f94-4d8f-9844-ce0d5e0d8680, 1, 0 [(0 [0xC004F014, 0, 0], [(?)(?)(?)(?)(?)(?)(?)(?)])(1 )(2 )(3 )]
18: b58a5943-16ea-420f-a611-7b230acd762c, 1, 0 [(0 [0xC004F014, 0, 0], [(?)(?)(?)(?)(?)(?)(?)(?)])(1 )(2 )(3 )]
19: c85fe025-b033-4f41-936b-b121521ba1c1, 1, 0 [(0 [0xC004F014, 0, 0], [(?)(?)(?)(?)(?)(?)(?)(?)])(1 )(2 )(3 )]
20: d7279dd0-e175-49fe-a623-8fc2fc00afc4, 1, 1 [(0 )(1 )(2 )(3 [0x00000000, 0, 0], [( 6 0xC004F009 5 0)( 1 0x00000000)( 6 0xC004F009 5 0)(?)(?)(?)( 10 0x00000000 msft:rm/algorithm/flags/1.0)( 11 0x00000000 0xC004F009)])]
21: fb3540bc-a824-4c79-83da-6f6bd3ac6ccb, 1, 0 [(0 [0xC004F014, 0, 0], [(?)(?)(?)(?)(?)(?)(?)(?)])(1 )(2 )(3 )]

",Software Protection Platform Service,2020-11-13 06:47:35,India,Gujarat,Ahmedabad,380007,Asia/Kolkata,GTPL A. J. Enterprise
315,LAPTOP-1MKMTVPM,(0),Information,Shutting down application or service 'Microsoft Word'.,Microsoft-Windows-RestartManager,2020-11-13 06:47:02,India,Gujarat,Ahmedabad,380007,Asia/Kolkata,GTPL A. J. Enterprise
316,LAPTOP-1MKMTVPM,(0),Information,"The Software Protection service has completed licensing status check.
Application Id=0ff1ce15-a989-479d-af46-f275c6370663
Licensing Status=
1: d7279dd0-e175-49fe-a623-8fc2fc00afc4, 1, 1 [(0 )(1 )(2 )(3 [0x00000000, 0, 0], [( 6 0xC004F009 5 0)( 1 0x00000000)( 6 0xC004F009 5 0)(?)(?)(?)( 10 0x00000000 msft:rm/algorithm/flags/1.0)( 11 0x00000000 0xC004F009)])]

",Software Protection Platform Service,2020-11-13 06:47:20,India,Gujarat,Ahmedabad,380007,Asia/Kolkata,GTPL A. J. Enterprise
317,LAPTOP-1MKMTVPM,(0),Information,"The Software Protection service has successfully installed the license.
License Title=Office 19 UL oob License (Public)
License Id=87a34c34-915a-48df-a053-fde7f809fc32",Software Protection Platform Service,2020-11-13 06:47:50,India,Gujarat,Ahmedabad,380007,Asia/Kolkata,GTPL A. J. Enterprise
318,LAPTOP-1MKMTVPM,(0),Information,"The Software Protection service has completed licensing status check.
Application Id=0ff1ce15-a989-479d-af46-f275c6370663
Licensing Status=
1: 85dd8b5f-eaa4-4af3-a628-cce9e77c9a03, 1, 1 [(0 [0xC004E003, 0, 0], [( 2 0xC004F056 0 0 msft:rm/algorithm/volume/1.0 0x00000000 0)( 1 0x00000000)(?)( 2 0xC004F056 0 0 msft:rm/algorithm/volume/1.0 0x00000000 0)(?)(?)(?)(?)])(1 )(2 )(3 [0x00000000, 0, 0], [( 6 0xC004F009 30 0)( 1 0x00000000)( 6 0xC004F009 30 0)(?)(?)(?)( 10 0x00000000 msft:rm/algorithm/flags/1.0)( 11 0x00000000 0xC004F056)])]

",Software Protection Platform Service,2020-11-13 06:46:44,India,Gujarat,Ahmedabad,380007,Asia/Kolkata,GTPL A. J. Enterprise
319,LAPTOP-1MKMTVPM,(0),Information,"The Software Protection service has completed licensing status check.
Application Id=0ff1ce15-a989-479d-af46-f275c6370663
Licensing Status=
1: d7279dd0-e175-49fe-a623-8fc2fc00afc4, 1, 1 [(0 )(1 )(2 )(3 [0x00000000, 0, 0], [( 6 0xC004F009 5 0)( 1 0x00000000)( 6 0xC004F009 5 0)(?)(?)(?)( 10 0x00000000 msft:rm/algorithm/flags/1.0)( 11 0x00000000 0xC004F009)])]

",Software Protection Platform Service,2020-11-13 06:42:06,India,Gujarat,Ahmedabad,380007,Asia/Kolkata,GTPL A. J. Enterprise
320,LAPTOP-1MKMTVPM,(0),Information,"The Software Protection service has successfully installed the license.
License Title=client-issuance-root-bridge-test Issuance License
License Id=7256a55f-e989-4e06-b2c2-c527f49e4527",Software Protection Platform Service,2020-11-13 06:47:49,India,Gujarat,Ahmedabad,380007,Asia/Kolkata,GTPL A. J. Enterprise
321,LAPTOP-1MKMTVPM,(0),0,"The description for Event ID '-1073739813' in Source 'Microsoft Office' cannot be found.  The local computer may not have the necessary registry information or message DLL files to display the message, or you may not have permission to access them.  The following information is part of the event:'Application: winword.exe; IdentityType: LiveId; HasToken: 0; AutoLoadIdentity: 0; SessionLicensing: 0; LvuxSqm: 0; SppReady: 1; CurrentHr: 0x0; CorrelationId: {F7AED15C-2348-4CCC-B161-2FD8D76B482C}; CurrentProductReleaseId: ProPlus2019Volume; AllProductReleaseIds (from store): ProPlus2019Volume; User has 0 entitlements, 0 apply to current context, 0 currently installed'",Microsoft Office,2020-11-13 06:36:52,India,Gujarat,Ahmedabad,380007,Asia/Kolkata,GTPL A. J. Enterprise
322,LAPTOP-1MKMTVPM,General,Information,"Video.UI (12528,R,98) {23ED0C5A-0486-45B5-A047-10FEE19AF701}: The database [C:\Users\91635\AppData\Local\Packages\Microsoft.ZuneVideo_8wekyb3d8bbwe\LocalState\Database\anonymous\EntClientDb.edb] format version is being held back to 8920 (0x22d8) due to application parameter setting of 0x410022D8 (8920 | JET_efvAllowHigherPersistedFormat). Current default engine version: 9100 (0x238c).",ESENT,2020-11-13 18:18:29,India,Gujarat,Ahmedabad,380007,Asia/Kolkata,GTPL A. J. Enterprise
323,LAPTOP-1MKMTVPM,General,Information,"SearchIndexer (9564,D,50) Windows: The database engine attached a database (1, C:\ProgramData\Microsoft\Search\Data\Applications\Windows\Windows.edb). (Time=0 seconds)



Saved Cache: 0 0

Additional Data: lgposAttach = 00000024:0051:0268,
dbv = 1568.20.0



Internal Timing Sequence: 
[1] 0.000003 +J(0)
[2] 0.000527 +J(0) +M(C:0K, Fs:24, WS:32K # 0K, PF:32K # 0K, P:32K)
[3] 0.004659 -0.001195 (5) WT +J(CM:0, PgRf:0, Rd:0/0, Dy:0/0, Lg:3480/2) +M(C:0K, Fs:14, WS:-588K # 0K, PF:-584K # 0K, P:-584K)
[4] 0.000249 +J(0)
[5] -
[6] -
[7] -
[8] 0.001432 -0.000407 (2) CM +J(CM:2, PgRf:2, Rd:14/2, Dy:0/0, Lg:0/0) +M(C:0K, Fs:28, WS:112K # 0K, PF:540K # 0K, P:540K)
[9] 0.006748 -0.000175 (5) CM -0.006367 (1) WT +J(CM:5, PgRf:23, Rd:0/5, Dy:0/0, Lg:0/0) +M(C:0K, Fs:52, WS:208K # 0K, PF:224K # 0K, P:224K)
[10] 0.000141 -0.000055 (1) CM +J(CM:1, PgRf:40, Rd:0/1, Dy:0/0, Lg:0/0) +M(C:0K, Fs:10, WS:40K # 0K, PF:32K # 0K, P:32K)
[11] 0.000013 +J(CM:0, PgRf:1, Rd:0/0, Dy:0/0, Lg:0/0) +M(C:0K, Fs:1, WS:4K # 0K, PF:0K # 0K, P:0K)
[12] 0.000048 +J(CM:0, PgRf:42, Rd:0/0, Dy:0/0, Lg:0/0) +M(C:0K, Fs:3, WS:12K # 0K, PF:0K # 0K, P:0K)
[13] 0.000001 +J(0)
[14] 0.0 +J(0)
[15] 0.000006 +J(CM:0, PgRf:1, Rd:0/0, Dy:0/0, Lg:0/0).",ESENT,2020-11-13 18:17:26,India,Gujarat,Ahmedabad,380007,Asia/Kolkata,GTPL A. J. Enterprise
324,LAPTOP-1MKMTVPM,General,Information,"SearchIndexer (9564,D,50) Windows: The log format feature version 8940 (0x22ec - 8.6.20) could not be used due to the current log format 8.5.16, controlled by the parameter 0x410022D8 (8920 | JET_efvAllowHigherPersistedFormat).",ESENT,2020-11-13 18:17:26,India,Gujarat,Ahmedabad,380007,Asia/Kolkata,GTPL A. J. Enterprise
325,LAPTOP-1MKMTVPM,(0),Information,"The description for Event ID '0' in Source 'AdobeARMservice' cannot be found.  The local computer may not have the necessary registry information or message DLL files to display the message, or you may not have permission to access them.  The following information is part of the event:'Service started'",AdobeARMservice,2020-11-13 18:17:08,India,Gujarat,Ahmedabad,380007,Asia/Kolkata,GTPL A. J. Enterprise
326,LAPTOP-1MKMTVPM,(0),Information,"The Software Protection service has completed licensing status check.
Application Id=0ff1ce15-a989-479d-af46-f275c6370663
Licensing Status=
1: 0b4e6cfa-3072-434c-b702-bd1836e6887c, 1, 0 [(0 [0xC004F014, 0, 0], [(?)(?)(?)(?)(?)(?)(?)(?)])(1 )(2 )(3 )]
2: 0bc88885-718c-491d-921f-6f214349e79c, 1, 0 [(0 [0xC004F014, 0, 0], [(?)(?)(?)(?)(?)(?)(?)(?)])(1 )(2 )(3 )]
3: 28f64a3f-cf84-46da-b1e8-2dfa7750e491, 1, 0 [(0 [0xC004F014, 0, 0], [(?)(?)(?)(?)(?)(?)(?)(?)])(1 )(2 )(3 )]
4: 4c1d1588-3088-4796-b3b2-8935f3a0d886, 1, 0 [(0 [0xC004F014, 0, 0], [(?)(?)(?)(?)(?)(?)(?)(?)])(1 )(2 )(3 )]
5: 52287aa3-9945-44d1-9046-7a3373666821, 1, 0 [(0 [0xC004F014, 0, 0], [(?)(?)(?)(?)(?)(?)(?)(?)])(1 )(2 )(3 )]
6: 537ea5b5-7d50-4876-bd38-a53a77caca32, 1, 0 [(0 [0xC004F014, 0, 0], [(?)(?)(?)(?)(?)(?)(?)(?)])(1 )(2 )(3 )]
7: 6755c7a7-4dfe-46f5-bce8-427be8e9dc62, 1, 0 [(0 [0xC004F014, 0, 0], [(?)(?)(?)(?)(?)(?)(?)(?)])(1 )(2 )(3 )]
8: 77f47589-2212-4e3b-ad27-a900ce813837, 1, 0 [(0 [0xC004F014, 0, 0], [(?)(?)(?)(?)(?)(?)(?)(?)])(1 )(2 )(3 )]
9: 7ab38a1c-a803-4ca5-8ebb-f8786c4b4faa, 1, 0 [(0 [0xC004F014, 0, 0], [(?)(?)(?)(?)(?)(?)(?)(?)])(1 )(2 )(3 )]
10: 85dd8b5f-eaa4-4af3-a628-cce9e77c9a03, 1, 1 [(0 [0xC004E003, 0, 0], [( 2 0xC004F056 0 0 msft:rm/algorithm/volume/1.0 0x00000000 0)( 1 0x00000000)(?)( 2 0xC004F056 0 0 msft:rm/algorithm/volume/1.0 0x00000000 0)(?)(?)(?)(?)])(1 )(2 )(3 [0x00000000, 0, 0], [( 6 0xC004F009 30 0)( 1 0x00000000)( 6 0xC004F009 30 0)(?)(?)(?)( 10 0x00000000 msft:rm/algorithm/flags/1.0)( 11 0x00000000 0xC004F056)])]
11: 86af9220-9d6f-4575-bef0-619a9a6aa005, 1, 0 [(0 [0xC004F014, 0, 0], [(?)(?)(?)(?)(?)(?)(?)(?)])(1 )(2 )(3 )]
12: 951c0fe6-40a8-4400-8003-eec0686ffbc4, 1, 0 [(0 [0xC004F014, 0, 0], [(?)(?)(?)(?)(?)(?)(?)(?)])(1 )(2 )(3 )]
13: 95820f84-6e8c-4d22-b2ce-54953e9911bc, 1, 0 [(0 [0xC004F014, 0, 0], [(?)(?)(?)(?)(?)(?)(?)(?)])(1 )(2 )(3 )]
14: 96353198-443e-479d-9e80-9a6d72fd1a99, 1, 0 [(0 [0xC004F014, 0, 0], [(?)(?)(?)(?)(?)(?)(?)(?)])(1 )(2 )(3 )]
15: a96f8dae-da54-4fad-bdc6-108da592707a, 1, 0 [(0 [0xC004F014, 0, 0], [(?)(?)(?)(?)(?)(?)(?)(?)])(1 )(2 )(3 )]
16: ae9d158f-9450-4a0c-8c80-dd973c58357c, 1, 0 [(0 [0xC004F014, 0, 0], [(?)(?)(?)(?)(?)(?)(?)(?)])(1 )(2 )(3 )]
17: b4af11be-5f94-4d8f-9844-ce0d5e0d8680, 1, 0 [(0 [0xC004F014, 0, 0], [(?)(?)(?)(?)(?)(?)(?)(?)])(1 )(2 )(3 )]
18: b58a5943-16ea-420f-a611-7b230acd762c, 1, 0 [(0 [0xC004F014, 0, 0], [(?)(?)(?)(?)(?)(?)(?)(?)])(1 )(2 )(3 )]
19: c85fe025-b033-4f41-936b-b121521ba1c1, 1, 0 [(0 [0xC004F014, 0, 0], [(?)(?)(?)(?)(?)(?)(?)(?)])(1 )(2 )(3 )]
20: d7279dd0-e175-49fe-a623-8fc2fc00afc4, 1, 1 [(0 )(1 )(2 )(3 [0x00000000, 0, 0], [( 6 0xC004F009 5 0)( 1 0x00000000)( 6 0xC004F009 5 0)(?)(?)(?)( 10 0x00000000 msft:rm/algorithm/flags/1.0)( 11 0x00000000 0xC004F009)])]
21: fb3540bc-a824-4c79-83da-6f6bd3ac6ccb, 1, 0 [(0 [0xC004F014, 0, 0], [(?)(?)(?)(?)(?)(?)(?)(?)])(1 )(2 )(3 )]

",Software Protection Platform Service,2020-11-13 18:07:08,India,Gujarat,Ahmedabad,380007,Asia/Kolkata,GTPL A. J. Enterprise
327,LAPTOP-1MKMTVPM,(0),Information,"The Software Protection service has completed licensing status check.
Application Id=0ff1ce15-a989-479d-af46-f275c6370663
Licensing Status=
1: 85dd8b5f-eaa4-4af3-a628-cce9e77c9a03, 1, 1 [(0 [0xC004E003, 0, 0], [( 2 0xC004F056 0 0 msft:rm/algorithm/volume/1.0 0x00000000 0)( 1 0x00000000)(?)( 2 0xC004F056 0 0 msft:rm/algorithm/volume/1.0 0x00000000 0)(?)(?)(?)(?)])(1 )(2 )(3 [0x00000000, 0, 0], [( 6 0xC004F009 30 0)( 1 0x00000000)( 6 0xC004F009 30 0)(?)(?)(?)( 10 0x00000000 msft:rm/algorithm/flags/1.0)( 11 0x00000000 0xC004F056)])]

",Software Protection Platform Service,2020-11-13 18:07:07,India,Gujarat,Ahmedabad,380007,Asia/Kolkata,GTPL A. J. Enterprise
328,LAPTOP-1MKMTVPM,(0),Information,Updated Quick Heal Firewall status successfully to SECURITY_PRODUCT_STATE_ON.,SecurityCenter,2020-11-13 17:36:11,India,Gujarat,Ahmedabad,380007,Asia/Kolkata,GTPL A. J. Enterprise
329,LAPTOP-1MKMTVPM,(0),Information,The winlogon notification subscriber <SessionEnv> was unavailable to handle a notification event.,Wlclntfy,2020-11-11 06:38:23,India,Gujarat,Ahmedabad,380007,Asia/Kolkata,GTPL A. J. Enterprise
330,LAPTOP-1MKMTVPM,(0),Information,Successfully scheduled Software Protection service for re-start at 2020-11-10T21:00:03Z. Reason: RulesEngine.,Software Protection Platform Service,2020-11-11 18:02:03,India,Gujarat,Ahmedabad,380007,Asia/Kolkata,GTPL A. J. Enterprise
331,LAPTOP-1MKMTVPM,General,Information,"Video.UI (15612,P,98) {649E60EB-1642-4BB5-B485-C5F763C618F8}: The database engine (10.00.18363.0000) is starting a new instance (0).",ESENT,2020-11-11 18:01:23,India,Gujarat,Ahmedabad,380007,Asia/Kolkata,GTPL A. J. Enterprise
332,LAPTOP-1MKMTVPM,(0),Warning,"The rules engine reported a failed VL activation attempt.
Reason:0x8007007B
AppId = 0ff1ce15-a989-479d-af46-f275c6370663, SkuId = 85dd8b5f-eaa4-4af3-a628-cce9e77c9a03
Trigger=NetworkAvailable",Software Protection Platform Service,2020-11-11 18:00:43,India,Gujarat,Ahmedabad,380007,Asia/Kolkata,GTPL A. J. Enterprise
333,LAPTOP-1MKMTVPM,(0),Information,Updated Quick Heal AntiVirus Pro status successfully to SECURITY_PRODUCT_STATE_ON.,SecurityCenter,2020-11-11 18:00:34,India,Gujarat,Ahmedabad,380007,Asia/Kolkata,GTPL A. J. Enterprise
334,LAPTOP-1MKMTVPM,(0),Information,Updated Quick Heal Firewall status successfully to SECURITY_PRODUCT_STATE_ON.,SecurityCenter,2020-11-10 16:35:16,India,Gujarat,Ahmedabad,380007,Asia/Kolkata,GTPL A. J. Enterprise
335,LAPTOP-1MKMTVPM,(0),Information,Successfully scheduled Software Protection service for re-start at 2020-11-10T06:48:50Z. Reason: RulesEngine.,Software Protection Platform Service,2020-11-10 16:30:50,India,Gujarat,Ahmedabad,380007,Asia/Kolkata,GTPL A. J. Enterprise
336,LAPTOP-1MKMTVPM,General,Information,"Video.UI (1692,D,0) {A5A2ABB0-317D-4C52-8F2B-FBCA2D1122AE}: The database engine started a new instance (0). (Time=0 seconds)



Additional Data:

lgposV2[] = 00000001:016E:0000 - 00000001:016F:039F - 00000001:0170:0000 - 00000001:0170:0000 (00000000:0000:0000)
cReInits = 75




Internal Timing Sequence: 
[1] 0.003562 +J(0) +M(C:0K, Fs:324, WS:1248K # 1248K, PF:2712K # 2712K, P:2712K)
[2] 0.000363 +J(0) +M(C:0K, Fs:121, WS:480K # 480K, PF:344K # 344K, P:344K)
[3] 0.000035 +J(0) +M(C:0K, Fs:6, WS:20K # 20K, PF:88K # 88K, P:88K)
[4] 0.000146 +J(0) +M(C:0K, Fs:43, WS:172K # 172K, PF:168K # 168K, P:168K)
[5] 0.001381 +J(0) +M(C:0K, Fs:105, WS:420K # 420K, PF:44K # 44K, P:44K)
[6] 0.001775 +J(0) +M(C:0K, Fs:78, WS:-376K # 132K, PF:-108K # 8K, P:-108K)
[7] 0.011881 -0.000010 (9) WT +J(0) +M(C:0K, Fs:867, WS:3456K # 2948K, PF:2328K # 2212K, P:2328K)
[8] 0.085201 -0.032775 (25) WT +J(CM:0, PgRf:0, Rd:0/0, Dy:0/0, Lg:1488128/5520) +M(C:0K, Fs:7548, WS:6884K # 6884K, PF:2232K # 2236K, P:2232K)
[9] 0.000425 +J(0) +M(C:0K, Fs:18, WS:72K # 72K, PF:8K # 4K, P:8K)
[10] 0.001405 -0.000001 (1) WT +J(0) +M(C:0K, Fs:26, WS:-1940K # 76K, PF:-2032K # 12K, P:-2032K)
[11] 0.000024 +J(CM:0, PgRf:0, Rd:0/0, Dy:0/0, Lg:49/1) +M(C:0K, Fs:2, WS:8K # 0K, PF:0K # 0K, P:0K)
[12] 0.003121 -0.003079 (2) WT +J(0) +M(C:0K, Fs:154, WS:612K # 0K, PF:36K # 0K, P:36K)
[13] 0.016784 -0.000260 (2) CM -0.008517 (19) WT +J(CM:2, PgRf:2, Rd:0/2, Dy:0/0, Lg:8759/5) +M(C:0K, Fs:967, WS:1332K # 1984K, PF:44K # 88K, P:44K)
[14] 0.000013 +J(0)
[15] 0.000008 +J(0)
[16] 0.000140 -0.000001 (1) WT +J(0) +M(C:0K, Fs:2, WS:0K # 0K, PF:0K # 0K, P:0K).",ESENT,2020-11-10 15:49:58,India,Gujarat,Ahmedabad,380007,Asia/Kolkata,GTPL A. J. Enterprise
337,LAPTOP-1MKMTVPM,(0),Information,Updated Quick Heal AntiVirus Pro status successfully to SECURITY_PRODUCT_STATE_ON.,SecurityCenter,2020-11-10 15:49:00,India,Gujarat,Ahmedabad,380007,Asia/Kolkata,GTPL A. J. Enterprise
338,LAPTOP-1MKMTVPM,(0),Information,"The description for Event ID '0' in Source 'igfxCUIService2.0.0.0' cannot be found.  The local computer may not have the necessary registry information or message DLL files to display the message, or you may not have permission to access them.  The following information is part of the event:' Logoff: 12
'",igfxCUIService2.0.0.0,2020-11-10 18:25:22,India,Gujarat,Ahmedabad,380007,Asia/Kolkata,GTPL A. J. Enterprise
339,LAPTOP-1MKMTVPM,(0),Information,Windows Installer reconfigured the product. Product Name: Adobe Acrobat Reader DC. Product Version: 20.013.20064. Product Language: 1033. Manufacturer: Adobe Systems Incorporated. Reconfiguration success or error status: 0.,MsiInstaller,2020-11-09 15:53:19,India,Gujarat,Ahmedabad,380007,Asia/Kolkata,GTPL A. J. Enterprise
340,LAPTOP-1MKMTVPM,(0),Information,Ending a Windows Installer transaction: {AC76BA86-7AD7-1033-7B44-AC0F074E4100}. Client Process Id: 1196.,MsiInstaller,2020-11-09 15:52:54,India,Gujarat,Ahmedabad,380007,Asia/Kolkata,GTPL A. J. Enterprise
341,LAPTOP-1MKMTVPM,General,Information,"Video.UI (12736,D,50) {52AF5C13-1A90-4D1E-8BA3-FE884F12D466}: The database engine attached a database (1, C:\Users\91635\AppData\Local\Packages\Microsoft.ZuneVideo_8wekyb3d8bbwe\LocalState\Database\anonymous\EntClientDb.edb). (Time=0 seconds)



Saved Cache: 0 0

Additional Data: lgposAttach = 00000001:016F:0268,
dbv = 1568.20.0



Internal Timing Sequence: 
[1] 0.000007 +J(0)
[2] 0.001341 -0.000002 (1) WT +J(0) +M(C:0K, Fs:18, WS:8K # 0K, PF:8K # 0K, P:8K)
[3] 0.025428 -0.017373 (6) WT +J(CM:0, PgRf:0, Rd:0/0, Dy:0/0, Lg:3480/2) +M(C:0K, Fs:57, WS:200K # 0K, PF:508K # 0K, P:508K)
[4] 0.000663 +J(0)
[5] -
[6] -
[7] -
[8] 0.002392 -0.000548 (2) CM +J(CM:2, PgRf:2, Rd:14/2, Dy:0/0, Lg:0/0) +M(C:0K, Fs:17, WS:56K # 0K, PF:136K # 0K, P:136K)
[9] 0.019325 -0.001244 (5) CM -0.017605 (1) WT +J(CM:5, PgRf:23, Rd:0/5, Dy:0/0, Lg:0/0) +M(C:0K, Fs:104, WS:408K # 0K, PF:212K # 0K, P:212K)
[10] 0.000362 -0.000019 (2) CM +J(CM:2, PgRf:40, Rd:0/2, Dy:0/0, Lg:0/0) +M(C:0K, Fs:12, WS:32K # 0K, PF:64K # 0K, P:64K)
[11] 0.000029 +J(CM:0, PgRf:1, Rd:0/0, Dy:0/0, Lg:0/0) +M(C:0K, Fs:3, WS:12K # 0K, PF:0K # 0K, P:0K)
[12] 0.000076 +J(CM:0, PgRf:42, Rd:0/0, Dy:0/0, Lg:0/0) +M(C:0K, Fs:3, WS:12K # 0K, PF:0K # 0K, P:0K)
[13] 0.000002 +J(0)
[14] 0.000001 +J(0)
[15] 0.000010 +J(CM:0, PgRf:1, Rd:0/0, Dy:0/0, Lg:0/0).",ESENT,2020-11-09 15:39:28,India,Gujarat,Ahmedabad,380007,Asia/Kolkata,GTPL A. J. Enterprise
342,LAPTOP-1MKMTVPM,General,Information,"Video.UI (12736,D,50) {52AF5C13-1A90-4D1E-8BA3-FE884F12D466}: The log format feature version 8940 (0x22ec - 8.6.20) could not be used due to the current log format 8.5.16, controlled by the parameter 0x410022D8 (8920 | JET_efvAllowHigherPersistedFormat).",ESENT,2020-11-09 15:39:28,India,Gujarat,Ahmedabad,380007,Asia/Kolkata,GTPL A. J. Enterprise
343,LAPTOP-1MKMTVPM,(0),Information,"The description for Event ID '0' in Source 'igfxCUIService2.0.0.0' cannot be found.  The local computer may not have the necessary registry information or message DLL files to display the message, or you may not have permission to access them.  The following information is part of the event:'Log on event received User1
'",igfxCUIService2.0.0.0,2020-11-09 15:33:30,India,Gujarat,Ahmedabad,380007,Asia/Kolkata,GTPL A. J. Enterprise
344,LAPTOP-1MKMTVPM,Logging/Recovery,Error,"svchost (7736,R,98) TILEREPOSITORYS-1-5-18: Error -1023 (0xfffffc01) occurred while opening logfile C:\WINDOWS\system32\config\systemprofile\AppData\Local\TileDataLayer\Database\EDB.log.",ESENT,2020-11-07 07:21:01,India,Gujarat,Ahmedabad,380007,Asia/Kolkata,GTPL A. J. Enterprise
345,LAPTOP-1MKMTVPM,Logging/Recovery,Information,"Video.UI (16012,R,98) {078567BE-FEAA-4FD5-AF1B-87867905F588}: The database engine has finished replaying logfile C:\Users\91635\AppData\Local\Packages\Microsoft.ZuneVideo_8wekyb3d8bbwe\LocalState\Database\anonymous\edb.log.



Processing Stats: 
[1] 0.199272 -0.061627 (86) WT +J(CM:0, PgRf:0, Rd:0/0, Dy:0/0, Lg:1463792/5504) +M(C:0K, Fs:6373, WS:5512K # 5512K, PF:1828K # 1836K, P:1828K).

Log record of type 'Insert   ' was seen most frequently (1873 times)",ESENT,2020-11-07 17:42:07,India,Gujarat,Ahmedabad,380007,Asia/Kolkata,GTPL A. J. Enterprise
346,LAPTOP-1MKMTVPM,(0),Information,Offline downlevel migration succeeded.,Software Protection Platform Service,2020-11-07 17:33:10,India,Gujarat,Ahmedabad,380007,Asia/Kolkata,GTPL A. J. Enterprise
347,LAPTOP-1MKMTVPM,(0),Information,Service stopped.,edgeupdate,2020-11-07 17:30:53,India,Gujarat,Ahmedabad,380007,Asia/Kolkata,GTPL A. J. Enterprise
348,LAPTOP-1MKMTVPM,(0),Information,Updated Quick Heal Firewall status successfully to SECURITY_PRODUCT_STATE_ON.,SecurityCenter,2020-11-07 17:30:10,India,Gujarat,Ahmedabad,380007,Asia/Kolkata,GTPL A. J. Enterprise
349,LAPTOP-1MKMTVPM,(0),Information,"The description for Event ID '0' in Source 'igfxCUIService2.0.0.0' cannot be found.  The local computer may not have the necessary registry information or message DLL files to display the message, or you may not have permission to access them.  The following information is part of the event:'Received Post Shell Event 11
'",igfxCUIService2.0.0.0,2020-11-07 17:30:10,India,Gujarat,Ahmedabad,380007,Asia/Kolkata,GTPL A. J. Enterprise
350,LAPTOP-1MKMTVPM,(0),Warning,"The rules engine reported a failed VL activation attempt.
Reason:0x8007007B
AppId = 0ff1ce15-a989-479d-af46-f275c6370663, SkuId = 85dd8b5f-eaa4-4af3-a628-cce9e77c9a03
Trigger=TimerEvent",Software Protection Platform Service,2020-11-06 17:36:37,India,Gujarat,Ahmedabad,380007,Asia/Kolkata,GTPL A. J. Enterprise
351,LAPTOP-1MKMTVPM,(0),Information,Successfully scheduled Software Protection service for re-start at 2020-11-05T18:19:29Z. Reason: RulesEngine.,Software Protection Platform Service,2020-11-05 15:42:29,India,Gujarat,Ahmedabad,380007,Asia/Kolkata,GTPL A. J. Enterprise
352,LAPTOP-1MKMTVPM,(0),Information,Updated Quick Heal Firewall status successfully to SECURITY_PRODUCT_STATE_ON.,SecurityCenter,2020-11-05 15:30:18,India,Gujarat,Ahmedabad,380007,Asia/Kolkata,GTPL A. J. Enterprise
353,LAPTOP-1MKMTVPM,(0),Warning,"The rules engine reported a failed VL activation attempt.
Reason:0x8007007B
AppId = 0ff1ce15-a989-479d-af46-f275c6370663, SkuId = 85dd8b5f-eaa4-4af3-a628-cce9e77c9a03
Trigger=NetworkQuarantineRetry",Software Protection Platform Service,2020-11-13 18:22:16,India,Gujarat,Ahmedabad,380007,Asia/Kolkata,GTPL A. J. Enterprise
354,LAPTOP-1MKMTVPM,(0),Information,"The Software Protection service has completed licensing status check.
Application Id=0ff1ce15-a989-479d-af46-f275c6370663
Licensing Status=
1: 0b4e6cfa-3072-434c-b702-bd1836e6887c, 1, 0 [(0 [0xC004F014, 0, 0], [(?)(?)(?)(?)(?)(?)(?)(?)])(1 )(2 )(3 )]
2: 0bc88885-718c-491d-921f-6f214349e79c, 1, 0 [(0 [0xC004F014, 0, 0], [(?)(?)(?)(?)(?)(?)(?)(?)])(1 )(2 )(3 )]
3: 28f64a3f-cf84-46da-b1e8-2dfa7750e491, 1, 0 [(0 [0xC004F014, 0, 0], [(?)(?)(?)(?)(?)(?)(?)(?)])(1 )(2 )(3 )]
4: 4c1d1588-3088-4796-b3b2-8935f3a0d886, 1, 0 [(0 [0xC004F014, 0, 0], [(?)(?)(?)(?)(?)(?)(?)(?)])(1 )(2 )(3 )]
5: 52287aa3-9945-44d1-9046-7a3373666821, 1, 0 [(0 [0xC004F014, 0, 0], [(?)(?)(?)(?)(?)(?)(?)(?)])(1 )(2 )(3 )]
6: 537ea5b5-7d50-4876-bd38-a53a77caca32, 1, 0 [(0 [0xC004F014, 0, 0], [(?)(?)(?)(?)(?)(?)(?)(?)])(1 )(2 )(3 )]
7: 6755c7a7-4dfe-46f5-bce8-427be8e9dc62, 1, 0 [(0 [0xC004F014, 0, 0], [(?)(?)(?)(?)(?)(?)(?)(?)])(1 )(2 )(3 )]
8: 77f47589-2212-4e3b-ad27-a900ce813837, 1, 0 [(0 [0xC004F014, 0, 0], [(?)(?)(?)(?)(?)(?)(?)(?)])(1 )(2 )(3 )]
9: 7ab38a1c-a803-4ca5-8ebb-f8786c4b4faa, 1, 0 [(0 [0xC004F014, 0, 0], [(?)(?)(?)(?)(?)(?)(?)(?)])(1 )(2 )(3 )]
10: 85dd8b5f-eaa4-4af3-a628-cce9e77c9a03, 1, 1 [(0 [0xC004E003, 0, 0], [( 2 0xC004F056 0 0 msft:rm/algorithm/volume/1.0 0x00000000 0)( 1 0x00000000)(?)( 2 0xC004F056 0 0 msft:rm/algorithm/volume/1.0 0x00000000 0)(?)(?)(?)(?)])(1 )(2 )(3 [0x00000000, 0, 0], [( 6 0xC004F009 30 0)( 1 0x00000000)( 6 0xC004F009 30 0)(?)(?)(?)( 10 0x00000000 msft:rm/algorithm/flags/1.0)( 11 0x00000000 0xC004F056)])]
11: 86af9220-9d6f-4575-bef0-619a9a6aa005, 1, 0 [(0 [0xC004F014, 0, 0], [(?)(?)(?)(?)(?)(?)(?)(?)])(1 )(2 )(3 )]
12: 951c0fe6-40a8-4400-8003-eec0686ffbc4, 1, 0 [(0 [0xC004F014, 0, 0], [(?)(?)(?)(?)(?)(?)(?)(?)])(1 )(2 )(3 )]
13: 95820f84-6e8c-4d22-b2ce-54953e9911bc, 1, 0 [(0 [0xC004F014, 0, 0], [(?)(?)(?)(?)(?)(?)(?)(?)])(1 )(2 )(3 )]
14: 96353198-443e-479d-9e80-9a6d72fd1a99, 1, 0 [(0 [0xC004F014, 0, 0], [(?)(?)(?)(?)(?)(?)(?)(?)])(1 )(2 )(3 )]
15: a96f8dae-da54-4fad-bdc6-108da592707a, 1, 0 [(0 [0xC004F014, 0, 0], [(?)(?)(?)(?)(?)(?)(?)(?)])(1 )(2 )(3 )]
16: ae9d158f-9450-4a0c-8c80-dd973c58357c, 1, 0 [(0 [0xC004F014, 0, 0], [(?)(?)(?)(?)(?)(?)(?)(?)])(1 )(2 )(3 )]
17: b4af11be-5f94-4d8f-9844-ce0d5e0d8680, 1, 0 [(0 [0xC004F014, 0, 0], [(?)(?)(?)(?)(?)(?)(?)(?)])(1 )(2 )(3 )]
18: b58a5943-16ea-420f-a611-7b230acd762c, 1, 0 [(0 [0xC004F014, 0, 0], [(?)(?)(?)(?)(?)(?)(?)(?)])(1 )(2 )(3 )]
19: c85fe025-b033-4f41-936b-b121521ba1c1, 1, 0 [(0 [0xC004F014, 0, 0], [(?)(?)(?)(?)(?)(?)(?)(?)])(1 )(2 )(3 )]
20: d7279dd0-e175-49fe-a623-8fc2fc00afc4, 1, 1 [(0 )(1 )(2 )(3 [0x00000000, 0, 0], [( 6 0xC004F009 5 0)( 1 0x00000000)( 6 0xC004F009 5 0)(?)(?)(?)( 10 0x00000000 msft:rm/algorithm/flags/1.0)( 11 0x00000000 0xC004F009)])]
21: fb3540bc-a824-4c79-83da-6f6bd3ac6ccb, 1, 0 [(0 [0xC004F014, 0, 0], [(?)(?)(?)(?)(?)(?)(?)(?)])(1 )(2 )(3 )]

",Software Protection Platform Service,2020-11-13 18:17:35,India,Gujarat,Ahmedabad,380007,Asia/Kolkata,GTPL A. J. Enterprise
355,LAPTOP-1MKMTVPM,Logging/Recovery,Information,"SearchIndexer (9564,U,98) Windows: The database engine has successfully completed recovery steps.",ESENT,2020-11-13 18:17:26,India,Gujarat,Ahmedabad,380007,Asia/Kolkata,GTPL A. J. Enterprise
356,LAPTOP-1MKMTVPM,(0),Information,"The Software Protection service has completed licensing status check.
Application Id=55c92734-d682-4d71-983e-d6ec3f16059f
Licensing Status=
1: 0567073a-7d74-403b-b2d5-6b35da372d8d, 1, 0 [(0 [0xC004F014, 0, 0], [(?)(?)(?)(?)(?)(?)(?)(?)])(1 )(2 )(3 )]
2: 1b750385-9fe2-49a8-ab55-149d0546395b, 1, 0 [(0 [0xC004F014, 0, 0], [(?)(?)(?)(?)(?)(?)(?)(?)])(1 )(2 )(3 )]
3: 1d873132-f09f-4eb2-bf5a-2e4fb48935e8, 1, 0 [(0 [0xC004F014, 0, 0], [(?)(?)(?)(?)(?)(?)(?)(?)])(1 )(2 )(3 )]
4: 2b1f36bb-c1cd-4306-bf5c-a0367c2d97d8, 1, 0 [(0 [0xC004F014, 0, 0], [(?)(?)(?)(?)(?)(?)(?)(?)])(1 )(2 )(3 )]
5: 30d469c6-a78f-4476-b5c8-af78d5b6a5fb, 1, 0 [(0 [0xC004F014, 0, 0], [(?)(?)(?)(?)(?)(?)(?)(?)])(1 )(2 )(3 )]
6: 3ae2cc14-ab2d-41f4-972f-5e20142771dc, 1, 0 [(0 [0xC004F014, 0, 0], [(?)(?)(?)(?)(?)(?)(?)(?)])(1 )(2 )(3 )]
7: 4002e33a-524c-4100-8108-131a0d42c0ea, 1, 0 [(0 [0xC004F014, 0, 0], [(?)(?)(?)(?)(?)(?)(?)(?)])(1 )(2 )(3 )]
8: 411b3d4f-be6d-4a06-baaa-9cabfc256cae, 1, 0 [(0 [0xC004F014, 0, 0], [(?)(?)(?)(?)(?)(?)(?)(?)])(1 )(2 )(3 )]
9: 58e97c99-f377-4ef1-81d5-4ad5522b5fd8, 1, 0 [(0 [0xC004F014, 0, 0], [(?)(?)(?)(?)(?)(?)(?)(?)])(1 )(2 )(3 )]
10: 653098ee-780d-4863-8cf2-d18399ce413b, 1, 0 [(0 [0xC004F014, 0, 0], [(?)(?)(?)(?)(?)(?)(?)(?)])(1 )(2 )(3 )]
11: 71f411ae-7b4b-41bd-b68c-c519c499f950, 1, 0 [(0 [0xC004F014, 0, 0], [(?)(?)(?)(?)(?)(?)(?)(?)])(1 )(2 )(3 )]
12: 74436dbb-cc17-46de-867f-14906ba4a938, 1, 0 [(0 [0xC004F014, 0, 0], [(?)(?)(?)(?)(?)(?)(?)(?)])(1 )(2 )(3 )]
13: 8a292df8-d653-4057-8133-a0701792f912, 1, 0 [(0 [0xC004F014, 0, 0], [(?)(?)(?)(?)(?)(?)(?)(?)])(1 )(2 )(3 )]
14: 8db63db6-4f8f-46d6-a448-66444faaaa72, 1, 0 [(0 [0xC004F014, 0, 0], [(?)(?)(?)(?)(?)(?)(?)(?)])(1 )(2 )(3 )]
15: b0f8a518-2c58-4eb8-9319-084f0eb4ddc4, 1, 0 [(0 [0xC004F014, 0, 0], [(?)(?)(?)(?)(?)(?)(?)(?)])(1 )(2 )(3 )]
16: cd918a57-a41b-4c82-8dce-1a538e221a83, 1, 0 [(0 [0xC004F014, 0, 0], [(?)(?)(?)(?)(?)(?)(?)(?)])(1 )(2 )(3 )]
17: da9621af-f086-4244-b563-18611e51aa1a, 1, 0 [(0 [0xC004F014, 0, 0], [(?)(?)(?)(?)(?)(?)(?)(?)])(1 )(2 )(3 )]
18: e371d89a-73e8-4b24-a7ff-23a3641dd18e, 1, 0 [(0 [0xC004F014, 0, 0], [(?)(?)(?)(?)(?)(?)(?)(?)])(1 )(2 )(3 )]
19: ed799377-74b8-4989-a244-14d082e65972, 1, 1 [(0 )(1 )(2 [0x00000000, 1, 0], [(?)( 1 0x00000000)(?)(?)(?)(?)( 10 0x00000000 msft:rm/algorithm/flags/1.0)(?)])(3 )]

",Software Protection Platform Service,2020-11-13 18:17:14,India,Gujarat,Ahmedabad,380007,Asia/Kolkata,GTPL A. J. Enterprise
357,LAPTOP-1MKMTVPM,(0),Information,Updated Quick Heal AntiVirus Pro status successfully to SECURITY_PRODUCT_STATE_ON.,SecurityCenter,2020-11-13 18:13:42,India,Gujarat,Ahmedabad,380007,Asia/Kolkata,GTPL A. J. Enterprise
358,LAPTOP-1MKMTVPM,(0),Information,"The Software Protection service has completed licensing status check.
Application Id=0ff1ce15-a989-479d-af46-f275c6370663
Licensing Status=
1: d7279dd0-e175-49fe-a623-8fc2fc00afc4, 1, 1 [(0 )(1 )(2 )(3 [0x00000000, 0, 0], [( 6 0xC004F009 5 0)( 1 0x00000000)( 6 0xC004F009 5 0)(?)(?)(?)( 10 0x00000000 msft:rm/algorithm/flags/1.0)( 11 0x00000000 0xC004F009)])]

",Software Protection Platform Service,2020-11-13 18:07:07,India,Gujarat,Ahmedabad,380007,Asia/Kolkata,GTPL A. J. Enterprise
359,LAPTOP-1MKMTVPM,(0),Information,Updated Quick Heal Firewall status successfully to SECURITY_PRODUCT_STATE_ON.,SecurityCenter,2020-11-13 17:36:10,India,Gujarat,Ahmedabad,380007,Asia/Kolkata,GTPL A. J. Enterprise
360,LAPTOP-1MKMTVPM,General,Information,"Video.UI (15612,D,2) {649E60EB-1642-4BB5-B485-C5F763C618F8}: The database [C:\Users\91635\AppData\Local\Packages\Microsoft.ZuneVideo_8wekyb3d8bbwe\LocalState\Database\anonymous\tmp.edb] format version is being held back to 8920 (0x22d8) due to application parameter setting of 0x410022D8 (8920 | JET_efvAllowHigherPersistedFormat). Current default engine version: 9100 (0x238c).",ESENT,2020-11-11 18:01:23,India,Gujarat,Ahmedabad,380007,Asia/Kolkata,GTPL A. J. Enterprise
361,LAPTOP-1MKMTVPM,Logging/Recovery,Information,"Video.UI (15612,R,98) {649E60EB-1642-4BB5-B485-C5F763C618F8}: Replay of a Create for database ""C:\Users\91635\AppData\Local\Packages\Microsoft.ZuneVideo_8wekyb3d8bbwe\LocalState\Database\anonymous\EntClientDb.edb"" at log position (00000001,0001,0268) was deferred due to AttachFuture.  Additional information:",ESENT,2020-11-11 18:01:23,India,Gujarat,Ahmedabad,380007,Asia/Kolkata,GTPL A. J. Enterprise
362,LAPTOP-1MKMTVPM,(0),Information,Updated Quick Heal AntiVirus Pro status successfully to SECURITY_PRODUCT_STATE_ON.,SecurityCenter,2020-11-11 18:00:34,India,Gujarat,Ahmedabad,380007,Asia/Kolkata,GTPL A. J. Enterprise
363,LAPTOP-1MKMTVPM,(0),Information,"The description for Event ID '0' in Source 'Firefox Default Browser Agent' cannot be found.  The local computer may not have the necessary registry information or message DLL files to display the message, or you may not have permission to access them.  The following information is part of the event:'INFO - Using HTTP backend wininet.dll'",Firefox Default Browser Agent,2020-11-10 06:38:19,India,Gujarat,Ahmedabad,380007,Asia/Kolkata,GTPL A. J. Enterprise
364,LAPTOP-1MKMTVPM,General,Information,"Video.UI (1692,D,50) {A5A2ABB0-317D-4C52-8F2B-FBCA2D1122AE}: The log format feature version 8940 (0x22ec - 8.6.20) could not be used due to the current log format 8.5.16, controlled by the parameter 0x410022D8 (8920 | JET_efvAllowHigherPersistedFormat).",ESENT,2020-11-10 15:49:58,India,Gujarat,Ahmedabad,380007,Asia/Kolkata,GTPL A. J. Enterprise
365,LAPTOP-1MKMTVPM,Logging/Recovery,Information,"Video.UI (1692,R,98) {A5A2ABB0-317D-4C52-8F2B-FBCA2D1122AE}: The database engine has finished replaying logfile C:\Users\91635\AppData\Local\Packages\Microsoft.ZuneVideo_8wekyb3d8bbwe\LocalState\Database\anonymous\edb.log.



Processing Stats: 
[1] 0.082500 -0.032774 (24) WT +J(CM:0, PgRf:0, Rd:0/0, Dy:0/0, Lg:1488128/5520) +M(C:0K, Fs:7421, WS:6388K # 6388K, PF:1824K # 1828K, P:1824K).

Log record of type 'Insert   ' was seen most frequently (1873 times)",ESENT,2020-11-10 15:49:58,India,Gujarat,Ahmedabad,380007,Asia/Kolkata,GTPL A. J. Enterprise
366,LAPTOP-1MKMTVPM,(0),Information,"The description for Event ID '0' in Source 'igfxCUIService2.0.0.0' cannot be found.  The local computer may not have the necessary registry information or message DLL files to display the message, or you may not have permission to access them.  The following information is part of the event:'Log on event received User1
'",igfxCUIService2.0.0.0,2020-11-10 15:49:00,India,Gujarat,Ahmedabad,380007,Asia/Kolkata,GTPL A. J. Enterprise
367,LAPTOP-1MKMTVPM,General,Information,"SearchIndexer (12300,D,50) Windows: The database engine attached a database (1, C:\ProgramData\Microsoft\Search\Data\Applications\Windows\Windows.edb). (Time=0 seconds)



Saved Cache: 0 0

Additional Data: lgposAttach = 00000023:0053:0268,
dbv = 1568.20.0



Internal Timing Sequence: 
[1] 0.000003 +J(0) +M(C:0K, Fs:1, WS:4K # 0K, PF:0K # 0K, P:0K)
[2] 0.000270 +J(0) +M(C:0K, Fs:25, WS:36K # 0K, PF:32K # 0K, P:32K)
[3] 0.010161 -0.000988 (5) WT +J(CM:0, PgRf:0, Rd:0/0, Dy:0/0, Lg:3480/2) +M(C:0K, Fs:42, WS:124K # 0K, PF:148K # 0K, P:148K)
[4] 0.000130 +J(0)
[5] -
[6] -
[7] -
[8] 0.002047 -0.000960 (2) CM +J(CM:2, PgRf:2, Rd:14/2, Dy:0/0, Lg:0/0) +M(C:0K, Fs:57, WS:228K # 0K, PF:660K # 0K, P:660K)
[9] 0.009590 -0.000557 (5) CM -0.008864 (1) WT +J(CM:5, PgRf:23, Rd:0/5, Dy:0/0, Lg:0/0) +M(C:0K, Fs:68, WS:268K # 0K, PF:260K # 144K, P:260K)
[10] 0.000591 -0.000510 (1) CM +J(CM:1, PgRf:40, Rd:0/1, Dy:0/0, Lg:0/0) +M(C:0K, Fs:11, WS:44K # 40K, PF:96K # 96K, P:96K)
[11] 0.000011 +J(CM:0, PgRf:1, Rd:0/0, Dy:0/0, Lg:0/0) +M(C:0K, Fs:4, WS:16K # 16K, PF:0K # 0K, P:0K)
[12] 0.000030 +J(CM:0, PgRf:42, Rd:0/0, Dy:0/0, Lg:0/0) +M(C:0K, Fs:3, WS:12K # 12K, PF:0K # 0K, P:0K)
[13] 0.0 +J(0)
[14] 0.0 +J(0)
[15] 0.000003 +J(CM:0, PgRf:1, Rd:0/0, Dy:0/0, Lg:0/0).",ESENT,2020-11-09 15:53:08,India,Gujarat,Ahmedabad,380007,Asia/Kolkata,GTPL A. J. Enterprise
368,LAPTOP-1MKMTVPM,(0),Information,Service stopped.,edgeupdate,2020-11-09 15:33:37,India,Gujarat,Ahmedabad,380007,Asia/Kolkata,GTPL A. J. Enterprise
369,LAPTOP-1MKMTVPM,Logging/Recovery,Error,"svchost (3904,R,98) TILEREPOSITORYS-1-5-18: Error -1023 (0xfffffc01) occurred while opening logfile C:\WINDOWS\system32\config\systemprofile\AppData\Local\TileDataLayer\Database\EDB.log.",ESENT,2020-11-07 06:38:17,India,Gujarat,Ahmedabad,380007,Asia/Kolkata,GTPL A. J. Enterprise
370,LAPTOP-1MKMTVPM,(0),0,Voice Activation - Big Buffer Capture Supported,SpeechRuntime,2020-11-07 17:42:19,India,Gujarat,Ahmedabad,380007,Asia/Kolkata,GTPL A. J. Enterprise
371,LAPTOP-1MKMTVPM,(0),Information,Successfully scheduled Software Protection service for re-start at 2020-11-07T08:29:47Z. Reason: RulesEngine.,Software Protection Platform Service,2020-11-07 17:34:47,India,Gujarat,Ahmedabad,380007,Asia/Kolkata,GTPL A. J. Enterprise
372,LAPTOP-1MKMTVPM,(0),Warning,"The rules engine reported a failed VL activation attempt.
Reason:0x8007007B
AppId = 0ff1ce15-a989-479d-af46-f275c6370663, SkuId = 85dd8b5f-eaa4-4af3-a628-cce9e77c9a03
Trigger=NetworkAvailable",Software Protection Platform Service,2020-11-07 17:30:18,India,Gujarat,Ahmedabad,380007,Asia/Kolkata,GTPL A. J. Enterprise
373,LAPTOP-1MKMTVPM,(0),Information,Updated Quick Heal Firewall status successfully to SECURITY_PRODUCT_STATE_ON.,SecurityCenter,2020-11-06 17:49:08,India,Gujarat,Ahmedabad,380007,Asia/Kolkata,GTPL A. J. Enterprise
374,LAPTOP-1MKMTVPM,Logging/Recovery,Information,"Video.UI (1572,U,98) {4388FFF2-EF10-41A4-9256-507F9716D352}: The database engine has successfully completed recovery steps.",ESENT,2020-11-06 17:36:54,India,Gujarat,Ahmedabad,380007,Asia/Kolkata,GTPL A. J. Enterprise
375,LAPTOP-1MKMTVPM,Logging/Recovery,Information,"Video.UI (1572,R,98) {4388FFF2-EF10-41A4-9256-507F9716D352}: Replay of a Create for database ""C:\Users\91635\AppData\Local\Packages\Microsoft.ZuneVideo_8wekyb3d8bbwe\LocalState\Database\anonymous\EntClientDb.edb"" at log position (00000001,0001,0268) was deferred due to AttachFuture.  Additional information:",ESENT,2020-11-06 17:36:54,India,Gujarat,Ahmedabad,380007,Asia/Kolkata,GTPL A. J. Enterprise
376,LAPTOP-1MKMTVPM,Logging/Recovery,Error,"svchost (2080,R,98) TILEREPOSITORYS-1-5-18: Error -1023 (0xfffffc01) occurred while opening logfile C:\WINDOWS\system32\config\systemprofile\AppData\Local\TileDataLayer\Database\EDB.log.",ESENT,2020-11-05 15:50:16,India,Gujarat,Ahmedabad,380007,Asia/Kolkata,GTPL A. J. Enterprise
377,LAPTOP-1MKMTVPM,Logging/Recovery,Information,"Video.UI (4024,R,98) {89354413-C497-4F5A-94CA-F92D29D28BA5}: The database engine is initiating recovery steps.",ESENT,2020-11-05 15:32:58,India,Gujarat,Ahmedabad,380007,Asia/Kolkata,GTPL A. J. Enterprise
378,LAPTOP-1MKMTVPM,(0),Information,Successfully scheduled Software Protection service for re-start at 2020-11-13T09:21:48Z. Reason: RulesEngine.,Software Protection Platform Service,2020-11-13 18:27:48,India,Gujarat,Ahmedabad,380007,Asia/Kolkata,GTPL A. J. Enterprise
379,LAPTOP-1MKMTVPM,(0),Information,Successfully scheduled Software Protection service for re-start at 2020-11-13T09:21:41Z. Reason: RulesEngine.,Software Protection Platform Service,2020-11-13 18:23:41,India,Gujarat,Ahmedabad,380007,Asia/Kolkata,GTPL A. J. Enterprise
380,LAPTOP-1MKMTVPM,General,Information,"Video.UI (12528,D,2) {23ED0C5A-0486-45B5-A047-10FEE19AF701}: The database [C:\Users\91635\AppData\Local\Packages\Microsoft.ZuneVideo_8wekyb3d8bbwe\LocalState\Database\anonymous\tmp.edb] format version is being held back to 8920 (0x22d8) due to application parameter setting of 0x410022D8 (8920 | JET_efvAllowHigherPersistedFormat). Current default engine version: 9100 (0x238c).",ESENT,2020-11-13 18:18:30,India,Gujarat,Ahmedabad,380007,Asia/Kolkata,GTPL A. J. Enterprise
381,LAPTOP-1MKMTVPM,Logging/Recovery,Information,"Video.UI (12528,R,98) {23ED0C5A-0486-45B5-A047-10FEE19AF701}: The database engine is initiating recovery steps.",ESENT,2020-11-13 18:18:29,India,Gujarat,Ahmedabad,380007,Asia/Kolkata,GTPL A. J. Enterprise
382,LAPTOP-1MKMTVPM,(0),Information,Successfully scheduled Software Protection service for re-start at 2020-11-13T08:36:05Z. Reason: RulesEngine.,Software Protection Platform Service,2020-11-13 18:07:05,India,Gujarat,Ahmedabad,380007,Asia/Kolkata,GTPL A. J. Enterprise
383,LAPTOP-1MKMTVPM,General,Information,"Video.UI (14208,D,50) {7F8F40F8-24AE-421E-BE1E-57AF570860FB}: The database [C:\Users\91635\AppData\Local\Packages\Microsoft.ZuneVideo_8wekyb3d8bbwe\LocalState\Database\anonymous\EntClientDb.edb] format version is being held back to 8920 (0x22d8) due to application parameter setting of 0x410022D8 (8920 | JET_efvAllowHigherPersistedFormat). Current default engine version: 9100 (0x238c).",ESENT,2020-11-13 17:37:34,India,Gujarat,Ahmedabad,380007,Asia/Kolkata,GTPL A. J. Enterprise
384,LAPTOP-1MKMTVPM,(0),Information,"The description for Event ID '0' in Source 'igfxCUIService2.0.0.0' cannot be found.  The local computer may not have the necessary registry information or message DLL files to display the message, or you may not have permission to access them.  The following information is part of the event:'Log on event received User1
'",igfxCUIService2.0.0.0,2020-11-13 17:36:10,India,Gujarat,Ahmedabad,380007,Asia/Kolkata,GTPL A. J. Enterprise
385,LAPTOP-1MKMTVPM,(0),Information,Offline downlevel migration succeeded.,Software Protection Platform Service,2020-11-10 15:50:01,India,Gujarat,Ahmedabad,380007,Asia/Kolkata,GTPL A. J. Enterprise
386,LAPTOP-1MKMTVPM,(0),Information,"The description for Event ID '0' in Source 'igfxCUIService2.0.0.0' cannot be found.  The local computer may not have the necessary registry information or message DLL files to display the message, or you may not have permission to access them.  The following information is part of the event:'Received Post Shell Event 13
'",igfxCUIService2.0.0.0,2020-11-10 15:49:00,India,Gujarat,Ahmedabad,380007,Asia/Kolkata,GTPL A. J. Enterprise
387,LAPTOP-1MKMTVPM,(0),Information,"The description for Event ID '1' in Source 'iBtSiva' cannot be found.  The local computer may not have the necessary registry information or message DLL files to display the message, or you may not have permission to access them.  The following information is part of the event:'iBtSiva', 'Siva worker starting'",iBtSiva,2020-11-10 15:48:59,India,Gujarat,Ahmedabad,380007,Asia/Kolkata,GTPL A. J. Enterprise
388,LAPTOP-1MKMTVPM,General,Information,"SearchIndexer (9472,T,97) Windows: The database engine stopped the instance (0).



Dirty Shutdown: 0



Internal Timing Sequence: 
[1] 0.000002 +J(0) +M(C:0K, Fs:1, WS:4K # 0K, PF:0K # 0K, P:0K)
[2] 0.000004 +J(0) +M(C:0K, Fs:1, WS:4K # 0K, PF:0K # 0K, P:0K)
[3] 0.003017 -0.002087 (5) CM +J(CM:5, PgRf:93, Rd:0/5, Dy:5/165, Lg:14939/119) +M(C:0K, Fs:58, WS:232K # 0K, PF:204K # 0K, P:204K)
[4] 0.000002 +J(0)
[5] 0.019489 -0.000006 (52) CM -0.006427 (9) WT +J(CM:52, PgRf:0, Rd:0/52, Dy:0/0, Lg:0/0) +M(C:0K, Fs:278, WS:120K # 0K, PF:0K # 0K, P:0K)
[6] 0.000609 +J(0) +M(C:0K, Fs:2, WS:-3100K # 0K, PF:-3808K # 0K, P:-3808K)
[7] 0.000007 +J(0)
[8] 0.004185 -0.002370 (12) WT +J(CM:0, PgRf:0, Rd:0/0, Dy:0/0, Lg:2745/2) +M(C:0K, Fs:31, WS:-40K # 0K, PF:128K # 0K, P:128K)
[9] 0.000198 -0.000178 (1) WT +J(CM:0, PgRf:0, Rd:0/0, Dy:0/0, Lg:66/1) +M(C:0K, Fs:2, WS:8K # 0K, PF:20K # 0K, P:20K)
[10] 0.000001 +J(0)
[11] 0.000944 -0.000358 (2) WT +J(0)
[12] 0.000050 +J(0) +M(C:0K, Fs:26, WS:100K # 0K, PF:-4K # 0K, P:-4K)
[13] 0.000203 +J(0)
[14] 0.000037 +J(0) +M(C:0K, Fs:0, WS:-260K # 0K, PF:-280K # 0K, P:-280K)
[15] 0.000002 +J(0).",ESENT,2020-11-09 15:53:03,India,Gujarat,Ahmedabad,380007,Asia/Kolkata,GTPL A. J. Enterprise
389,LAPTOP-1MKMTVPM,(0),Information,"The description for Event ID '0' in Source 'igfxCUIService2.0.0.0' cannot be found.  The local computer may not have the necessary registry information or message DLL files to display the message, or you may not have permission to access them.  The following information is part of the event:'Logon: 12
'",igfxCUIService2.0.0.0,2020-11-09 15:33:30,India,Gujarat,Ahmedabad,380007,Asia/Kolkata,GTPL A. J. Enterprise
390,LAPTOP-1MKMTVPM,Logging/Recovery,Error,"svchost (8396,R,98) TILEREPOSITORYS-1-5-18: Error -1023 (0xfffffc01) occurred while opening logfile C:\WINDOWS\system32\config\systemprofile\AppData\Local\TileDataLayer\Database\EDB.log.",ESENT,2020-11-07 18:21:01,India,Gujarat,Ahmedabad,380007,Asia/Kolkata,GTPL A. J. Enterprise
391,LAPTOP-1MKMTVPM,(0),Information,"Fault bucket 1700783336351927428, type 5
Event Name: StoreAgentDownloadFailure1
Response: Not available
Cab Id: 0

Problem signature:
P1: Update;ScanForUpdates
P2: 80248007
P3: 18363
P4: 1139
P5: Windows.Desktop
P6: J
P7: 
P8: 
P9: 
P10: 

Attached files:
\\?\C:\WINDOWS\TEMP\FailureReportMetadata_18764.txt
\\?\C:\ProgramData\Microsoft\Windows\WER\Temp\WERF806.tmp.WERInternalMetadata.xml
\\?\C:\ProgramData\Microsoft\Windows\WER\Temp\WERF826.tmp.xml
\\?\C:\ProgramData\Microsoft\Windows\WER\Temp\WERF864.tmp.csv
\\?\C:\ProgramData\Microsoft\Windows\WER\Temp\WERF8A3.tmp.txt

These files may be available here:
\\?\C:\ProgramData\Microsoft\Windows\WER\ReportArchive\NonCritical_Update;ScanForUp_7e2588b12ad36c496c62598ca3bae7e5781ced64_00000000_a2e2ec49-ff4b-4271-97ad-c6a61af332b9

Analysis symbol: 
Rechecking for solution: 0
Report Id: a2e2ec49-ff4b-4271-97ad-c6a61af332b9
Report Status: 268435456
Hashed bucket: 46d763a7aace981e279a656eeb290c84
Cab Guid: 0",Windows Error Reporting,2020-11-07 17:33:31,India,Gujarat,Ahmedabad,380007,Asia/Kolkata,GTPL A. J. Enterprise
392,LAPTOP-1MKMTVPM,(0),Information,"The description for Event ID '0' in Source 'gupdate' cannot be found.  The local computer may not have the necessary registry information or message DLL files to display the message, or you may not have permission to access them.  The following information is part of the event:'Service stopped'",gupdate,2020-11-07 17:31:04,India,Gujarat,Ahmedabad,380007,Asia/Kolkata,GTPL A. J. Enterprise
393,LAPTOP-1MKMTVPM,(0),Warning,"The rules engine reported a failed VL activation attempt.
Reason:0x8007007B
AppId = 0ff1ce15-a989-479d-af46-f275c6370663, SkuId = 85dd8b5f-eaa4-4af3-a628-cce9e77c9a03
Trigger=NetworkAvailable",Software Protection Platform Service,2020-11-07 17:30:25,India,Gujarat,Ahmedabad,380007,Asia/Kolkata,GTPL A. J. Enterprise
394,LAPTOP-1MKMTVPM,General,Information,"Video.UI (1572,D,50) {4388FFF2-EF10-41A4-9256-507F9716D352}: The database [C:\Users\91635\AppData\Local\Packages\Microsoft.ZuneVideo_8wekyb3d8bbwe\LocalState\Database\anonymous\EntClientDb.edb] format version is being held back to 8920 (0x22d8) due to application parameter setting of 0x410022D8 (8920 | JET_efvAllowHigherPersistedFormat). Current default engine version: 9100 (0x238c).",ESENT,2020-11-06 17:36:54,India,Gujarat,Ahmedabad,380007,Asia/Kolkata,GTPL A. J. Enterprise
395,LAPTOP-1MKMTVPM,General,Information,"Video.UI (6804,D,2) {92ACD244-89D5-48AF-85B5-5B3631DCFC7B}: The database [C:\Users\91635\AppData\Local\Packages\Microsoft.ZuneVideo_8wekyb3d8bbwe\LocalState\Database\anonymous\tmp.edb] format version is being held back to 8920 (0x22d8) due to application parameter setting of 0x410022D8 (8920 | JET_efvAllowHigherPersistedFormat). Current default engine version: 9100 (0x238c).",ESENT,2020-11-05 15:59:02,India,Gujarat,Ahmedabad,380007,Asia/Kolkata,GTPL A. J. Enterprise
396,LAPTOP-1MKMTVPM,Logging/Recovery,Information,"Video.UI (6804,R,98) {92ACD244-89D5-48AF-85B5-5B3631DCFC7B}: The database engine is initiating recovery steps.",ESENT,2020-11-05 15:59:02,India,Gujarat,Ahmedabad,380007,Asia/Kolkata,GTPL A. J. Enterprise
397,LAPTOP-1MKMTVPM,General,Information,"Video.UI (8664,D,0) {C03C4D6F-050B-4525-B0C6-4AED816B936F}: The database engine started a new instance (0). (Time=0 seconds)



Additional Data:

lgposV2[] = 00000001:0153:0000 - 00000001:0157:002B - 00000001:0158:0000 - 00000001:0158:0000 (00000000:0000:0000)
cReInits = 69




Internal Timing Sequence: 
[1] 0.000994 +J(0) +M(C:0K, Fs:444, WS:1748K # 1748K, PF:2772K # 2772K, P:2772K)
[2] 0.000624 +J(0) +M(C:0K, Fs:278, WS:1096K # 1096K, PF:296K # 360K, P:296K)
[3] 0.000020 +J(0) +M(C:0K, Fs:7, WS:28K # 28K, PF:64K # 0K, P:64K)
[4] 0.000187 +J(0) +M(C:0K, Fs:75, WS:296K # 296K, PF:160K # 160K, P:160K)
[5] 0.002220 +J(0) +M(C:0K, Fs:364, WS:1456K # 1456K, PF:144K # 144K, P:144K)
[6] 0.001832 +J(0) +M(C:0K, Fs:306, WS:1224K # 1224K, PF:268K # 268K, P:268K)
[7] 0.001897 -0.000005 (5) WT +J(0) +M(C:0K, Fs:829, WS:3204K # 3204K, PF:2052K # 2144K, P:2052K)
[8] 0.060500 -0.000906 (72) WT +J(CM:0, PgRf:0, Rd:0/0, Dy:0/0, Lg:1390784/5460) +M(C:0K, Fs:7531, WS:10308K # 10316K, PF:3788K # 3704K, P:3788K)
[9] 0.000445 +J(0) +M(C:0K, Fs:8, WS:32K # 24K, PF:0K # 0K, P:0K)
[10] 0.001770 -0.000007 (7) WT +J(0) +M(C:0K, Fs:62, WS:-1796K # 248K, PF:-2036K # 0K, P:-2036K)
[11] 0.000027 +J(CM:0, PgRf:0, Rd:0/0, Dy:0/0, Lg:49/1) +M(C:0K, Fs:2, WS:8K # 0K, PF:0K # 0K, P:0K)
[12] 0.003133 -0.003086 (1) WT +J(0) +M(C:0K, Fs:84, WS:332K # 0K, PF:20K # 0K, P:20K)
[13] 0.041043 -0.000271 (2) CM -0.026304 (22) WT +J(CM:2, PgRf:2, Rd:0/2, Dy:0/0, Lg:8759/5) +M(C:0K, Fs:1780, WS:4384K # 4624K, PF:560K # 580K, P:560K)
[14] 0.000019 +J(0) +M(C:0K, Fs:1, WS:4K # 0K, PF:4K # 0K, P:4K)
[15] 0.000009 +J(0) +M(C:0K, Fs:1, WS:4K # 0K, PF:4K # 0K, P:4K)
[16] 0.000153 -0.000001 (1) WT +J(0) +M(C:0K, Fs:3, WS:4K # 0K, PF:4K # 0K, P:4K).",ESENT,2020-11-05 15:28:30,India,Gujarat,Ahmedabad,380007,Asia/Kolkata,GTPL A. J. Enterprise
398,LAPTOP-1MKMTVPM,Logging/Recovery,Information,"Video.UI (8664,R,98) {C03C4D6F-050B-4525-B0C6-4AED816B936F}: Replay of a Create for database ""C:\Users\91635\AppData\Local\Packages\Microsoft.ZuneVideo_8wekyb3d8bbwe\LocalState\Database\anonymous\EntClientDb.edb"" at log position (00000001,0001,0268) was deferred due to AttachFuture.  Additional information:",ESENT,2020-11-05 15:28:30,India,Gujarat,Ahmedabad,380007,Asia/Kolkata,GTPL A. J. Enterprise
399,LAPTOP-1MKMTVPM,(0),Information,"The Software Protection service has completed licensing status check.
Application Id=0ff1ce15-a989-479d-af46-f275c6370663
Licensing Status=
1: 85dd8b5f-eaa4-4af3-a628-cce9e77c9a03, 1, 1 [(0 [0xC004E003, 0, 0], [( 2 0xC004F056 0 0 msft:rm/algorithm/volume/1.0 0x00000000 0)( 1 0x00000000)(?)( 2 0xC004F056 0 0 msft:rm/algorithm/volume/1.0 0x00000000 0)(?)(?)(?)(?)])(1 )(2 )(3 [0x00000000, 0, 0], [( 6 0xC004F009 30 0)( 1 0x00000000)( 6 0xC004F009 30 0)(?)(?)(?)( 10 0x00000000 msft:rm/algorithm/flags/1.0)( 11 0x00000000 0xC004F056)])]

",Software Protection Platform Service,2020-11-13 18:27:11,India,Gujarat,Ahmedabad,380007,Asia/Kolkata,GTPL A. J. Enterprise
400,LAPTOP-1MKMTVPM,(0),Information,Offline downlevel migration succeeded.,Software Protection Platform Service,2020-11-13 18:27:10,India,Gujarat,Ahmedabad,380007,Asia/Kolkata,GTPL A. J. Enterprise
401,LAPTOP-1MKMTVPM,(0),0,"The Software Protection service has stopped.
",Software Protection Platform Service,2020-11-13 18:23:41,India,Gujarat,Ahmedabad,380007,Asia/Kolkata,GTPL A. J. Enterprise
402,LAPTOP-1MKMTVPM,Logging/Recovery,Error,"svchost (6488,R,98) TILEREPOSITORYS-1-5-18: Error -1023 (0xfffffc01) occurred while opening logfile C:\WINDOWS\system32\config\systemprofile\AppData\Local\TileDataLayer\Database\EDB.log.",ESENT,2020-11-13 18:12:22,India,Gujarat,Ahmedabad,380007,Asia/Kolkata,GTPL A. J. Enterprise
403,LAPTOP-1MKMTVPM,(0),Information,Offline downlevel migration succeeded.,Software Protection Platform Service,2020-11-13 18:06:31,India,Gujarat,Ahmedabad,380007,Asia/Kolkata,GTPL A. J. Enterprise
404,LAPTOP-1MKMTVPM,(0),Information,Successfully scheduled Software Protection service for re-start at 2020-11-13T08:35:32Z. Reason: RulesEngine.,Software Protection Platform Service,2020-11-13 17:40:32,India,Gujarat,Ahmedabad,380007,Asia/Kolkata,GTPL A. J. Enterprise
405,LAPTOP-1MKMTVPM,(0),Information,"The description for Event ID '0' in Source 'Firefox Default Browser Agent' cannot be found.  The local computer may not have the necessary registry information or message DLL files to display the message, or you may not have permission to access them.  The following information is part of the event:'INFO - Using remote settings URL: https://firefox.settings.services.mozilla.com/v1/buckets/main/collections/windows-default-browser-agent/records/state'",Firefox Default Browser Agent,2020-11-13 17:39:08,India,Gujarat,Ahmedabad,380007,Asia/Kolkata,GTPL A. J. Enterprise
406,LAPTOP-1MKMTVPM,General,Information,"Video.UI (14208,D,50) {7F8F40F8-24AE-421E-BE1E-57AF570860FB}: The log format feature version 8940 (0x22ec - 8.6.20) could not be used due to the current log format 8.5.16, controlled by the parameter 0x410022D8 (8920 | JET_efvAllowHigherPersistedFormat).",ESENT,2020-11-13 17:37:34,India,Gujarat,Ahmedabad,380007,Asia/Kolkata,GTPL A. J. Enterprise
407,LAPTOP-1MKMTVPM,Logging/Recovery,Information,"Video.UI (14208,R,98) {7F8F40F8-24AE-421E-BE1E-57AF570860FB}: The database engine has finished replaying logfile C:\Users\91635\AppData\Local\Packages\Microsoft.ZuneVideo_8wekyb3d8bbwe\LocalState\Database\anonymous\edb.log.



Processing Stats: 
[1] 0.076580 -0.014376 (30) WT +J(CM:0, PgRf:0, Rd:0/0, Dy:0/0, Lg:1512464/5536) +M(C:0K, Fs:6529, WS:2340K # 2340K, PF:900K # 908K, P:900K).

Log record of type 'Insert   ' was seen most frequently (1873 times)",ESENT,2020-11-13 17:37:34,India,Gujarat,Ahmedabad,380007,Asia/Kolkata,GTPL A. J. Enterprise
408,LAPTOP-1MKMTVPM,(0),Information,Successfully scheduled Software Protection service for re-start at 2020-11-13T08:35:55Z. Reason: RulesEngine.,Software Protection Platform Service,2020-11-13 17:36:55,India,Gujarat,Ahmedabad,380007,Asia/Kolkata,GTPL A. J. Enterprise
409,LAPTOP-1MKMTVPM,(0),Warning,"The rules engine reported a failed VL activation attempt.
Reason:0x8007007B
AppId = 0ff1ce15-a989-479d-af46-f275c6370663, SkuId = 85dd8b5f-eaa4-4af3-a628-cce9e77c9a03
Trigger=NetworkAvailable",Software Protection Platform Service,2020-11-13 17:36:17,India,Gujarat,Ahmedabad,380007,Asia/Kolkata,GTPL A. J. Enterprise
410,LAPTOP-1MKMTVPM,General,Information,"Video.UI (15612,D,50) {649E60EB-1642-4BB5-B485-C5F763C618F8}: The database [C:\Users\91635\AppData\Local\Packages\Microsoft.ZuneVideo_8wekyb3d8bbwe\LocalState\Database\anonymous\EntClientDb.edb] format version is being held back to 8920 (0x22d8) due to application parameter setting of 0x410022D8 (8920 | JET_efvAllowHigherPersistedFormat). Current default engine version: 9100 (0x238c).",ESENT,2020-11-11 18:01:23,India,Gujarat,Ahmedabad,380007,Asia/Kolkata,GTPL A. J. Enterprise
411,LAPTOP-1MKMTVPM,(0),Information,"The description for Event ID '0' in Source 'igfxCUIService2.0.0.0' cannot be found.  The local computer may not have the necessary registry information or message DLL files to display the message, or you may not have permission to access them.  The following information is part of the event:'Received Post Shell Event 14
'",igfxCUIService2.0.0.0,2020-11-11 18:00:34,India,Gujarat,Ahmedabad,380007,Asia/Kolkata,GTPL A. J. Enterprise
412,LAPTOP-1MKMTVPM,(0),Information,Successfully scheduled Software Protection service for re-start at 2020-11-10T06:48:39Z. Reason: RulesEngine.,Software Protection Platform Service,2020-11-10 15:50:39,India,Gujarat,Ahmedabad,380007,Asia/Kolkata,GTPL A. J. Enterprise
413,LAPTOP-1MKMTVPM,(0),Information,Successfully scheduled Software Protection service for re-start at 2020-11-10T06:48:42Z. Reason: RulesEngine.,Software Protection Platform Service,2020-11-10 15:49:42,India,Gujarat,Ahmedabad,380007,Asia/Kolkata,GTPL A. J. Enterprise
414,LAPTOP-1MKMTVPM,(0),Information,Updated Quick Heal Firewall status successfully to SECURITY_PRODUCT_STATE_ON.,SecurityCenter,2020-11-10 15:49:01,India,Gujarat,Ahmedabad,380007,Asia/Kolkata,GTPL A. J. Enterprise
415,LAPTOP-1MKMTVPM,(0),Information,Scoping started for shadowcopy \\?\GLOBALROOT\Device\HarddiskVolumeShadowCopy3.,Microsoft-Windows-System-Restore,2020-11-09 16:41:27,India,Gujarat,Ahmedabad,380007,Asia/Kolkata,GTPL A. J. Enterprise
416,LAPTOP-1MKMTVPM,(0),Information,Successfully scheduled Software Protection service for re-start at 2020-11-09T18:32:58Z. Reason: RulesEngine.,Software Protection Platform Service,2020-11-09 16:39:58,India,Gujarat,Ahmedabad,380007,Asia/Kolkata,GTPL A. J. Enterprise
417,LAPTOP-1MKMTVPM,(0),Information,"Product: Adobe Acrobat Reader DC - Update 'Adobe Acrobat Reader DC
 (20.013.20064)' installed successfully.",MsiInstaller,2020-11-09 15:53:19,India,Gujarat,Ahmedabad,380007,Asia/Kolkata,GTPL A. J. Enterprise
418,LAPTOP-1MKMTVPM,General,Information,"Video.UI (12736,D,50) {52AF5C13-1A90-4D1E-8BA3-FE884F12D466}: The database [C:\Users\91635\AppData\Local\Packages\Microsoft.ZuneVideo_8wekyb3d8bbwe\LocalState\Database\anonymous\EntClientDb.edb] format version is being held back to 8920 (0x22d8) due to application parameter setting of 0x410022D8 (8920 | JET_efvAllowHigherPersistedFormat). Current default engine version: 9100 (0x238c).",ESENT,2020-11-09 15:39:28,India,Gujarat,Ahmedabad,380007,Asia/Kolkata,GTPL A. J. Enterprise
419,LAPTOP-1MKMTVPM,(0),Information,"The description for Event ID '0' in Source 'igfxCUIService2.0.0.0' cannot be found.  The local computer may not have the necessary registry information or message DLL files to display the message, or you may not have permission to access them.  The following information is part of the event:'Received Post Shell Event 12
'",igfxCUIService2.0.0.0,2020-11-09 15:33:30,India,Gujarat,Ahmedabad,380007,Asia/Kolkata,GTPL A. J. Enterprise
420,LAPTOP-1MKMTVPM,(0),Information,"The description for Event ID '0' in Source 'igfxCUIService2.0.0.0' cannot be found.  The local computer may not have the necessary registry information or message DLL files to display the message, or you may not have permission to access them.  The following information is part of the event:' Logoff: 11
'",igfxCUIService2.0.0.0,2020-11-07 08:20:22,India,Gujarat,Ahmedabad,380007,Asia/Kolkata,GTPL A. J. Enterprise
421,LAPTOP-1MKMTVPM,Logging/Recovery,Error,"svchost (10444,R,98) TILEREPOSITORYS-1-5-18: Error -1023 (0xfffffc01) occurred while opening logfile C:\WINDOWS\system32\config\systemprofile\AppData\Local\TileDataLayer\Database\EDB.log.",ESENT,2020-11-07 17:43:29,India,Gujarat,Ahmedabad,380007,Asia/Kolkata,GTPL A. J. Enterprise
422,LAPTOP-1MKMTVPM,(0),Information,"Fault bucket , type 0
Event Name: StoreAgentDownloadFailure1
Response: Not available
Cab Id: 0

Problem signature:
P1: Update;ScanForUpdates
P2: 80248007
P3: 18363
P4: 1139
P5: Windows.Desktop
P6: J
P7: 
P8: 
P9: 
P10: 

Attached files:
\\?\C:\WINDOWS\TEMP\FailureReportMetadata_18764.txt
\\?\C:\ProgramData\Microsoft\Windows\WER\Temp\WERF806.tmp.WERInternalMetadata.xml
\\?\C:\ProgramData\Microsoft\Windows\WER\Temp\WERF826.tmp.xml
\\?\C:\ProgramData\Microsoft\Windows\WER\Temp\WERF864.tmp.csv
\\?\C:\ProgramData\Microsoft\Windows\WER\Temp\WERF8A3.tmp.txt

These files may be available here:
\\?\C:\ProgramData\Microsoft\Windows\WER\ReportQueue\NonCritical_Update;ScanForUp_7e2588b12ad36c496c62598ca3bae7e5781ced64_00000000_cab_a2e2ec49-ff4b-4271-97ad-c6a61af332b9

Analysis symbol: 
Rechecking for solution: 0
Report Id: a2e2ec49-ff4b-4271-97ad-c6a61af332b9
Report Status: 4
Hashed bucket: 
Cab Guid: 0",Windows Error Reporting,2020-11-07 17:33:29,India,Gujarat,Ahmedabad,380007,Asia/Kolkata,GTPL A. J. Enterprise
423,LAPTOP-1MKMTVPM,(0),0,Voice Activation - Big Buffer Capture Supported,SpeechRuntime,2020-11-05 15:21:30,India,Gujarat,Ahmedabad,380007,Asia/Kolkata,GTPL A. J. Enterprise
424,LAPTOP-1MKMTVPM,(0),Information,"The Software Protection service has completed licensing status check.
Application Id=0ff1ce15-a989-479d-af46-f275c6370663
Licensing Status=
1: d7279dd0-e175-49fe-a623-8fc2fc00afc4, 1, 1 [(0 )(1 )(2 )(3 [0x00000000, 0, 0], [( 6 0xC004F009 5 0)( 1 0x00000000)( 6 0xC004F009 5 0)(?)(?)(?)( 10 0x00000000 msft:rm/algorithm/flags/1.0)( 11 0x00000000 0xC004F009)])]

",Software Protection Platform Service,2020-11-13 18:27:11,India,Gujarat,Ahmedabad,380007,Asia/Kolkata,GTPL A. J. Enterprise
425,LAPTOP-1MKMTVPM,(0),Information,Successfully scheduled Software Protection service for re-start at 2020-11-13T09:22:07Z. Reason: RulesEngine.,Software Protection Platform Service,2020-11-13 18:27:07,India,Gujarat,Ahmedabad,380007,Asia/Kolkata,GTPL A. J. Enterprise
426,LAPTOP-1MKMTVPM,General,Information,"Video.UI (12528,P,98) {23ED0C5A-0486-45B5-A047-10FEE19AF701}: The database engine (10.00.18363.0000) is starting a new instance (0).",ESENT,2020-11-13 18:18:29,India,Gujarat,Ahmedabad,380007,Asia/Kolkata,GTPL A. J. Enterprise
427,LAPTOP-1MKMTVPM,(0),Information,Successfully scheduled Software Protection service for re-start at 2020-11-13T08:35:38Z. Reason: RulesEngine.,Software Protection Platform Service,2020-11-13 17:42:38,India,Gujarat,Ahmedabad,380007,Asia/Kolkata,GTPL A. J. Enterprise
428,LAPTOP-1MKMTVPM,Logging/Recovery,Information,"Video.UI (14208,R,98) {7F8F40F8-24AE-421E-BE1E-57AF570860FB}: The database engine is initiating recovery steps.",ESENT,2020-11-13 17:37:34,India,Gujarat,Ahmedabad,380007,Asia/Kolkata,GTPL A. J. Enterprise
429,LAPTOP-1MKMTVPM,(0),Information,"The description for Event ID '3' in Source 'iBtSiva' cannot be found.  The local computer may not have the necessary registry information or message DLL files to display the message, or you may not have permission to access them.  The following information is part of the event:'iBtSiva', 'Siva worker elapsed'",iBtSiva,2020-11-13 17:37:09,India,Gujarat,Ahmedabad,380007,Asia/Kolkata,GTPL A. J. Enterprise
430,LAPTOP-1MKMTVPM,(0),Information,"The description for Event ID '0' in Source 'igfxCUIService2.0.0.0' cannot be found.  The local computer may not have the necessary registry information or message DLL files to display the message, or you may not have permission to access them.  The following information is part of the event:' Logoff: 14
'",igfxCUIService2.0.0.0,2020-11-11 06:38:23,India,Gujarat,Ahmedabad,380007,Asia/Kolkata,GTPL A. J. Enterprise
431,LAPTOP-1MKMTVPM,(0),Information,"The description for Event ID '3' in Source 'iBtSiva' cannot be found.  The local computer may not have the necessary registry information or message DLL files to display the message, or you may not have permission to access them.  The following information is part of the event:'iBtSiva', 'Siva worker elapsed'",iBtSiva,2020-11-11 18:01:33,India,Gujarat,Ahmedabad,380007,Asia/Kolkata,GTPL A. J. Enterprise
432,LAPTOP-1MKMTVPM,(0),Information,Offline downlevel migration succeeded.,Software Protection Platform Service,2020-11-10 07:15:57,India,Gujarat,Ahmedabad,380007,Asia/Kolkata,GTPL A. J. Enterprise
433,LAPTOP-1MKMTVPM,(0),Warning,"The rules engine reported a failed VL activation attempt.
Reason:0x8007007B
AppId = 0ff1ce15-a989-479d-af46-f275c6370663, SkuId = 85dd8b5f-eaa4-4af3-a628-cce9e77c9a03
Trigger=TimerEvent",Software Protection Platform Service,2020-11-10 06:38:20,India,Gujarat,Ahmedabad,380007,Asia/Kolkata,GTPL A. J. Enterprise
434,LAPTOP-1MKMTVPM,Logging/Recovery,Error,"svchost (820,R,98) TILEREPOSITORYS-1-5-18: Error -1023 (0xfffffc01) occurred while opening logfile C:\WINDOWS\system32\config\systemprofile\AppData\Local\TileDataLayer\Database\EDB.log.",ESENT,2020-11-10 15:58:00,India,Gujarat,Ahmedabad,380007,Asia/Kolkata,GTPL A. J. Enterprise
435,LAPTOP-1MKMTVPM,(0),Information,"The Software Protection service has completed licensing status check.
Application Id=0ff1ce15-a989-479d-af46-f275c6370663
Licensing Status=
1: d7279dd0-e175-49fe-a623-8fc2fc00afc4, 1, 1 [(0 )(1 )(2 )(3 [0x00000000, 0, 0], [( 6 0xC004F009 5 0)( 1 0x00000000)( 6 0xC004F009 5 0)(?)(?)(?)( 10 0x00000000 msft:rm/algorithm/flags/1.0)( 11 0x00000000 0xC004F009)])]

",Software Protection Platform Service,2020-11-10 15:50:44,India,Gujarat,Ahmedabad,380007,Asia/Kolkata,GTPL A. J. Enterprise
436,LAPTOP-1MKMTVPM,(0),0,Voice Activation - Big Buffer Capture Supported,SpeechRuntime,2020-11-10 15:50:09,India,Gujarat,Ahmedabad,380007,Asia/Kolkata,GTPL A. J. Enterprise
437,LAPTOP-1MKMTVPM,(0),Information,"The description for Event ID '3' in Source 'iBtSiva' cannot be found.  The local computer may not have the necessary registry information or message DLL files to display the message, or you may not have permission to access them.  The following information is part of the event:'iBtSiva', 'Siva worker elapsed'",iBtSiva,2020-11-10 15:49:59,India,Gujarat,Ahmedabad,380007,Asia/Kolkata,GTPL A. J. Enterprise
438,LAPTOP-1MKMTVPM,(0),Warning,"The rules engine reported a failed VL activation attempt.
Reason:0x8007007B
AppId = 0ff1ce15-a989-479d-af46-f275c6370663, SkuId = 85dd8b5f-eaa4-4af3-a628-cce9e77c9a03
Trigger=UserLogon(13)",Software Protection Platform Service,2020-11-10 15:49:10,India,Gujarat,Ahmedabad,380007,Asia/Kolkata,GTPL A. J. Enterprise
439,LAPTOP-1MKMTVPM,(0),Information,Updated Quick Heal AntiVirus Pro status successfully to SECURITY_PRODUCT_STATE_ON.,SecurityCenter,2020-11-10 15:49:01,India,Gujarat,Ahmedabad,380007,Asia/Kolkata,GTPL A. J. Enterprise
440,LAPTOP-1MKMTVPM,(0),Information,The winlogon notification subscriber <SessionEnv> was unavailable to handle a notification event.,Wlclntfy,2020-11-10 18:25:22,India,Gujarat,Ahmedabad,380007,Asia/Kolkata,GTPL A. J. Enterprise
441,LAPTOP-1MKMTVPM,(0),Information,Successfully scheduled Software Protection service for re-start at 2020-11-09T20:19:00Z. Reason: RulesEngine.,Software Protection Platform Service,2020-11-09 17:22:00,India,Gujarat,Ahmedabad,380007,Asia/Kolkata,GTPL A. J. Enterprise
442,LAPTOP-1MKMTVPM,General,Information,"SearchIndexer (12300,D,50) Windows: The log format feature version 8940 (0x22ec - 8.6.20) could not be used due to the current log format 8.5.16, controlled by the parameter 0x410022D8 (8920 | JET_efvAllowHigherPersistedFormat).",ESENT,2020-11-09 15:53:08,India,Gujarat,Ahmedabad,380007,Asia/Kolkata,GTPL A. J. Enterprise
443,LAPTOP-1MKMTVPM,(0),Information,"The description for Event ID '0' in Source 'Firefox Default Browser Agent' cannot be found.  The local computer may not have the necessary registry information or message DLL files to display the message, or you may not have permission to access them.  The following information is part of the event:'INFO - Using HTTP backend wininet.dll'",Firefox Default Browser Agent,2020-11-09 15:36:29,India,Gujarat,Ahmedabad,380007,Asia/Kolkata,GTPL A. J. Enterprise
444,LAPTOP-1MKMTVPM,(0),Warning,"The rules engine reported a failed VL activation attempt.
Reason:0x8007007B
AppId = 0ff1ce15-a989-479d-af46-f275c6370663, SkuId = 85dd8b5f-eaa4-4af3-a628-cce9e77c9a03
Trigger=NetworkAvailable",Software Protection Platform Service,2020-11-09 15:33:39,India,Gujarat,Ahmedabad,380007,Asia/Kolkata,GTPL A. J. Enterprise
445,LAPTOP-1MKMTVPM,(0),Information,Updated Quick Heal Firewall status successfully to SECURITY_PRODUCT_STATE_ON.,SecurityCenter,2020-11-09 15:33:30,India,Gujarat,Ahmedabad,380007,Asia/Kolkata,GTPL A. J. Enterprise
446,LAPTOP-1MKMTVPM,(0),Information,The Desktop Window Manager has registered the session port.,Desktop Window Manager,2020-11-07 08:20:22,India,Gujarat,Ahmedabad,380007,Asia/Kolkata,GTPL A. J. Enterprise
447,LAPTOP-1MKMTVPM,(0),Warning,"The rules engine reported a failed VL activation attempt.
Reason:0x8007007B
AppId = 0ff1ce15-a989-479d-af46-f275c6370663, SkuId = 85dd8b5f-eaa4-4af3-a628-cce9e77c9a03
Trigger=NetworkAvailable",Software Protection Platform Service,2020-11-07 08:18:57,India,Gujarat,Ahmedabad,380007,Asia/Kolkata,GTPL A. J. Enterprise
448,LAPTOP-1MKMTVPM,General,Information,"Video.UI (6804,P,98) {92ACD244-89D5-48AF-85B5-5B3631DCFC7B}: The database engine (10.00.18363.0000) is starting a new instance (0).",ESENT,2020-11-05 15:59:02,India,Gujarat,Ahmedabad,380007,Asia/Kolkata,GTPL A. J. Enterprise
449,LAPTOP-1MKMTVPM,(0),Information,"The Software Protection service is starting.
Parameters:TriggerStarted:6",Software Protection Platform Service,2020-11-13 18:17:13,India,Gujarat,Ahmedabad,380007,Asia/Kolkata,GTPL A. J. Enterprise
450,LAPTOP-1MKMTVPM,(0),Information,"The description for Event ID '0' in Source 'igfxCUIService2.0.0.0' cannot be found.  The local computer may not have the necessary registry information or message DLL files to display the message, or you may not have permission to access them.  The following information is part of the event:'Service started/resumed'",igfxCUIService2.0.0.0,2020-11-13 18:17:08,India,Gujarat,Ahmedabad,380007,Asia/Kolkata,GTPL A. J. Enterprise
451,LAPTOP-1MKMTVPM,(0),Information,Offline downlevel migration succeeded.,Software Protection Platform Service,2020-11-13 17:37:20,India,Gujarat,Ahmedabad,380007,Asia/Kolkata,GTPL A. J. Enterprise
452,LAPTOP-1MKMTVPM,(0),Information,"The description for Event ID '0' in Source 'igfxCUIService2.0.0.0' cannot be found.  The local computer may not have the necessary registry information or message DLL files to display the message, or you may not have permission to access them.  The following information is part of the event:'Received Post Shell Event 15
'",igfxCUIService2.0.0.0,2020-11-13 17:36:10,India,Gujarat,Ahmedabad,380007,Asia/Kolkata,GTPL A. J. Enterprise
453,LAPTOP-1MKMTVPM,(0),Information,The winlogon notification subscriber <WSearch> was unavailable to handle a notification event.,Wlclntfy,2020-11-11 06:38:23,India,Gujarat,Ahmedabad,380007,Asia/Kolkata,GTPL A. J. Enterprise
454,LAPTOP-1MKMTVPM,(0),Information,Successfully scheduled Software Protection service for re-start at 2020-11-10T21:00:40Z. Reason: RulesEngine.,Software Protection Platform Service,2020-11-11 18:26:40,India,Gujarat,Ahmedabad,380007,Asia/Kolkata,GTPL A. J. Enterprise
455,LAPTOP-1MKMTVPM,General,Information,"Video.UI (15612,R,98) {649E60EB-1642-4BB5-B485-C5F763C618F8}: The database [C:\Users\91635\AppData\Local\Packages\Microsoft.ZuneVideo_8wekyb3d8bbwe\LocalState\Database\anonymous\EntClientDb.edb] format version is being held back to 8920 (0x22d8) due to application parameter setting of 0x410022D8 (8920 | JET_efvAllowHigherPersistedFormat). Current default engine version: 9100 (0x238c).",ESENT,2020-11-11 18:01:23,India,Gujarat,Ahmedabad,380007,Asia/Kolkata,GTPL A. J. Enterprise
456,LAPTOP-1MKMTVPM,(0),Information,"The description for Event ID '1' in Source 'iBtSiva' cannot be found.  The local computer may not have the necessary registry information or message DLL files to display the message, or you may not have permission to access them.  The following information is part of the event:'iBtSiva', 'Siva worker starting'",iBtSiva,2020-11-11 18:00:33,India,Gujarat,Ahmedabad,380007,Asia/Kolkata,GTPL A. J. Enterprise
457,LAPTOP-1MKMTVPM,Logging/Recovery,Error,"svchost (12308,R,98) TILEREPOSITORYS-1-5-18: Error -1023 (0xfffffc01) occurred while opening logfile C:\WINDOWS\system32\config\systemprofile\AppData\Local\TileDataLayer\Database\EDB.log.",ESENT,2020-11-10 06:44:00,India,Gujarat,Ahmedabad,380007,Asia/Kolkata,GTPL A. J. Enterprise
458,LAPTOP-1MKMTVPM,Logging/Recovery,Information,"Video.UI (1692,R,98) {A5A2ABB0-317D-4C52-8F2B-FBCA2D1122AE}: Replay of a Create for database ""C:\Users\91635\AppData\Local\Packages\Microsoft.ZuneVideo_8wekyb3d8bbwe\LocalState\Database\anonymous\EntClientDb.edb"" at log position (00000001,0001,0268) was deferred due to AttachFuture.  Additional information:",ESENT,2020-11-10 15:49:58,India,Gujarat,Ahmedabad,380007,Asia/Kolkata,GTPL A. J. Enterprise
459,LAPTOP-1MKMTVPM,(0),Information,Service stopped.,edgeupdate,2020-11-10 15:49:39,India,Gujarat,Ahmedabad,380007,Asia/Kolkata,GTPL A. J. Enterprise
460,LAPTOP-1MKMTVPM,Logging/Recovery,Error,"svchost (3164,R,98) TILEREPOSITORYS-1-5-18: Error -1023 (0xfffffc01) occurred while opening logfile C:\WINDOWS\system32\config\systemprofile\AppData\Local\TileDataLayer\Database\EDB.log.",ESENT,2020-11-09 16:21:01,India,Gujarat,Ahmedabad,380007,Asia/Kolkata,GTPL A. J. Enterprise
461,LAPTOP-1MKMTVPM,(0),Information,Windows Installer reconfigured the product. Product Name: Adobe Acrobat Reader DC. Product Version: 20.013.20064. Product Language: 1033. Manufacturer: Adobe Systems Incorporated. Reconfiguration success or error status: 1602.,MsiInstaller,2020-11-09 15:52:54,India,Gujarat,Ahmedabad,380007,Asia/Kolkata,GTPL A. J. Enterprise
462,LAPTOP-1MKMTVPM,General,Information,"Video.UI (16012,D,50) {078567BE-FEAA-4FD5-AF1B-87867905F588}: The database engine attached a database (1, C:\Users\91635\AppData\Local\Packages\Microsoft.ZuneVideo_8wekyb3d8bbwe\LocalState\Database\anonymous\EntClientDb.edb). (Time=0 seconds)



Saved Cache: 0 0

Additional Data: lgposAttach = 00000001:016C:0268,
dbv = 1568.20.0



Internal Timing Sequence: 
[1] 0.000002 +J(0) +M(C:0K, Fs:0, WS:0K # 0K, PF:64K # 0K, P:64K)
[2] 0.000774 -0.000001 (1) WT +J(0) +M(C:0K, Fs:69, WS:76K # 0K, PF:8K # 0K, P:8K)
[3] 0.005511 -0.000577 (6) WT +J(CM:0, PgRf:0, Rd:0/0, Dy:0/0, Lg:3480/2) +M(C:0K, Fs:59, WS:228K # 0K, PF:28K # 0K, P:28K)
[4] 0.000508 +J(0)
[5] -
[6] -
[7] -
[8] 0.001677 -0.000391 (2) CM +J(CM:2, PgRf:2, Rd:14/2, Dy:0/0, Lg:0/0) +M(C:0K, Fs:12, WS:40K # 0K, PF:120K # 0K, P:120K)
[9] 0.007191 -0.000560 (5) CM -0.006282 (1) WT +J(CM:5, PgRf:23, Rd:0/5, Dy:0/0, Lg:0/0) +M(C:0K, Fs:32, WS:116K # 0K, PF:204K # 0K, P:204K)
[10] 0.000332 -0.000016 (2) CM +J(CM:2, PgRf:40, Rd:0/2, Dy:0/0, Lg:0/0) +M(C:0K, Fs:6, WS:8K # 0K, PF:64K # 0K, P:64K)
[11] 0.000035 +J(CM:0, PgRf:1, Rd:0/0, Dy:0/0, Lg:0/0) +M(C:0K, Fs:3, WS:12K # 0K, PF:0K # 0K, P:0K)
[12] 0.000122 +J(CM:0, PgRf:42, Rd:0/0, Dy:0/0, Lg:0/0) +M(C:0K, Fs:3, WS:12K # 0K, PF:0K # 0K, P:0K)
[13] 0.000002 +J(0)
[14] 0.000002 +J(0)
[15] 0.000015 +J(CM:0, PgRf:1, Rd:0/0, Dy:0/0, Lg:0/0).",ESENT,2020-11-07 17:42:07,India,Gujarat,Ahmedabad,380007,Asia/Kolkata,GTPL A. J. Enterprise
463,LAPTOP-1MKMTVPM,Logging/Recovery,Information,"Video.UI (16012,U,98) {078567BE-FEAA-4FD5-AF1B-87867905F588}: The database engine has successfully completed recovery steps.",ESENT,2020-11-07 17:42:07,India,Gujarat,Ahmedabad,380007,Asia/Kolkata,GTPL A. J. Enterprise
464,LAPTOP-1MKMTVPM,General,Information,"Video.UI (16012,P,98) {078567BE-FEAA-4FD5-AF1B-87867905F588}: The database engine (10.00.18363.0000) is starting a new instance (0).",ESENT,2020-11-07 17:42:06,India,Gujarat,Ahmedabad,380007,Asia/Kolkata,GTPL A. J. Enterprise
465,LAPTOP-1MKMTVPM,(0),Information,The Desktop Window Manager has registered the session port.,Desktop Window Manager,2020-11-06 17:59:04,India,Gujarat,Ahmedabad,380007,Asia/Kolkata,GTPL A. J. Enterprise
466,LAPTOP-1MKMTVPM,Logging/Recovery,Error,"svchost (2080,R,98) TILEREPOSITORYS-1-5-18: Error -1023 (0xfffffc01) occurred while opening logfile C:\WINDOWS\system32\config\systemprofile\AppData\Local\TileDataLayer\Database\EDB.log.",ESENT,2020-11-06 17:47:56,India,Gujarat,Ahmedabad,380007,Asia/Kolkata,GTPL A. J. Enterprise
467,LAPTOP-1MKMTVPM,General,Information,"Video.UI (1572,D,0) {4388FFF2-EF10-41A4-9256-507F9716D352}: The database engine started a new instance (0). (Time=0 seconds)



Additional Data:

lgposV2[] = 00000001:0162:0000 - 00000001:0163:039F - 00000001:0164:0000 - 00000001:0164:0000 (00000000:0000:0000)
cReInits = 72




Internal Timing Sequence: 
[1] 0.001615 +J(0) +M(C:0K, Fs:344, WS:1352K # 1352K, PF:3252K # 3252K, P:3252K)
[2] 0.000701 +J(0) +M(C:0K, Fs:180, WS:716K # 716K, PF:360K # 360K, P:360K)
[3] 0.000032 +J(0) +M(C:0K, Fs:9, WS:32K # 32K, PF:72K # 72K, P:72K)
[4] 0.000292 +J(0) +M(C:0K, Fs:51, WS:192K # 192K, PF:80K # 104K, P:80K)
[5] 0.002352 +J(0) +M(C:0K, Fs:273, WS:1080K # 1080K, PF:112K # 88K, P:112K)
[6] 0.002186 +J(0) +M(C:0K, Fs:418, WS:1668K # 1668K, PF:168K # 168K, P:168K)
[7] 0.003670 -0.000017 (9) WT +J(0) +M(C:0K, Fs:858, WS:3428K # 3428K, PF:2144K # 2144K, P:2144K)
[8] 0.148204 -0.001520 (88) WT +J(CM:0, PgRf:0, Rd:0/0, Dy:0/0, Lg:1439456/5490) +M(C:0K, Fs:9452, WS:14296K # 14296K, PF:4672K # 4676K, P:4672K)
[9] 0.000838 +J(0) +M(C:0K, Fs:7, WS:28K # 28K, PF:0K # 0K, P:0K)
[10] 0.003170 -0.000015 (8) WT +J(0) +M(C:0K, Fs:21, WS:-1960K # 68K, PF:-2028K # 12K, P:-2028K)
[11] 0.000053 +J(CM:0, PgRf:0, Rd:0/0, Dy:0/0, Lg:49/1) +M(C:0K, Fs:2, WS:8K # 0K, PF:0K # 0K, P:0K)
[12] 0.005167 -0.005089 (1) WT +J(0) +M(C:0K, Fs:66, WS:260K # 0K, PF:20K # 0K, P:20K)
[13] 0.031194 -0.000813 (2) CM -0.008050 (28) WT +J(CM:2, PgRf:2, Rd:0/2, Dy:0/0, Lg:8759/5) +M(C:0K, Fs:890, WS:1024K # 1284K, PF:-20K # 8K, P:-20K)
[14] 0.000041 +J(0)
[15] 0.000028 +J(0)
[16] 0.000873 -0.000002 (1) WT +J(0) +M(C:0K, Fs:3, WS:4K # 0K, PF:8K # 0K, P:8K).",ESENT,2020-11-06 17:36:54,India,Gujarat,Ahmedabad,380007,Asia/Kolkata,GTPL A. J. Enterprise
468,LAPTOP-1MKMTVPM,General,Information,"Video.UI (6804,D,50) {92ACD244-89D5-48AF-85B5-5B3631DCFC7B}: The database engine attached a database (1, C:\Users\91635\AppData\Local\Packages\Microsoft.ZuneVideo_8wekyb3d8bbwe\LocalState\Database\anonymous\EntClientDb.edb). (Time=0 seconds)



Saved Cache: 0 0

Additional Data: lgposAttach = 00000001:0163:0268,
dbv = 1568.20.0



Internal Timing Sequence: 
[1] 0.000005 +J(0)
[2] 0.000687 -0.000001 (1) WT +J(0) +M(C:0K, Fs:51, WS:124K # 0K, PF:24K # 0K, P:24K)
[3] 0.004569 -0.000700 (6) WT +J(CM:0, PgRf:0, Rd:0/0, Dy:0/0, Lg:3480/2) +M(C:0K, Fs:176, WS:684K # 0K, PF:104K # 0K, P:104K)
[4] 0.000320 +J(0) +M(C:0K, Fs:6, WS:24K # 0K, PF:4K # 0K, P:4K)
[5] -
[6] -
[7] -
[8] 0.001286 -0.000287 (2) CM +J(CM:2, PgRf:2, Rd:14/2, Dy:0/0, Lg:0/0) +M(C:0K, Fs:62, WS:240K # 0K, PF:212K # 0K, P:212K)
[9] 0.004388 -0.000018 (5) CM -0.004169 (1) WT +J(CM:5, PgRf:23, Rd:0/5, Dy:0/0, Lg:0/0) +M(C:0K, Fs:137, WS:536K # 0K, PF:260K # 0K, P:260K)
[10] 0.000075 -0.000003 (1) CM +J(CM:1, PgRf:40, Rd:0/1, Dy:0/0, Lg:0/0) +M(C:0K, Fs:4, WS:8K # 0K, PF:64K # 0K, P:64K)
[11] 0.000012 +J(CM:0, PgRf:1, Rd:0/0, Dy:0/0, Lg:0/0) +M(C:0K, Fs:3, WS:12K # 0K, PF:0K # 0K, P:0K)
[12] 0.000035 +J(CM:0, PgRf:42, Rd:0/0, Dy:0/0, Lg:0/0) +M(C:0K, Fs:3, WS:12K # 0K, PF:0K # 0K, P:0K)
[13] 0.0 +J(0)
[14] 0.0 +J(0)
[15] 0.000004 +J(CM:0, PgRf:1, Rd:0/0, Dy:0/0, Lg:0/0).",ESENT,2020-11-05 15:59:02,India,Gujarat,Ahmedabad,380007,Asia/Kolkata,GTPL A. J. Enterprise
469,LAPTOP-1MKMTVPM,General,Information,"Video.UI (6804,D,50) {92ACD244-89D5-48AF-85B5-5B3631DCFC7B}: The database [C:\Users\91635\AppData\Local\Packages\Microsoft.ZuneVideo_8wekyb3d8bbwe\LocalState\Database\anonymous\EntClientDb.edb] format version is being held back to 8920 (0x22d8) due to application parameter setting of 0x410022D8 (8920 | JET_efvAllowHigherPersistedFormat). Current default engine version: 9100 (0x238c).",ESENT,2020-11-05 15:59:02,India,Gujarat,Ahmedabad,380007,Asia/Kolkata,GTPL A. J. Enterprise
470,LAPTOP-1MKMTVPM,Logging/Recovery,Information,"Video.UI (6804,R,98) {92ACD244-89D5-48AF-85B5-5B3631DCFC7B}: The database engine has finished replaying logfile C:\Users\91635\AppData\Local\Packages\Microsoft.ZuneVideo_8wekyb3d8bbwe\LocalState\Database\anonymous\edb.log.



Processing Stats: 
[1] 0.069416 -0.000984 (81) WT +J(CM:0, PgRf:0, Rd:0/0, Dy:0/0, Lg:1427288/5482) +M(C:0K, Fs:7225, WS:7484K # 7468K, PF:1404K # 1412K, P:1404K).

Log record of type 'Insert   ' was seen most frequently (1873 times)",ESENT,2020-11-05 15:59:02,India,Gujarat,Ahmedabad,380007,Asia/Kolkata,GTPL A. J. Enterprise
471,LAPTOP-1MKMTVPM,(0),Information,Updated Quick Heal AntiVirus Pro status successfully to SECURITY_PRODUCT_STATE_ON.,SecurityCenter,2020-11-05 15:30:18,India,Gujarat,Ahmedabad,380007,Asia/Kolkata,GTPL A. J. Enterprise
472,LAPTOP-1MKMTVPM,General,Information,"Video.UI (8664,R,98) {C03C4D6F-050B-4525-B0C6-4AED816B936F}: The database [C:\Users\91635\AppData\Local\Packages\Microsoft.ZuneVideo_8wekyb3d8bbwe\LocalState\Database\anonymous\EntClientDb.edb] format version is being held back to 8920 (0x22d8) due to application parameter setting of 0x410022D8 (8920 | JET_efvAllowHigherPersistedFormat). Current default engine version: 9100 (0x238c).",ESENT,2020-11-05 15:28:30,India,Gujarat,Ahmedabad,380007,Asia/Kolkata,GTPL A. J. Enterprise
473,LAPTOP-1MKMTVPM,(0),Warning,"The rules engine reported a failed VL activation attempt.
Reason:0x8007007B
AppId = 0ff1ce15-a989-479d-af46-f275c6370663, SkuId = 85dd8b5f-eaa4-4af3-a628-cce9e77c9a03
Trigger=UserLogon(1)",Software Protection Platform Service,2020-11-13 18:17:28,India,Gujarat,Ahmedabad,380007,Asia/Kolkata,GTPL A. J. Enterprise
474,LAPTOP-1MKMTVPM,(0),Information,"The Software Protection service has completed licensing status check.
Application Id=0ff1ce15-a989-479d-af46-f275c6370663
Licensing Status=
1: d7279dd0-e175-49fe-a623-8fc2fc00afc4, 1, 1 [(0 )(1 )(2 )(3 [0x00000000, 0, 0], [( 6 0xC004F009 5 0)( 1 0x00000000)( 6 0xC004F009 5 0)(?)(?)(?)( 10 0x00000000 msft:rm/algorithm/flags/1.0)( 11 0x00000000 0xC004F009)])]

",Software Protection Platform Service,2020-11-13 06:38:52,India,Gujarat,Ahmedabad,380007,Asia/Kolkata,GTPL A. J. Enterprise
475,LAPTOP-1MKMTVPM,Logging/Recovery,Information,"SearchIndexer (9564,R,98) Windows: The database engine has finished replaying logfile C:\ProgramData\Microsoft\Search\Data\Applications\Windows\edb00023.jtx.



Processing Stats: 
[1] 0.081437 -0.015124 (38) CM -0.003643 (7) WT +J(CM:38, PgRf:3858, Rd:0/38, Dy:38/8800, Lg:1020626/11916) +M(C:0K, Fs:781, WS:2204K # 2116K, PF:2092K # 1996K, P:2092K).

Log record of type 'Commit   ' was seen most frequently (2889 times)",ESENT,2020-11-13 18:17:26,India,Gujarat,Ahmedabad,380007,Asia/Kolkata,GTPL A. J. Enterprise
476,LAPTOP-1MKMTVPM,General,Information,"SearchIndexer (9564,R,98) Windows: The database [C:\ProgramData\Microsoft\Search\Data\Applications\Windows\Windows.edb] format version is being held back to 8920 (0x22d8) due to application parameter setting of 0x410022D8 (8920 | JET_efvAllowHigherPersistedFormat). Current default engine version: 9100 (0x238c).",ESENT,2020-11-13 18:17:26,India,Gujarat,Ahmedabad,380007,Asia/Kolkata,GTPL A. J. Enterprise
477,LAPTOP-1MKMTVPM,(0),Information,"The description for Event ID '0' in Source 'igfxCUIService2.0.0.0' cannot be found.  The local computer may not have the necessary registry information or message DLL files to display the message, or you may not have permission to access them.  The following information is part of the event:'Log on event received User1
'",igfxCUIService2.0.0.0,2020-11-13 18:17:24,India,Gujarat,Ahmedabad,380007,Asia/Kolkata,GTPL A. J. Enterprise
478,LAPTOP-1MKMTVPM,(0),Information,"The description for Event ID '1073746449' in Source 'EventSystem' cannot be found.  The local computer may not have the necessary registry information or message DLL files to display the message, or you may not have permission to access them.  The following information is part of the event:'86400', 'SuppressDuplicateDuration', 'Software\Microsoft\EventSystem\EventLog'",EventSystem,2020-11-13 18:17:08,India,Gujarat,Ahmedabad,380007,Asia/Kolkata,GTPL A. J. Enterprise
479,LAPTOP-1MKMTVPM,(0),Information,Updated Quick Heal Firewall status successfully to SECURITY_PRODUCT_STATE_ON.,SecurityCenter,2020-11-13 18:13:42,India,Gujarat,Ahmedabad,380007,Asia/Kolkata,GTPL A. J. Enterprise
480,LAPTOP-1MKMTVPM,(0),Information,Successfully scheduled Software Protection service for re-start at 2020-11-13T08:36:02Z. Reason: RulesEngine.,Software Protection Platform Service,2020-11-13 17:45:00,India,Gujarat,Ahmedabad,380007,Asia/Kolkata,GTPL A. J. Enterprise
481,LAPTOP-1MKMTVPM,(0),Information,"The description for Event ID '0' in Source 'gupdate' cannot be found.  The local computer may not have the necessary registry information or message DLL files to display the message, or you may not have permission to access them.  The following information is part of the event:'Service stopped'",gupdate,2020-11-13 17:37:25,India,Gujarat,Ahmedabad,380007,Asia/Kolkata,GTPL A. J. Enterprise
482,LAPTOP-1MKMTVPM,(0),0,Voice Activation - Big Buffer Capture Supported,SpeechRuntime,2020-11-11 18:01:35,India,Gujarat,Ahmedabad,380007,Asia/Kolkata,GTPL A. J. Enterprise
483,LAPTOP-1MKMTVPM,Logging/Recovery,Information,"Video.UI (15612,U,98) {649E60EB-1642-4BB5-B485-C5F763C618F8}: The database engine has successfully completed recovery steps.",ESENT,2020-11-11 18:01:23,India,Gujarat,Ahmedabad,380007,Asia/Kolkata,GTPL A. J. Enterprise
484,LAPTOP-1MKMTVPM,(0),Information,"The description for Event ID '0' in Source 'igfxCUIService2.0.0.0' cannot be found.  The local computer may not have the necessary registry information or message DLL files to display the message, or you may not have permission to access them.  The following information is part of the event:' Logoff: Test
'",igfxCUIService2.0.0.0,2020-11-10 07:16:20,India,Gujarat,Ahmedabad,380007,Asia/Kolkata,GTPL A. J. Enterprise
485,LAPTOP-1MKMTVPM,General,Information,"SearchIndexer (12300,D,50) Windows: The database [C:\ProgramData\Microsoft\Search\Data\Applications\Windows\Windows.edb] format version is being held back to 8920 (0x22d8) due to application parameter setting of 0x410022D8 (8920 | JET_efvAllowHigherPersistedFormat). Current default engine version: 9100 (0x238c).",ESENT,2020-11-09 15:53:08,India,Gujarat,Ahmedabad,380007,Asia/Kolkata,GTPL A. J. Enterprise
486,LAPTOP-1MKMTVPM,General,Information,"SearchIndexer (12300,P,98) Windows: The database engine (10.00.18363.0000) is starting a new instance (0).",ESENT,2020-11-09 15:53:08,India,Gujarat,Ahmedabad,380007,Asia/Kolkata,GTPL A. J. Enterprise
487,LAPTOP-1MKMTVPM,Search service,Information,"Windows Search Service stopped normally.
",Windows Search Service,2020-11-09 15:53:03,India,Gujarat,Ahmedabad,380007,Asia/Kolkata,GTPL A. J. Enterprise
488,LAPTOP-1MKMTVPM,(0),Information,Successfully scheduled Software Protection service for re-start at 2020-11-09T18:33:09Z. Reason: RulesEngine.,Software Protection Platform Service,2020-11-09 15:34:09,India,Gujarat,Ahmedabad,380007,Asia/Kolkata,GTPL A. J. Enterprise
489,LAPTOP-1MKMTVPM,(0),Information,Updated Quick Heal AntiVirus Pro status successfully to SECURITY_PRODUCT_STATE_ON.,SecurityCenter,2020-11-09 15:33:30,India,Gujarat,Ahmedabad,380007,Asia/Kolkata,GTPL A. J. Enterprise
490,LAPTOP-1MKMTVPM,(0),Information,Offline downlevel migration succeeded.,Software Protection Platform Service,2020-11-07 07:13:04,India,Gujarat,Ahmedabad,380007,Asia/Kolkata,GTPL A. J. Enterprise
491,LAPTOP-1MKMTVPM,(0),Information,Offline downlevel migration succeeded.,Software Protection Platform Service,2020-11-07 17:35:00,India,Gujarat,Ahmedabad,380007,Asia/Kolkata,GTPL A. J. Enterprise
492,LAPTOP-1MKMTVPM,(0),Information,"The description for Event ID '3' in Source 'iBtSiva' cannot be found.  The local computer may not have the necessary registry information or message DLL files to display the message, or you may not have permission to access them.  The following information is part of the event:'iBtSiva', 'Siva worker elapsed'",iBtSiva,2020-11-07 17:31:10,India,Gujarat,Ahmedabad,380007,Asia/Kolkata,GTPL A. J. Enterprise
493,LAPTOP-1MKMTVPM,(0),Warning,"The rules engine reported a failed VL activation attempt.
Reason:0x8007267C
AppId = 0ff1ce15-a989-479d-af46-f275c6370663, SkuId = 85dd8b5f-eaa4-4af3-a628-cce9e77c9a03
Trigger=UserLogon(11)",Software Protection Platform Service,2020-11-07 17:30:12,India,Gujarat,Ahmedabad,380007,Asia/Kolkata,GTPL A. J. Enterprise
494,LAPTOP-1MKMTVPM,(0),Information,Updated Quick Heal AntiVirus Pro status successfully to SECURITY_PRODUCT_STATE_ON.,SecurityCenter,2020-11-07 17:30:10,India,Gujarat,Ahmedabad,380007,Asia/Kolkata,GTPL A. J. Enterprise
495,LAPTOP-1MKMTVPM,(0),Information,"The description for Event ID '1' in Source 'iBtSiva' cannot be found.  The local computer may not have the necessary registry information or message DLL files to display the message, or you may not have permission to access them.  The following information is part of the event:'iBtSiva', 'Siva worker starting'",iBtSiva,2020-11-07 17:30:09,India,Gujarat,Ahmedabad,380007,Asia/Kolkata,GTPL A. J. Enterprise
496,LAPTOP-1MKMTVPM,(0),Information,The winlogon notification subscriber <SessionEnv> was unavailable to handle a notification event.,Wlclntfy,2020-11-06 17:59:05,India,Gujarat,Ahmedabad,380007,Asia/Kolkata,GTPL A. J. Enterprise
497,LAPTOP-1MKMTVPM,(0),Information,Updated Quick Heal Firewall status successfully to SECURITY_PRODUCT_STATE_ON.,SecurityCenter,2020-11-13 18:19:11,India,Gujarat,Ahmedabad,380007,Asia/Kolkata,GTPL A. J. Enterprise
498,LAPTOP-1MKMTVPM,(0),0,Voice Activation - Big Buffer Capture Supported,SpeechRuntime,2020-11-13 18:19:00,India,Gujarat,Ahmedabad,380007,Asia/Kolkata,GTPL A. J. Enterprise
499,LAPTOP-1MKMTVPM,General,Information,"Video.UI (12528,D,50) {23ED0C5A-0486-45B5-A047-10FEE19AF701}: The database engine attached a database (1, C:\Users\91635\AppData\Local\Packages\Microsoft.ZuneVideo_8wekyb3d8bbwe\LocalState\Database\anonymous\EntClientDb.edb). (Time=0 seconds)



Saved Cache: 0 0

Additional Data: lgposAttach = 00000001:017B:0268,
dbv = 1568.20.0



Internal Timing Sequence: 
[1] 0.000007 +J(0)
[2] 0.001341 -0.000002 (1) WT +J(0) +M(C:0K, Fs:32, WS:64K # 0K, PF:16K # 0K, P:16K)
[3] 0.038802 -0.030547 (6) WT +J(CM:0, PgRf:0, Rd:0/0, Dy:0/0, Lg:3480/2) +M(C:0K, Fs:94, WS:364K # 0K, PF:36K # 0K, P:36K)
[4] 0.000533 +J(0) +M(C:0K, Fs:3, WS:12K # 0K, PF:0K # 0K, P:0K)
[5] -
[6] -
[7] -
[8] 0.002286 -0.000541 (2) CM +J(CM:2, PgRf:2, Rd:14/2, Dy:0/0, Lg:0/0) +M(C:0K, Fs:72, WS:280K # 0K, PF:168K # 0K, P:168K)
[9] 0.062441 -0.025061 (5) CM -0.036814 (1) WT +J(CM:5, PgRf:23, Rd:0/5, Dy:0/0, Lg:0/0) +M(C:0K, Fs:461, WS:1808K # 592K, PF:900K # 0K, P:900K)
[10] 0.000381 -0.000019 (2) CM +J(CM:2, PgRf:40, Rd:0/2, Dy:0/0, Lg:0/0) +M(C:0K, Fs:9, WS:20K # 20K, PF:68K # 0K, P:68K)
[11] 0.000037 +J(CM:0, PgRf:1, Rd:0/0, Dy:0/0, Lg:0/0) +M(C:0K, Fs:3, WS:12K # 12K, PF:0K # 0K, P:0K)
[12] 0.000125 +J(CM:0, PgRf:42, Rd:0/0, Dy:0/0, Lg:0/0) +M(C:0K, Fs:3, WS:12K # 12K, PF:0K # 0K, P:0K)
[13] 0.000003 +J(0)
[14] 0.000002 +J(0)
[15] 0.000016 +J(CM:0, PgRf:1, Rd:0/0, Dy:0/0, Lg:0/0).",ESENT,2020-11-13 18:18:30,India,Gujarat,Ahmedabad,380007,Asia/Kolkata,GTPL A. J. Enterprise
500,LAPTOP-1MKMTVPM,General,Information,"Video.UI (12528,D,50) {23ED0C5A-0486-45B5-A047-10FEE19AF701}: The log format feature version 8940 (0x22ec - 8.6.20) could not be used due to the current log format 8.5.16, controlled by the parameter 0x410022D8 (8920 | JET_efvAllowHigherPersistedFormat).",ESENT,2020-11-13 18:18:29,India,Gujarat,Ahmedabad,380007,Asia/Kolkata,GTPL A. J. Enterprise
